frame,timestamp,emotion,ear_avg_raw,mar_raw,smile_coeff_raw,mouth_width_raw,brow_dist_raw,mouth_asymmetry_raw,upper_lip_raise_raw,ear_avg_smooth,mar_smooth,smile_coeff_smooth,mouth_width_smooth,brow_dist_smooth,mouth_asymmetry_smooth,upper_lip_raise_smooth
1,1777810847512,Neutral,0.29005,0.00214,-0.00638,0.33682,0.13452,1e-05,0.08665,0.29005,0.00214,-0.00638,0.33682,0.13452,1e-05,0.08665
2,1777810847613,Neutral,0.29355,0.00161,-0.00329,0.3436,0.13344,0.00374,0.0835,0.2911,0.00198,-0.00545,0.33886,0.13419,0.00113,0.08571
3,1777810847681,Neutral,0.29976,0.00161,-0.00201,0.34398,0.13199,0.0054,0.08289,0.2937,0.00187,-0.00442,0.34039,0.13353,0.00241,0.08486
4,1777810847746,Neutral,0.3038,0.00167,-0.00152,0.34573,0.13074,0.00598,0.08295,0.29673,0.00181,-0.00355,0.34199,0.1327,0.00348,0.08429
5,1777810847812,Neutral,0.30591,0.0019,-0.00142,0.34587,0.1306,0.0059,0.08263,0.29948,0.00184,-0.00291,0.34316,0.13207,0.00421,0.08379
6,1777810847846,Neutral,0.30664,0.00197,-0.00122,0.34582,0.13052,0.00548,0.08251,0.30163,0.00188,-0.0024,0.34396,0.1316,0.00459,0.08341
7,1777810847879,Neutral,0.30763,0.00193,-0.00099,0.34537,0.13043,0.00463,0.08222,0.30343,0.00189,-0.00198,0.34438,0.13125,0.0046,0.08305
8,1777810847945,Neutral,0.30807,0.00187,-0.00087,0.34448,0.13049,0.00384,0.08229,0.30482,0.00188,-0.00164,0.34441,0.13102,0.00437,0.08282
9,1777810847979,Neutral,0.30815,0.00202,-0.00068,0.34395,0.13033,0.0043,0.08282,0.30582,0.00192,-0.00136,0.34427,0.13081,0.00435,0.08282
10,1777810848012,Neutral,0.30859,0.00202,-0.00055,0.34354,0.13013,0.00433,0.0829,0.30665,0.00195,-0.00111,0.34405,0.13061,0.00435,0.08284
11,1777810848079,Neutral,0.30966,0.00216,-0.00075,0.3436,0.12959,0.00369,0.08277,0.30755,0.00202,-0.001,0.34392,0.13031,0.00415,0.08282
12,1777810848113,Neutral,0.31249,0.00203,-0.00061,0.34248,0.12644,0.00321,0.08283,0.30903,0.00202,-0.00089,0.34349,0.12914,0.00387,0.08282
13,1777810848179,Neutral,0.33215,0.00182,-0.00037,0.34098,0.12216,0.00354,0.08373,0.31597,0.00196,-0.00073,0.34273,0.12705,0.00377,0.0831
14,1777810848245,Neutral,0.34039,0.00184,-0.00072,0.33979,0.12049,0.00366,0.08373,0.3233,0.00192,-0.00073,0.34185,0.12508,0.00374,0.08329
15,1777810848279,Neutral,0.34214,0.00181,-0.00066,0.33973,0.11941,0.00387,0.08376,0.32895,0.00189,-0.00071,0.34121,0.12338,0.00378,0.08343
16,1777810848313,Sad,0.34676,0.00189,-0.00071,0.34005,0.11818,0.00415,0.08362,0.33429,0.00189,-0.00071,0.34087,0.12182,0.00389,0.08349
17,1777810848347,Sad,0.35242,0.00185,-0.00068,0.34008,0.11738,0.00444,0.08353,0.33973,0.00188,-0.0007,0.34063,0.12049,0.00405,0.0835
18,1777810848411,Sad,0.35593,0.00186,-0.00102,0.34066,0.11692,0.00477,0.0833,0.34459,0.00187,-0.0008,0.34064,0.11942,0.00427,0.08344
19,1777810848445,Sad,0.35652,0.00184,-0.00112,0.3406,0.11673,0.0048,0.08335,0.34817,0.00186,-0.00089,0.34063,0.11861,0.00443,0.08341
20,1777810848478,Sad,0.35621,0.00185,-0.00124,0.34023,0.11659,0.00491,0.08341,0.35058,0.00186,-0.001,0.34051,0.118,0.00457,0.08341
21,1777810848512,Sad,0.35589,0.00183,-0.00121,0.34017,0.11655,0.00499,0.08346,0.35217,0.00185,-0.00106,0.34041,0.11757,0.0047,0.08343
22,1777810848546,Sad,0.35664,0.00178,-0.00124,0.33976,0.11636,0.00504,0.08362,0.35351,0.00183,-0.00112,0.34021,0.11721,0.0048,0.08349
23,1777810848580,Sad,0.35654,0.00174,-0.00116,0.33975,0.11627,0.00499,0.08365,0.35442,0.0018,-0.00113,0.34007,0.11692,0.00486,0.08354
24,1777810848646,Sad,0.3572,0.00176,-0.00112,0.33985,0.11605,0.00479,0.08358,0.35525,0.00179,-0.00113,0.34001,0.11666,0.00484,0.08355
25,1777810848711,Sad,0.35941,0.00179,-0.00104,0.33965,0.11563,0.00456,0.08387,0.3565,0.00179,-0.0011,0.3399,0.11635,0.00475,0.08365
26,1777810848779,Sad,0.35926,0.0018,-0.00107,0.3395,0.11566,0.00455,0.08402,0.35733,0.00179,-0.00109,0.33978,0.11614,0.00469,0.08376
27,1777810848844,Sad,0.35849,0.00179,-0.00108,0.33892,0.1157,0.00458,0.08406,0.35768,0.00179,-0.00109,0.33952,0.11601,0.00466,0.08385
28,1777810848878,Sad,0.35847,0.00179,-0.00105,0.33882,0.11566,0.00454,0.08399,0.35792,0.00179,-0.00108,0.33931,0.11591,0.00462,0.08389
29,1777810848945,Sad,0.35827,0.0018,-0.00092,0.33884,0.11567,0.00495,0.0839,0.35802,0.00179,-0.00103,0.33917,0.11584,0.00472,0.08389
30,1777810849014,Sad,0.35947,0.00186,-0.00078,0.33863,0.11549,0.00454,0.08352,0.35846,0.00181,-0.00096,0.33901,0.11573,0.00467,0.08378
31,1777810849047,Sad,0.35974,0.0019,-0.00082,0.33857,0.1154,0.0043,0.08336,0.35884,0.00184,-0.00091,0.33888,0.11563,0.00456,0.08366
32,1777810849113,Sad,0.35885,0.00195,-0.00112,0.33843,0.1155,0.00407,0.08365,0.35884,0.00187,-0.00098,0.33874,0.11559,0.00441,0.08365
33,1777810849146,Sad,0.3588,0.0019,-0.00116,0.33844,0.11549,0.00388,0.0839,0.35883,0.00188,-0.00103,0.33865,0.11556,0.00425,0.08373
34,1777810849179,Sad,0.35871,0.00184,-0.00125,0.33833,0.11541,0.00369,0.08375,0.3588,0.00187,-0.0011,0.33855,0.11552,0.00408,0.08374
35,1777810849213,Sad,0.35893,0.00184,-0.00124,0.33871,0.11537,0.0039,0.08382,0.35884,0.00186,-0.00114,0.3386,0.11547,0.00403,0.08376
36,1777810849279,Sad,0.35938,0.00192,-0.00112,0.33897,0.11531,0.00405,0.08389,0.359,0.00188,-0.00113,0.33871,0.11542,0.00404,0.0838
37,1777810849346,Sad,0.35981,0.00194,-0.00112,0.33886,0.11523,0.00389,0.08391,0.35924,0.0019,-0.00113,0.33876,0.11537,0.00399,0.08383
38,1777810849379,Sad,0.35984,0.00196,-0.00111,0.33886,0.11526,0.00391,0.08384,0.35942,0.00192,-0.00112,0.33879,0.11533,0.00397,0.08383
39,1777810849445,Sad,0.36153,0.00196,-0.00112,0.33891,0.11522,0.00409,0.08375,0.36005,0.00193,-0.00112,0.33883,0.1153,0.004,0.08381
40,1777810849480,Sad,0.36211,0.00196,-0.00114,0.33881,0.11516,0.00414,0.08378,0.36067,0.00194,-0.00113,0.33882,0.11526,0.00404,0.0838
41,1777810849514,Sad,0.36313,0.00195,-0.00128,0.3388,0.11497,0.00442,0.08379,0.36141,0.00194,-0.00117,0.33881,0.11517,0.00416,0.08379
42,1777810849579,Sad,0.36233,0.00204,-0.00226,0.33988,0.11504,0.00371,0.08357,0.36169,0.00197,-0.0015,0.33914,0.11513,0.00402,0.08373
43,1777810849613,Sad,0.3611,0.00241,-0.00291,0.34186,0.11512,0.00284,0.0832,0.36151,0.0021,-0.00192,0.33995,0.11513,0.00367,0.08357
44,1777810849646,Sad,0.35985,0.00373,-0.00387,0.34469,0.1151,0.00231,0.08196,0.36101,0.00259,-0.00251,0.34137,0.11512,0.00326,0.08308
45,1777810849680,Sad,0.35776,0.00504,-0.00545,0.34834,0.11552,0.00146,0.08034,0.36004,0.00332,-0.00339,0.34346,0.11524,0.00272,0.08226
46,1777810849714,Sad,0.358,0.00617,-0.0066,0.35169,0.11518,0.00135,0.07823,0.35943,0.00418,-0.00435,0.34593,0.11522,0.00231,0.08105
47,1777810849747,Sad,0.35689,0.00655,-0.00718,0.35466,0.11514,0.00125,0.07697,0.35866,0.00489,-0.0052,0.34855,0.1152,0.00199,0.07983
48,1777810849780,Sad,0.35483,0.00654,-0.00767,0.35615,0.11529,0.00116,0.07629,0.35751,0.00539,-0.00594,0.35083,0.11523,0.00174,0.07877
49,1777810849813,Sad,0.35244,0.0066,-0.00812,0.35695,0.11566,0.00124,0.07576,0.35599,0.00575,-0.00659,0.35267,0.11536,0.00159,0.07787
50,1777810849879,Sad,0.3557,0.00689,-0.00865,0.35684,0.11561,0.00125,0.07474,0.3559,0.00609,-0.00721,0.35392,0.11543,0.00149,0.07693
51,1777810849913,Sad,0.35933,0.00696,-0.00887,0.35666,0.11551,0.00133,0.07335,0.35693,0.00635,-0.00771,0.35474,0.11546,0.00144,0.07586
52,1777810849946,Sad,0.36111,0.00714,-0.00893,0.35651,0.1149,0.00123,0.07225,0.35818,0.00659,-0.00807,0.35527,0.11529,0.00138,0.07477
53,1777810849980,Sad,0.3607,0.00691,-0.00915,0.3569,0.11506,0.00183,0.0717,0.35894,0.00669,-0.0084,0.35576,0.11522,0.00151,0.07385
54,1777810850046,Sad,0.36143,0.0068,-0.00955,0.357,0.11532,0.00258,0.07165,0.35969,0.00672,-0.00874,0.35613,0.11525,0.00183,0.07319
55,1777810850079,Sad,0.35994,0.00652,-0.00938,0.35715,0.1155,0.00246,0.07191,0.35976,0.00666,-0.00893,0.35644,0.11533,0.00202,0.07281
56,1777810850113,Sad,0.35906,0.00604,-0.00898,0.35667,0.11557,0.0024,0.07226,0.35955,0.00648,-0.00895,0.35651,0.1154,0.00214,0.07264
57,1777810850180,Sad,0.35868,0.00593,-0.0086,0.35668,0.11514,0.00322,0.07283,0.35929,0.00631,-0.00884,0.35656,0.11532,0.00246,0.0727
58,1777810850214,Sad,0.35778,0.00597,-0.00807,0.35661,0.11517,0.00359,0.07319,0.35884,0.00621,-0.00861,0.35658,0.11528,0.0028,0.07285
59,1777810850279,Sad,0.35597,0.00576,-0.00769,0.3557,0.11531,0.00347,0.07393,0.35798,0.00607,-0.00834,0.35631,0.11529,0.003,0.07317
60,1777810850313,Sad,0.35633,0.00555,-0.00772,0.35521,0.11524,0.00316,0.07413,0.35748,0.00591,-0.00815,0.35598,0.11527,0.00305,0.07346
61,1777810850379,Sad,0.35863,0.00512,-0.00765,0.35472,0.11518,0.00282,0.07429,0.35783,0.00568,-0.008,0.3556,0.11524,0.00298,0.07371
62,1777810850413,Sad,0.35906,0.00513,-0.00768,0.35423,0.11519,0.00268,0.07427,0.3582,0.00551,-0.0079,0.35519,0.11523,0.00289,0.07388
63,1777810850478,Sad,0.35978,0.00499,-0.00777,0.35359,0.11519,0.00251,0.07414,0.35867,0.00536,-0.00786,0.35471,0.11522,0.00278,0.07395
64,1777810850511,Sad,0.35997,0.00493,-0.00787,0.3536,0.11515,0.00245,0.07402,0.35906,0.00523,-0.00786,0.35438,0.11519,0.00268,0.07397
65,1777810850545,Sad,0.36016,0.00489,-0.00788,0.35354,0.11516,0.00234,0.07381,0.35939,0.00513,-0.00787,0.35413,0.11518,0.00258,0.07393
66,1777810850578,Sad,0.36039,0.00497,-0.00797,0.3535,0.11531,0.00221,0.07371,0.35969,0.00508,-0.0079,0.35394,0.11522,0.00247,0.07386
67,1777810850612,Sad,0.3612,0.00498,-0.00784,0.35343,0.11525,0.00244,0.07368,0.36014,0.00505,-0.00788,0.35379,0.11523,0.00246,0.07381
68,1777810850646,Sad,0.36325,0.00501,-0.00797,0.3534,0.11491,0.00236,0.07342,0.36107,0.00504,-0.00791,0.35367,0.11513,0.00243,0.07369
69,1777810850681,Sad,0.36391,0.00493,-0.00809,0.35342,0.11482,0.00234,0.07348,0.36192,0.00501,-0.00796,0.35359,0.11504,0.0024,0.07363
70,1777810850745,Sad,0.36604,0.00469,-0.00836,0.35344,0.11464,0.00228,0.07331,0.36316,0.00491,-0.00808,0.35355,0.11492,0.00236,0.07353
71,1777810850780,Sad,0.36464,0.00469,-0.00835,0.35331,0.11453,0.00231,0.07352,0.3636,0.00484,-0.00816,0.35347,0.1148,0.00235,0.07353
72,1777810850813,Sad,0.36401,0.00469,-0.00818,0.35328,0.11448,0.00249,0.07364,0.36373,0.0048,-0.00817,0.35342,0.11471,0.00239,0.07356
73,1777810850846,Sad,0.36439,0.00471,-0.00808,0.35332,0.11446,0.00269,0.07386,0.36393,0.00477,-0.00814,0.35339,0.11463,0.00248,0.07365
74,1777810850881,Sad,0.3644,0.00479,-0.00752,0.3531,0.1142,0.00314,0.07427,0.36407,0.00478,-0.00795,0.3533,0.1145,0.00268,0.07384
75,1777810850945,Sad,0.36661,0.00519,-0.00725,0.35249,0.11393,0.00276,0.07419,0.36483,0.0049,-0.00774,0.35306,0.11433,0.0027,0.07394
76,1777810850979,Sad,0.36548,0.00515,-0.00734,0.35285,0.11382,0.00273,0.07468,0.36503,0.00497,-0.00762,0.353,0.11418,0.00271,0.07416
77,1777810851045,Sad,0.36579,0.00507,-0.00772,0.35317,0.11361,0.00295,0.07509,0.36525,0.005,-0.00765,0.35305,0.11401,0.00278,0.07444
78,1777810851078,Sad,0.36533,0.00525,-0.00799,0.35362,0.11355,0.00276,0.07536,0.36528,0.00508,-0.00775,0.35322,0.11387,0.00278,0.07472
79,1777810851113,Sad,0.36482,0.00545,-0.00811,0.35373,0.11398,0.00243,0.07547,0.36514,0.00519,-0.00786,0.35337,0.1139,0.00267,0.07494
80,1777810851146,Sad,0.36524,0.00545,-0.00816,0.35379,0.11414,0.00253,0.07577,0.36517,0.00527,-0.00795,0.3535,0.11397,0.00263,0.07519
81,1777810851212,Sad,0.36347,0.00513,-0.00828,0.3537,0.11416,0.00288,0.07636,0.36466,0.00522,-0.00805,0.35356,0.11403,0.0027,0.07554
82,1777810851245,Sad,0.36365,0.00484,-0.00834,0.3536,0.11427,0.00314,0.07657,0.36436,0.00511,-0.00814,0.35357,0.1141,0.00284,0.07585
83,1777810851279,Sad,0.36403,0.00466,-0.00845,0.35356,0.11424,0.00324,0.07705,0.36426,0.00497,-0.00823,0.35357,0.11414,0.00296,0.07621
84,1777810851313,Sad,0.36442,0.00454,-0.00824,0.35329,0.11439,0.00321,0.07729,0.36431,0.00484,-0.00823,0.35348,0.11422,0.00303,0.07653
85,1777810851346,Sad,0.36448,0.00463,-0.00827,0.35322,0.11436,0.00326,0.07729,0.36436,0.00478,-0.00824,0.3534,0.11426,0.0031,0.07676
86,1777810851380,Sad,0.3642,0.00456,-0.00799,0.35264,0.1143,0.00343,0.07725,0.36431,0.00471,-0.00817,0.35318,0.11427,0.0032,0.07691
87,1777810851444,Sad,0.36529,0.00447,-0.00825,0.35225,0.11397,0.00345,0.07729,0.3646,0.00464,-0.00819,0.3529,0.11418,0.00327,0.07702
88,1777810851479,Sad,0.36581,0.00444,-0.00829,0.35222,0.114,0.00358,0.07759,0.36497,0.00458,-0.00822,0.35269,0.11413,0.00337,0.07719
89,1777810851512,Sad,0.3659,0.00452,-0.00843,0.35196,0.11401,0.00363,0.07795,0.36525,0.00456,-0.00828,0.35247,0.11409,0.00345,0.07742
90,1777810851545,Sad,0.36586,0.00439,-0.00828,0.35176,0.11402,0.00334,0.07816,0.36543,0.00451,-0.00828,0.35226,0.11407,0.00341,0.07764
91,1777810851579,Sad,0.36578,0.00421,-0.00831,0.35162,0.11406,0.0031,0.07826,0.36554,0.00442,-0.00829,0.35207,0.11407,0.00332,0.07783
92,1777810851614,Sad,0.36619,0.00417,-0.00811,0.35157,0.11402,0.0026,0.07863,0.36573,0.00434,-0.00824,0.35192,0.11405,0.0031,0.07807
93,1777810851679,Sad,0.3683,0.00419,-0.00747,0.35047,0.11473,0.00221,0.07893,0.3665,0.0043,-0.00801,0.35148,0.11425,0.00284,0.07833
94,1777810851712,Sad,0.36813,0.00411,-0.00781,0.35038,0.11446,0.00231,0.07884,0.36699,0.00424,-0.00795,0.35115,0.11431,0.00268,0.07848
95,1777810851745,Sad,0.36675,0.00398,-0.00759,0.35029,0.11445,0.0025,0.07892,0.36692,0.00416,-0.00784,0.35089,0.11436,0.00262,0.07861
96,1777810851811,Sad,0.36739,0.00385,-0.00774,0.35103,0.11406,0.00217,0.07959,0.36706,0.00407,-0.00781,0.35093,0.11427,0.00249,0.07891
97,1777810851845,Sad,0.36702,0.00364,-0.00793,0.35079,0.11402,0.00212,0.07984,0.36705,0.00394,-0.00785,0.35089,0.11419,0.00238,0.07919
98,1777810851878,Sad,0.36509,0.0037,-0.00812,0.35064,0.11406,0.00216,0.07956,0.36646,0.00387,-0.00793,0.35082,0.11415,0.00231,0.0793
99,1777810851912,Sad,0.36455,0.00366,-0.00824,0.35031,0.11398,0.0022,0.07942,0.36589,0.00381,-0.00802,0.35066,0.1141,0.00228,0.07934
100,1777810851978,Sad,0.36432,0.0036,-0.0082,0.35049,0.11404,0.00268,0.07954,0.36542,0.00374,-0.00807,0.35061,0.11408,0.0024,0.0794
101,1777810852013,Sad,0.36478,0.00373,-0.00828,0.35055,0.11401,0.00277,0.07949,0.36523,0.00374,-0.00814,0.35059,0.11406,0.00251,0.07943
102,1777810852046,Sad,0.36484,0.00389,-0.00819,0.35056,0.11403,0.00255,0.0793,0.36511,0.00379,-0.00815,0.35058,0.11405,0.00252,0.07939
103,1777810852079,Sad,0.36511,0.00397,-0.00793,0.35064,0.11405,0.00261,0.07926,0.36511,0.00384,-0.00809,0.3506,0.11405,0.00255,0.07935
104,1777810852113,Sad,0.36529,0.004,-0.00777,0.35063,0.11408,0.00246,0.0794,0.36517,0.00389,-0.00799,0.35061,0.11406,0.00252,0.07936
105,1777810852179,Sad,0.36437,0.00404,-0.00769,0.35028,0.11424,0.00242,0.07956,0.36493,0.00393,-0.0079,0.35051,0.11411,0.00249,0.07942
106,1777810852212,Sad,0.35133,0.00391,-0.00773,0.35032,0.11691,0.00241,0.07976,0.36085,0.00392,-0.00785,0.35046,0.11495,0.00247,0.07952
107,1777810852245,Sad,0.30421,0.00364,-0.00776,0.35067,0.12761,0.00214,0.08001,0.34386,0.00384,-0.00782,0.35052,0.11875,0.00237,0.07967
108,1777810852279,Neutral,0.27891,0.00356,-0.00775,0.35147,0.13403,0.00198,0.0802,0.32437,0.00375,-0.0078,0.3508,0.12333,0.00225,0.07983
109,1777810852313,Neutral,0.27324,0.00356,-0.00762,0.35186,0.1361,0.00166,0.08029,0.30903,0.0037,-0.00775,0.35112,0.12717,0.00207,0.07997
110,1777810852379,Neutral,0.27379,0.00372,-0.00755,0.35284,0.13676,0.00123,0.07979,0.29846,0.0037,-0.00769,0.35164,0.13004,0.00182,0.07991
111,1777810852412,Neutral,0.27546,0.00375,-0.0077,0.35366,0.13679,0.00114,0.07928,0.29156,0.00372,-0.00769,0.35224,0.13207,0.00162,0.07972
112,1777810852445,Neutral,0.27609,0.00362,-0.0078,0.35388,0.13692,0.00097,0.07899,0.28692,0.00369,-0.00772,0.35274,0.13353,0.00142,0.0795
113,1777810852479,Neutral,0.279,0.00351,-0.00772,0.35435,0.13659,0.00104,0.07895,0.28454,0.00364,-0.00772,0.35322,0.13445,0.00131,0.07934
114,1777810852513,Neutral,0.28067,0.00343,-0.00765,0.35486,0.13645,0.00121,0.07889,0.28338,0.00357,-0.0077,0.35371,0.13505,0.00128,0.0792
115,1777810852546,Neutral,0.28222,0.00339,-0.00761,0.35512,0.13635,0.00134,0.07899,0.28303,0.00352,-0.00767,0.35413,0.13544,0.0013,0.07914
116,1777810852612,Neutral,0.28407,0.00354,-0.00793,0.35657,0.13633,0.00119,0.07879,0.28335,0.00352,-0.00775,0.35486,0.13571,0.00126,0.07903
117,1777810852645,Neutral,0.28478,0.00359,-0.00795,0.35711,0.13631,0.00123,0.07883,0.28377,0.00354,-0.00781,0.35554,0.13589,0.00125,0.07897
118,1777810852679,Neutral,0.28523,0.00355,-0.00795,0.35788,0.1363,0.00137,0.07896,0.28421,0.00355,-0.00785,0.35624,0.13601,0.00129,0.07897
119,1777810852712,Neutral,0.28546,0.00363,-0.00792,0.35801,0.13636,0.00144,0.07886,0.28459,0.00357,-0.00787,0.35677,0.13612,0.00133,0.07894
120,1777810852745,Neutral,0.28498,0.00385,-0.00805,0.35784,0.13659,0.00147,0.07881,0.28471,0.00366,-0.00793,0.35709,0.13626,0.00137,0.0789
121,1777810852779,Neutral,0.28447,0.00423,-0.00805,0.35791,0.13675,0.00123,0.07901,0.28463,0.00383,-0.00796,0.35734,0.13641,0.00133,0.07893
122,1777810852812,Neutral,0.28124,0.00444,-0.008,0.35789,0.13592,0.00115,0.0789,0.28362,0.00401,-0.00797,0.3575,0.13626,0.00128,0.07892
123,1777810852845,Neutral,0.28918,0.00476,-0.00805,0.3576,0.13106,0.00113,0.07862,0.28529,0.00424,-0.008,0.35753,0.1347,0.00123,0.07883
124,1777810852878,Neutral,0.31194,0.00498,-0.00802,0.35729,0.12521,0.00116,0.07863,0.29328,0.00446,-0.008,0.35746,0.13185,0.00121,0.07877
125,1777810852912,Neutral,0.32585,0.00507,-0.00809,0.35712,0.12152,0.00131,0.07868,0.30305,0.00464,-0.00803,0.35736,0.12875,0.00124,0.07874
126,1777810852945,Neutral,0.33176,0.00513,-0.00813,0.35709,0.12018,0.00154,0.07883,0.31167,0.00479,-0.00806,0.35728,0.12618,0.00133,0.07877
127,1777810852979,Neutral,0.33282,0.00531,-0.00814,0.35682,0.12001,0.00165,0.07873,0.31801,0.00494,-0.00808,0.35714,0.12433,0.00143,0.07876
128,1777810853044,Neutral,0.33265,0.00528,-0.00817,0.3566,0.12009,0.00169,0.07874,0.3224,0.00505,-0.00811,0.35698,0.12306,0.00151,0.07875
129,1777810853078,Neutral,0.33303,0.0052,-0.0082,0.35651,0.12,0.00178,0.07871,0.32559,0.00509,-0.00814,0.35684,0.12214,0.00159,0.07874
130,1777810853111,Neutral,0.33405,0.00515,-0.00823,0.35649,0.11958,0.0018,0.07866,0.32813,0.00511,-0.00816,0.35673,0.12137,0.00165,0.07871
131,1777810853145,Neutral,0.33428,0.00488,-0.00825,0.35647,0.11924,0.00196,0.07859,0.32997,0.00504,-0.00819,0.35665,0.12073,0.00174,0.07868
132,1777810853179,Neutral,0.33484,0.00481,-0.00833,0.35635,0.11888,0.00209,0.07869,0.33143,0.00497,-0.00823,0.35656,0.12018,0.00185,0.07868
133,1777810853212,Sad,0.33668,0.00476,-0.00866,0.35638,0.11835,0.00253,0.07827,0.33301,0.00491,-0.00836,0.35651,0.11963,0.00205,0.07856
134,1777810853246,Sad,0.34057,0.00412,-0.00897,0.35549,0.11777,0.00225,0.07813,0.33528,0.00467,-0.00855,0.3562,0.11907,0.00211,0.07843
135,1777810853311,Sad,0.34847,0.00402,-0.00958,0.35733,0.11648,0.00276,0.07791,0.33923,0.00448,-0.00886,0.35654,0.11829,0.00231,0.07827
136,1777810853344,Sad,0.35222,0.00386,-0.00967,0.35756,0.1161,0.00267,0.07746,0.34313,0.00429,-0.0091,0.35685,0.11764,0.00242,0.07803
137,1777810853378,Sad,0.3554,0.00361,-0.01009,0.35733,0.11604,0.00303,0.0776,0.34681,0.00409,-0.0094,0.35699,0.11716,0.0026,0.0779
138,1777810853411,Sad,0.35537,0.00357,-0.01031,0.35741,0.11631,0.00363,0.07783,0.34938,0.00393,-0.00967,0.35712,0.1169,0.00291,0.07788
139,1777810853445,Sad,0.35566,0.00371,-0.01007,0.35731,0.11652,0.00366,0.07803,0.35126,0.00387,-0.00979,0.35718,0.11679,0.00313,0.07792
140,1777810853480,Sad,0.3553,0.00394,-0.01007,0.3573,0.11638,0.00375,0.07813,0.35247,0.00389,-0.00988,0.35721,0.11667,0.00332,0.07799
141,1777810853544,Sad,0.35676,0.00421,-0.01,0.35625,0.11553,0.00347,0.07777,0.35376,0.00399,-0.00991,0.35692,0.11633,0.00336,0.07792
142,1777810853578,Sad,0.35731,0.0042,-0.00976,0.35615,0.11541,0.00333,0.07738,0.35483,0.00405,-0.00987,0.35669,0.11605,0.00336,0.07776
143,1777810853612,Sad,0.35713,0.0044,-0.00978,0.35612,0.11554,0.0032,0.07699,0.35552,0.00415,-0.00984,0.35652,0.1159,0.00331,0.07753
144,1777810853645,Sad,0.35622,0.00418,-0.0097,0.35609,0.11577,0.00303,0.07685,0.35573,0.00416,-0.0098,0.35639,0.11586,0.00322,0.07732
145,1777810853679,Sad,0.35682,0.00434,-0.00993,0.3548,0.1159,0.00264,0.07672,0.35606,0.00421,-0.00984,0.35591,0.11587,0.00305,0.07714
146,1777810853713,Sad,0.35644,0.00442,-0.00925,0.35444,0.11614,0.00259,0.0775,0.35617,0.00428,-0.00966,0.35547,0.11595,0.00291,0.07725
147,1777810853778,Sad,0.35747,0.00426,-0.00921,0.35398,0.11594,0.0027,0.07758,0.35656,0.00427,-0.00953,0.35502,0.11595,0.00285,0.07735
148,1777810853811,Sad,0.35648,0.00418,-0.00865,0.35393,0.11589,0.00239,0.07754,0.35654,0.00424,-0.00926,0.35469,0.11593,0.00271,0.07741
149,1777810853878,Sad,0.3573,0.00398,-0.00908,0.35409,0.11514,0.003,0.07706,0.35676,0.00417,-0.00921,0.35451,0.11569,0.0028,0.0773
150,1777810853911,Sad,0.35766,0.00391,-0.00917,0.35392,0.11504,0.00253,0.07688,0.35703,0.00409,-0.0092,0.35434,0.1155,0.00272,0.07718
151,1777810853946,Sad,0.35644,0.00407,-0.009,0.35403,0.11531,0.00275,0.07659,0.35685,0.00408,-0.00914,0.35424,0.11544,0.00273,0.077
152,1777810854011,Sad,0.35603,0.00353,-0.00901,0.35411,0.11557,0.00249,0.07688,0.35661,0.00392,-0.0091,0.3542,0.11548,0.00266,0.07696
153,1777810854045,Sad,0.35595,0.00362,-0.00901,0.35439,0.11559,0.00233,0.07692,0.35641,0.00383,-0.00907,0.35426,0.11551,0.00256,0.07695
154,1777810854078,Sad,0.35548,0.00379,-0.00894,0.35447,0.11575,0.00228,0.07678,0.35613,0.00382,-0.00903,0.35432,0.11558,0.00247,0.0769
155,1777810854111,Sad,0.35464,0.00394,-0.00898,0.3548,0.1157,0.00215,0.07663,0.35568,0.00385,-0.00902,0.35447,0.11562,0.00238,0.07682
156,1777810854144,Sad,0.35419,0.00406,-0.0089,0.35468,0.11576,0.00212,0.07683,0.35524,0.00392,-0.00898,0.35453,0.11566,0.0023,0.07682
157,1777810854178,Sad,0.35366,0.00414,-0.00886,0.35473,0.1157,0.0021,0.07681,0.35476,0.00398,-0.00895,0.35459,0.11567,0.00224,0.07682
158,1777810854244,Sad,0.35435,0.00416,-0.0088,0.3543,0.11563,0.00197,0.07642,0.35464,0.00404,-0.0089,0.3545,0.11566,0.00216,0.0767
159,1777810854278,Sad,0.35435,0.00411,-0.00878,0.35405,0.1157,0.00201,0.07653,0.35455,0.00406,-0.00886,0.35437,0.11567,0.00211,0.07665
160,1777810854311,Sad,0.35512,0.00414,-0.00873,0.35387,0.11561,0.00195,0.07672,0.35472,0.00408,-0.00882,0.35422,0.11565,0.00207,0.07667
161,1777810854344,Sad,0.35552,0.00413,-0.00872,0.35388,0.11556,0.00197,0.07677,0.35496,0.0041,-0.00879,0.35411,0.11562,0.00204,0.0767
162,1777810854378,Sad,0.35641,0.00412,-0.00871,0.35399,0.11542,0.00195,0.07679,0.3554,0.0041,-0.00877,0.35408,0.11556,0.00201,0.07673
163,1777810854413,Sad,0.35715,0.00416,-0.0087,0.35393,0.11526,0.00191,0.07682,0.35592,0.00412,-0.00875,0.35403,0.11547,0.00198,0.07676
164,1777810854478,Sad,0.3586,0.00426,-0.00873,0.35375,0.11495,0.00159,0.07684,0.35672,0.00416,-0.00874,0.35395,0.11532,0.00186,0.07678
165,1777810854511,Sad,0.35965,0.00423,-0.00865,0.35364,0.11474,0.00136,0.07684,0.3576,0.00418,-0.00872,0.35385,0.11514,0.00171,0.0768
166,1777810854544,Sad,0.36017,0.00408,-0.00856,0.35232,0.11447,0.0013,0.07702,0.35837,0.00415,-0.00867,0.35339,0.11494,0.00159,0.07686
167,1777810854578,Sad,0.36171,0.00247,-0.0074,0.34953,0.11413,0.00232,0.07862,0.35937,0.00365,-0.00829,0.35224,0.1147,0.00181,0.07739
168,1777810854612,Sad,0.36365,0.00295,-0.00596,0.34332,0.11361,0.0019,0.07953,0.36065,0.00344,-0.00759,0.34956,0.11437,0.00183,0.07803
169,1777810854675,Sad,0.36426,0.0854,-0.00752,0.34001,0.11204,0.00292,0.07958,0.36174,0.02803,-0.00757,0.3467,0.11367,0.00216,0.0785
170,1777810854711,Sad,0.36126,0.13611,-0.00937,0.34439,0.11172,0.00634,0.07574,0.36159,0.06045,-0.00811,0.346,0.11309,0.00342,0.07767
171,1777810854744,Sad,0.3547,0.16617,-0.00568,0.36173,0.11121,0.00367,0.07046,0.35953,0.09217,-0.00738,0.35072,0.11252,0.00349,0.0755
172,1777810854811,Neutral,0.34585,0.18964,0.00676,0.41445,0.11085,0.00137,0.06151,0.35542,0.12141,-0.00314,0.36984,0.11202,0.00285,0.07131
173,1777810854845,Neutral,0.34014,0.19494,0.01029,0.43395,0.11062,0.00197,0.05955,0.35084,0.14347,0.00089,0.38907,0.1116,0.00259,0.06778
174,1777810854879,Neutral,0.33622,0.19796,0.01277,0.45109,0.11047,0.00047,0.05774,0.34645,0.15982,0.00445,0.40768,0.11126,0.00196,0.06477
175,1777810854944,Neutral,0.3295,0.19936,0.01458,0.46423,0.11044,0.00096,0.05693,0.34137,0.17168,0.00749,0.42464,0.11102,0.00166,0.06241
176,1777810854978,Neutral,0.32709,0.19973,0.01568,0.47164,0.11051,1e-05,0.05611,0.33708,0.18009,0.00995,0.43874,0.11086,0.00116,0.06052
177,1777810855011,Happy,0.32562,0.20039,0.01616,0.47529,0.1105,0.00014,0.05537,0.33364,0.18618,0.01181,0.44971,0.11075,0.00085,0.05898
178,1777810855044,Happy,0.32313,0.20091,0.01591,0.47898,0.11043,0.00184,0.05511,0.33049,0.1906,0.01304,0.45849,0.11066,0.00115,0.05782
179,1777810855078,Happy,0.32179,0.20088,0.01565,0.4813,0.11045,0.00247,0.05511,0.32788,0.19368,0.01382,0.46533,0.11059,0.00155,0.05701
180,1777810855112,Happy,0.32035,0.2,0.01549,0.4825,0.11042,0.00274,0.05518,0.32562,0.19558,0.01432,0.47048,0.11054,0.0019,0.05646
181,1777810855178,Happy,0.31874,0.19881,0.01408,0.48122,0.11055,0.00206,0.05515,0.32356,0.19655,0.01425,0.47371,0.11055,0.00195,0.05607
182,1777810855211,Happy,0.31853,0.19884,0.01398,0.48224,0.11056,0.00242,0.05506,0.32205,0.19724,0.01417,0.47627,0.11055,0.00209,0.05576
183,1777810855244,Happy,0.31796,0.19875,0.01394,0.48224,0.11063,0.00258,0.05529,0.32082,0.19769,0.0141,0.47806,0.11057,0.00224,0.05562
184,1777810855278,Happy,0.31704,0.19704,0.01417,0.48228,0.11065,0.0024,0.0554,0.31969,0.1975,0.01412,0.47932,0.1106,0.00229,0.05555
185,1777810855312,Happy,0.31605,0.19685,0.0138,0.48249,0.1106,0.00198,0.05492,0.3186,0.1973,0.01402,0.48027,0.1106,0.0022,0.05537
186,1777810855377,Happy,0.31358,0.19782,0.01288,0.48248,0.11064,0.00185,0.05509,0.31709,0.19746,0.01368,0.48093,0.11061,0.00209,0.05528
187,1777810855410,Happy,0.31292,0.19606,0.01326,0.48259,0.11061,0.00211,0.0554,0.31584,0.19704,0.01355,0.48143,0.11061,0.0021,0.05532
188,1777810855444,Happy,0.31253,0.19459,0.01307,0.48253,0.11071,0.00218,0.05564,0.31485,0.1963,0.01341,0.48176,0.11064,0.00212,0.05542
189,1777810855477,Happy,0.31292,0.19383,0.01287,0.48259,0.11068,0.00205,0.05569,0.31427,0.19556,0.01325,0.48201,0.11065,0.0021,0.0555
190,1777810855511,Happy,0.31328,0.19294,0.01284,0.48271,0.11049,0.00186,0.05584,0.31397,0.19478,0.01312,0.48222,0.1106,0.00203,0.0556
191,1777810855545,Happy,0.31348,0.19295,0.01261,0.48299,0.11045,0.00201,0.05575,0.31382,0.19423,0.01297,0.48245,0.11056,0.00202,0.05564
192,1777810855579,Happy,0.31385,0.19321,0.0123,0.48281,0.11042,0.00216,0.05578,0.31383,0.19392,0.01277,0.48256,0.11052,0.00206,0.05568
193,1777810855644,Happy,0.31172,0.19401,0.01172,0.48288,0.11052,0.00236,0.05576,0.3132,0.19395,0.01245,0.48265,0.11052,0.00215,0.05571
194,1777810855678,Happy,0.31034,0.19456,0.01131,0.48257,0.11059,0.00237,0.056,0.31234,0.19413,0.01211,0.48263,0.11054,0.00222,0.0558
195,1777810855744,Happy,0.31017,0.19426,0.01104,0.48223,0.11095,0.00255,0.05616,0.31169,0.19417,0.01179,0.48251,0.11066,0.00232,0.05591
196,1777810855778,Neutral,0.30992,0.19315,0.01125,0.48207,0.11099,0.00245,0.05622,0.31116,0.19387,0.01163,0.48238,0.11076,0.00236,0.056
197,1777810855812,Neutral,0.30881,0.19223,0.01152,0.48174,0.11117,0.00245,0.05631,0.31045,0.19337,0.0116,0.48219,0.11088,0.00239,0.05609
198,1777810855877,Happy,0.3053,0.19108,0.01216,0.48034,0.11156,0.00232,0.05644,0.30891,0.19269,0.01176,0.48163,0.11109,0.00237,0.0562
199,1777810855911,Happy,0.30598,0.19102,0.01231,0.47968,0.11155,0.00212,0.0564,0.30803,0.19219,0.01193,0.48105,0.11123,0.00229,0.05626
200,1777810855944,Happy,0.3066,0.18986,0.01226,0.47929,0.11171,0.00204,0.05644,0.3076,0.19149,0.01203,0.48052,0.11137,0.00222,0.05631
201,1777810855977,Happy,0.30714,0.18916,0.01228,0.47903,0.1117,0.00194,0.05636,0.30746,0.19079,0.0121,0.48007,0.11147,0.00214,0.05633
202,1777810856011,Happy,0.30858,0.1882,0.01226,0.47895,0.11152,0.00192,0.05632,0.3078,0.19001,0.01215,0.47973,0.11149,0.00207,0.05633
203,1777810856045,Happy,0.31048,0.18767,0.01223,0.47845,0.11128,0.00189,0.05632,0.3086,0.18931,0.01217,0.47935,0.11142,0.00202,0.05632
204,1777810856110,Happy,0.31221,0.1866,0.01213,0.47763,0.11111,0.00189,0.05621,0.30968,0.1885,0.01216,0.47883,0.11133,0.00198,0.05629
205,1777810856143,Happy,0.31363,0.18659,0.01196,0.47755,0.11085,0.00194,0.05639,0.31087,0.18793,0.0121,0.47845,0.11119,0.00197,0.05632
206,1777810856177,Happy,0.31428,0.18671,0.01183,0.47741,0.11077,0.0019,0.05647,0.31189,0.18756,0.01202,0.47814,0.11106,0.00195,0.05636
207,1777810856211,Happy,0.31473,0.18674,0.01177,0.47739,0.11074,0.0019,0.05651,0.31274,0.18732,0.01195,0.47791,0.11096,0.00193,0.05641
208,1777810856244,Happy,0.31569,0.1873,0.01179,0.47739,0.11072,0.00195,0.05653,0.31363,0.18731,0.0119,0.47776,0.11089,0.00194,0.05644
209,1777810856279,Happy,0.31531,0.18771,0.01213,0.47732,0.11087,0.00256,0.05652,0.31413,0.18743,0.01197,0.47763,0.11088,0.00212,0.05647
210,1777810856344,Happy,0.31448,0.18881,0.0122,0.47732,0.11095,0.00284,0.05643,0.31423,0.18784,0.01204,0.47753,0.1109,0.00234,0.05646
211,1777810856377,Happy,0.31435,0.18909,0.01211,0.47714,0.11091,0.00289,0.05652,0.31427,0.18822,0.01206,0.47742,0.1109,0.0025,0.05648
212,1777810856410,Happy,0.31412,0.18921,0.01208,0.47696,0.11088,0.0029,0.05663,0.31422,0.18851,0.01207,0.47728,0.1109,0.00262,0.05652
213,1777810856443,Happy,0.31406,0.18916,0.01205,0.47691,0.11079,0.00291,0.05668,0.31417,0.18871,0.01206,0.47717,0.11086,0.00271,0.05657
214,1777810856478,Happy,0.31418,0.18927,0.01203,0.47669,0.11073,0.00291,0.05679,0.31418,0.18888,0.01205,0.47702,0.11082,0.00277,0.05664
215,1777810856543,Happy,0.31451,0.18954,0.01193,0.47653,0.11065,0.00292,0.05689,0.31427,0.18908,0.01202,0.47688,0.11077,0.00281,0.05671
216,1777810856576,Happy,0.3142,0.19,0.01174,0.47627,0.11067,0.00301,0.05684,0.31425,0.18935,0.01193,0.47669,0.11074,0.00287,0.05675
217,1777810856609,Happy,0.31413,0.19042,0.01163,0.47596,0.11068,0.00308,0.0568,0.31421,0.18967,0.01184,0.47647,0.11072,0.00294,0.05677
218,1777810856643,Happy,0.31406,0.19082,0.01151,0.47586,0.11069,0.00316,0.0568,0.31417,0.19002,0.01174,0.47629,0.11071,0.003,0.05678
219,1777810856677,Neutral,0.3138,0.19115,0.01141,0.47575,0.1107,0.00323,0.05674,0.31406,0.19036,0.01164,0.47613,0.11071,0.00307,0.05677
220,1777810856710,Neutral,0.31377,0.19131,0.01135,0.47567,0.11069,0.00327,0.0567,0.31397,0.19064,0.01155,0.47599,0.1107,0.00313,0.05674
221,1777810856745,Neutral,0.31335,0.19159,0.0113,0.47528,0.11073,0.00329,0.0567,0.31378,0.19093,0.01148,0.47578,0.11071,0.00318,0.05673
222,1777810856810,Neutral,0.31276,0.19278,0.0109,0.47397,0.11077,0.00298,0.05674,0.31348,0.19148,0.0113,0.47524,0.11073,0.00312,0.05673
223,1777810856843,Neutral,0.31251,0.19283,0.01045,0.47367,0.1108,0.00259,0.05677,0.31319,0.19189,0.01105,0.47477,0.11075,0.00296,0.05674
224,1777810856877,Neutral,0.31205,0.19287,0.0102,0.47341,0.11082,0.00255,0.05684,0.31284,0.19218,0.01079,0.47436,0.11077,0.00284,0.05677
225,1777810856943,Neutral,0.31059,0.18989,0.0063,0.46914,0.11098,0.00174,0.057,0.31217,0.1915,0.00945,0.47279,0.11083,0.00251,0.05684
226,1777810856978,Neutral,0.31017,0.1892,0.00359,0.46593,0.11097,0.00101,0.05709,0.31157,0.19081,0.00769,0.47074,0.11087,0.00206,0.05692
227,1777810857043,Neutral,0.30833,0.18607,0.00139,0.4593,0.11122,0.00094,0.0574,0.3106,0.18939,0.0058,0.46731,0.11098,0.00172,0.05706
228,1777810857076,Neutral,0.30672,0.18256,0.00145,0.45728,0.11124,0.00123,0.0571,0.30943,0.18734,0.00449,0.4643,0.11106,0.00158,0.05707
229,1777810857141,Neutral,0.30568,0.17903,0.00247,0.45623,0.11133,0.00283,0.05773,0.30831,0.18485,0.00389,0.46188,0.11114,0.00195,0.05727
230,1777810857177,Neutral,0.28543,0.17763,0.0026,0.45594,0.11628,0.00314,0.05775,0.30144,0.18268,0.0035,0.4601,0.11268,0.00231,0.05741
231,1777810857211,Neutral,0.24419,0.17459,0.00115,0.45291,0.12645,0.0006,0.05711,0.28427,0.18025,0.00279,0.45794,0.11681,0.00179,0.05732
232,1777810857277,Neutral,0.24569,0.13963,-0.00717,0.40851,0.12975,0.00316,0.06853,0.27269,0.16807,-0.0002,0.44311,0.12069,0.0022,0.06069
233,1777810857310,Neutral,0.25398,0.09764,-0.00612,0.38197,0.13021,0.00085,0.07655,0.26708,0.14694,-0.00197,0.42477,0.12355,0.0018,0.06544
234,1777810857343,Neutral,0.26227,0.0335,-0.00297,0.37129,0.13028,0.00145,0.08078,0.26563,0.11291,-0.00227,0.40872,0.12557,0.0017,0.07005
235,1777810857377,Neutral,0.2698,0.01147,-0.00178,0.36889,0.13019,0.00312,0.08177,0.26688,0.08248,-0.00213,0.39677,0.12695,0.00212,0.07356
236,1777810857411,Neutral,0.27362,0.00432,-0.00195,0.36848,0.13021,0.00324,0.08102,0.2689,0.05903,-0.00207,0.38829,0.12793,0.00246,0.0758
237,1777810857477,Neutral,0.28143,0.00182,-0.00326,0.36842,0.13016,0.00353,0.08031,0.27266,0.04187,-0.00243,0.38233,0.1286,0.00278,0.07715
238,1777810857509,Neutral,0.28339,0.00222,-0.00408,0.36553,0.13021,0.00391,0.08066,0.27588,0.02997,-0.00292,0.37729,0.12908,0.00312,0.0782
239,1777810857543,Neutral,0.28589,0.00305,-0.00467,0.36461,0.12978,0.00395,0.0806,0.27888,0.02189,-0.00345,0.37348,0.12929,0.00337,0.07892
240,1777810857577,Neutral,0.28862,0.00412,-0.00477,0.36352,0.12953,0.00348,0.08044,0.2818,0.01656,-0.00384,0.37049,0.12936,0.0034,0.07938
241,1777810857610,Neutral,0.29124,0.00652,-0.00522,0.36277,0.12927,0.00324,0.08085,0.28463,0.01355,-0.00426,0.36818,0.12934,0.00335,0.07982
242,1777810857644,Neutral,0.29491,0.00955,-0.00566,0.3626,0.12907,0.00328,0.08114,0.28772,0.01235,-0.00468,0.3665,0.12926,0.00333,0.08022
243,1777810857678,Neutral,0.2979,0.01089,-0.00593,0.36102,0.12891,0.00259,0.08118,0.29077,0.01191,-0.00505,0.36486,0.12915,0.00311,0.08051
244,1777810857743,Neutral,0.30139,0.01114,-0.00618,0.35942,0.12841,0.00238,0.08107,0.29396,0.01168,-0.00539,0.36323,0.12893,0.00289,0.08067
245,1777810857777,Neutral,0.30342,0.01054,-0.00639,0.35983,0.12854,0.00256,0.08084,0.2968,0.01134,-0.00569,0.36221,0.12881,0.00279,0.08072
246,1777810857842,Neutral,0.29532,0.00906,-0.00595,0.36051,0.12912,0.00188,0.08066,0.29635,0.01065,-0.00577,0.3617,0.12891,0.00252,0.0807
247,1777810857876,Neutral,0.29269,0.00826,-0.00526,0.36042,0.12909,0.00204,0.08081,0.29526,0.00993,-0.00562,0.36131,0.12896,0.00238,0.08074
248,1777810857910,Neutral,0.29076,0.00791,-0.00524,0.36038,0.12912,0.00201,0.08054,0.29391,0.00933,-0.0055,0.36103,0.12901,0.00227,0.08068
249,1777810857943,Neutral,0.29206,0.00735,-0.0056,0.36052,0.12876,0.00177,0.08068,0.29335,0.00873,-0.00553,0.36088,0.12893,0.00212,0.08068
250,1777810858009,Neutral,0.29254,0.00636,-0.0053,0.3604,0.12829,0.00234,0.08081,0.29311,0.00802,-0.00546,0.36074,0.12874,0.00218,0.08072
251,1777810858043,Neutral,0.29335,0.00577,-0.00518,0.36025,0.12802,0.00238,0.08079,0.29318,0.00734,-0.00538,0.36059,0.12853,0.00224,0.08074
252,1777810858077,Neutral,0.29389,0.00529,-0.00507,0.35997,0.12794,0.00261,0.08126,0.29339,0.00673,-0.00528,0.36041,0.12835,0.00235,0.0809
253,1777810858110,Neutral,0.29418,0.00499,-0.00513,0.35921,0.12791,0.00263,0.08143,0.29363,0.00621,-0.00524,0.36005,0.12822,0.00244,0.08106
254,1777810858144,Neutral,0.29747,0.00482,-0.0051,0.35903,0.12709,0.00263,0.08161,0.29478,0.00579,-0.0052,0.35974,0.12788,0.0025,0.08122
255,1777810858209,Neutral,0.31024,0.00454,-0.00513,0.35849,0.12417,0.00251,0.08165,0.29942,0.00541,-0.00518,0.35937,0.12677,0.0025,0.08135
256,1777810858274,Neutral,0.3199,0.00416,-0.00488,0.35784,0.12266,0.00207,0.08228,0.30556,0.00504,-0.00509,0.35891,0.12554,0.00237,0.08163
257,1777810858308,Neutral,0.30666,0.00409,-0.00481,0.35706,0.12521,0.00203,0.08244,0.30589,0.00475,-0.00501,0.35835,0.12544,0.00227,0.08187
258,1777810858342,Neutral,0.18637,0.00319,-0.00493,0.35598,0.14591,0.00109,0.08182,0.27004,0.00428,-0.00498,0.35764,0.13158,0.00192,0.08186
259,1777810858377,Neutral,0.09571,0.00236,-0.00478,0.35467,0.16083,0.0005,0.08239,0.21774,0.00371,-0.00492,0.35675,0.14035,0.00149,0.08202
260,1777810858443,Neutral,0.12052,0.00278,-0.00547,0.35346,0.15497,0.00073,0.08157,0.18857,0.00343,-0.00509,0.35576,0.14474,0.00126,0.08188
261,1777810858476,Neutral,0.19375,0.00357,-0.00549,0.35353,0.14045,0.00015,0.08199,0.19013,0.00347,-0.00521,0.35509,0.14345,0.00093,0.08192
262,1777810858509,Neutral,0.25425,0.00396,-0.00544,0.35365,0.12945,0.00068,0.08208,0.20936,0.00362,-0.00528,0.35466,0.13925,0.00085,0.08197
263,1777810858542,Neutral,0.29342,0.00401,-0.00534,0.35369,0.12253,0.00094,0.08217,0.23458,0.00374,-0.0053,0.35437,0.13424,0.00088,0.08203
264,1777810858577,Neutral,0.31248,0.00391,-0.00556,0.35338,0.1191,0.00157,0.08222,0.25795,0.00379,-0.00538,0.35407,0.12969,0.00109,0.08209
265,1777810858643,Neutral,0.32771,0.00406,-0.00565,0.35473,0.11688,0.00151,0.08148,0.27888,0.00387,-0.00546,0.35427,0.12585,0.00122,0.08191
266,1777810858676,Neutral,0.33447,0.00398,-0.00563,0.35462,0.11577,0.00168,0.08205,0.29556,0.0039,-0.00551,0.35438,0.12283,0.00136,0.08195
267,1777810858709,Neutral,0.3394,0.00399,-0.00556,0.35456,0.1152,0.00192,0.08242,0.30871,0.00393,-0.00552,0.35443,0.12054,0.00153,0.08209
268,1777810858743,Neutral,0.34245,0.00413,-0.00555,0.35462,0.11479,0.00184,0.08253,0.31883,0.00399,-0.00553,0.35449,0.11881,0.00162,0.08222
269,1777810858776,Neutral,0.34534,0.004,-0.00554,0.35443,0.11445,0.00182,0.08254,0.32678,0.00399,-0.00554,0.35447,0.1175,0.00168,0.08232
270,1777810858809,Sad,0.34606,0.00405,-0.00564,0.35417,0.11437,0.00191,0.08277,0.33257,0.00401,-0.00557,0.35438,0.11656,0.00175,0.08245
271,1777810858844,Sad,0.347,0.00403,-0.00564,0.35431,0.11421,0.00235,0.08275,0.3369,0.00402,-0.00559,0.35436,0.11586,0.00193,0.08254
272,1777810858907,Sad,0.34682,0.00378,-0.00539,0.35424,0.11405,0.0031,0.08274,0.33988,0.00394,-0.00553,0.35432,0.11531,0.00228,0.0826
273,1777810858942,Sad,0.34801,0.00372,-0.00552,0.35429,0.11388,0.00328,0.08287,0.34232,0.00388,-0.00552,0.35431,0.11488,0.00258,0.08268
274,1777810858976,Sad,0.34938,0.00351,-0.00555,0.35423,0.11353,0.00325,0.0832,0.34443,0.00377,-0.00553,0.35429,0.11448,0.00278,0.08284
275,1777810859009,Sad,0.34939,0.00367,-0.0054,0.35513,0.11375,0.00294,0.08342,0.34592,0.00374,-0.00549,0.35454,0.11426,0.00283,0.08301
276,1777810859043,Sad,0.35033,0.00391,-0.00533,0.35516,0.11354,0.00243,0.08316,0.34724,0.00379,-0.00544,0.35473,0.11404,0.00271,0.08306
277,1777810859077,Sad,0.34959,0.00367,-0.00534,0.35514,0.11353,0.00249,0.08278,0.34795,0.00375,-0.00541,0.35485,0.11389,0.00264,0.08297
278,1777810859143,Sad,0.35143,0.00387,-0.00557,0.35485,0.11295,0.00261,0.08233,0.34899,0.00379,-0.00546,0.35485,0.11361,0.00263,0.08278
279,1777810859177,Sad,0.35238,0.00367,-0.00551,0.35479,0.11276,0.00224,0.08217,0.35001,0.00375,-0.00548,0.35484,0.11335,0.00252,0.0826
280,1777810859242,Sad,0.35377,0.00321,-0.0055,0.35486,0.11217,0.00254,0.08266,0.35114,0.00359,-0.00548,0.35484,0.113,0.00252,0.08262
281,1777810859277,Sad,0.35817,0.00313,-0.00549,0.35483,0.11148,0.00282,0.08272,0.35325,0.00345,-0.00549,0.35484,0.11254,0.00261,0.08265
282,1777810859343,Sad,0.36227,0.00298,-0.00604,0.35514,0.11178,0.00282,0.0826,0.35595,0.00331,-0.00565,0.35493,0.11231,0.00267,0.08263
283,1777810859376,Sad,0.36603,0.00273,-0.00622,0.35518,0.11159,0.00278,0.0825,0.35898,0.00314,-0.00582,0.355,0.1121,0.00271,0.08259
284,1777810859442,Neutral,0.37627,0.00243,-0.00688,0.35448,0.1104,0.00323,0.08227,0.36417,0.00293,-0.00614,0.35485,0.11159,0.00286,0.0825
285,1777810859476,Neutral,0.38548,0.00244,-0.0072,0.3546,0.10927,0.00326,0.0824,0.37056,0.00278,-0.00646,0.35477,0.11089,0.00298,0.08247
286,1777810859509,Neutral,0.39127,0.00253,-0.00757,0.35461,0.10845,0.00355,0.08223,0.37677,0.00271,-0.00679,0.35473,0.11016,0.00315,0.0824
287,1777810859544,Neutral,0.39537,0.00256,-0.00738,0.35462,0.10801,0.00378,0.08239,0.38235,0.00266,-0.00697,0.35469,0.10951,0.00334,0.0824
288,1777810859608,Neutral,0.39883,0.00246,-0.00736,0.35483,0.10815,0.00453,0.08236,0.38729,0.0026,-0.00709,0.35473,0.1091,0.0037,0.08239
289,1777810859641,Neutral,0.40131,0.00252,-0.00741,0.35492,0.10808,0.0047,0.08239,0.3915,0.00258,-0.00718,0.35479,0.1088,0.004,0.08239
290,1777810859675,Neutral,0.40266,0.00255,-0.00738,0.35493,0.10814,0.00489,0.08241,0.39485,0.00257,-0.00724,0.35483,0.1086,0.00427,0.08239
291,1777810859708,Neutral,0.40414,0.00254,-0.00745,0.35492,0.10813,0.00502,0.08259,0.39763,0.00256,-0.0073,0.35486,0.10846,0.00449,0.08245
292,1777810859743,Neutral,0.41041,0.00257,-0.00744,0.35477,0.10615,0.00505,0.08254,0.40147,0.00256,-0.00735,0.35483,0.10776,0.00466,0.08248
293,1777810859777,Neutral,0.41419,0.00262,-0.00747,0.35469,0.10468,0.00517,0.08245,0.40528,0.00258,-0.00738,0.35479,0.10684,0.00481,0.08247
294,1777810859842,Neutral,0.42088,0.00264,-0.00762,0.35448,0.10286,0.00507,0.08238,0.40996,0.0026,-0.00745,0.3547,0.10564,0.00489,0.08244
295,1777810859875,Neutral,0.42129,0.0027,-0.00769,0.35436,0.1026,0.00509,0.08236,0.41336,0.00263,-0.00752,0.35459,0.10473,0.00495,0.08242
296,1777810859908,Neutral,0.4213,0.00267,-0.00764,0.35424,0.10235,0.00527,0.08229,0.41574,0.00264,-0.00756,0.35449,0.10402,0.00504,0.08238
297,1777810859941,Neutral,0.4206,0.00266,-0.00756,0.35422,0.10227,0.00529,0.08232,0.4172,0.00265,-0.00756,0.35441,0.10349,0.00512,0.08236
298,1777810859975,Neutral,0.41984,0.00266,-0.00744,0.3542,0.10231,0.00531,0.08228,0.41799,0.00265,-0.00752,0.35434,0.10314,0.00518,0.08234
299,1777810860008,Neutral,0.41939,0.0027,-0.00737,0.35436,0.10237,0.0053,0.08225,0.41841,0.00267,-0.00748,0.35435,0.10291,0.00521,0.08231
300,1777810860041,Neutral,0.41827,0.00273,-0.00734,0.35448,0.10242,0.00524,0.08217,0.41837,0.00268,-0.00744,0.35439,0.10276,0.00522,0.08227
301,1777810860075,Neutral,0.4177,0.00272,-0.00717,0.35439,0.10257,0.00501,0.08215,0.41817,0.0027,-0.00736,0.35439,0.1027,0.00516,0.08223
302,1777810860108,Neutral,0.41615,0.00277,-0.00726,0.35453,0.10277,0.00497,0.08206,0.41756,0.00272,-0.00733,0.35443,0.10272,0.0051,0.08218
303,1777810860142,Neutral,0.41431,0.00275,-0.00729,0.35452,0.10282,0.00493,0.0821,0.41659,0.00273,-0.00732,0.35446,0.10275,0.00505,0.08216
304,1777810860175,Neutral,0.41389,0.00272,-0.00735,0.35473,0.1029,0.00502,0.08221,0.41578,0.00273,-0.00733,0.35454,0.10279,0.00504,0.08217
305,1777810860241,Neutral,0.41226,0.00273,-0.00739,0.35488,0.10323,0.00512,0.08221,0.41472,0.00273,-0.00735,0.35464,0.10293,0.00506,0.08218
306,1777810860274,Neutral,0.41089,0.00275,-0.0074,0.35503,0.10348,0.00528,0.08208,0.41357,0.00273,-0.00736,0.35476,0.10309,0.00513,0.08215
307,1777810860307,Neutral,0.40979,0.00277,-0.00755,0.35507,0.10379,0.00576,0.08207,0.41244,0.00275,-0.00742,0.35485,0.1033,0.00532,0.08213
308,1777810860341,Neutral,0.40831,0.00277,-0.00756,0.35512,0.10417,0.00607,0.0821,0.4112,0.00275,-0.00746,0.35493,0.10356,0.00554,0.08212
309,1777810860375,Neutral,0.40729,0.00286,-0.00764,0.35515,0.10459,0.00655,0.08179,0.41002,0.00278,-0.00752,0.355,0.10387,0.00584,0.08202
310,1777810860408,Neutral,0.4067,0.00287,-0.00765,0.35514,0.10518,0.00664,0.08177,0.40903,0.00281,-0.00756,0.35504,0.10426,0.00608,0.08195
311,1777810860442,Neutral,0.40694,0.00293,-0.00745,0.35428,0.10526,0.00631,0.08179,0.4084,0.00285,-0.00752,0.35481,0.10456,0.00615,0.0819
312,1777810860476,Neutral,0.40648,0.00309,-0.00729,0.35421,0.10529,0.00657,0.0816,0.40782,0.00292,-0.00745,0.35463,0.10478,0.00628,0.08181
313,1777810860542,Neutral,0.4021,0.00289,-0.00747,0.35365,0.10594,0.00665,0.08207,0.40611,0.00291,-0.00746,0.35434,0.10513,0.00639,0.08189
314,1777810860608,Neutral,0.40454,0.00309,-0.00716,0.35366,0.10542,0.00676,0.08134,0.40564,0.00297,-0.00737,0.35414,0.10522,0.0065,0.08172
315,1777810860641,Neutral,0.40476,0.00302,-0.00698,0.35389,0.10551,0.00676,0.0814,0.40537,0.00298,-0.00725,0.35406,0.10531,0.00658,0.08163
316,1777810860675,Neutral,0.4035,0.00299,-0.00702,0.35418,0.1057,0.00685,0.08147,0.40481,0.00298,-0.00718,0.3541,0.10542,0.00666,0.08158
317,1777810860709,Neutral,0.40417,0.00288,-0.00685,0.35423,0.10553,0.00686,0.08162,0.40462,0.00295,-0.00708,0.35414,0.10545,0.00672,0.08159
318,1777810860742,Neutral,0.40638,0.00303,-0.00681,0.35441,0.10514,0.00703,0.08162,0.40515,0.00297,-0.007,0.35422,0.10536,0.00681,0.0816
319,1777810860808,Neutral,0.40407,0.00297,-0.00664,0.35366,0.10575,0.00619,0.0819,0.40482,0.00297,-0.00689,0.35405,0.10548,0.00663,0.08169
320,1777810860841,Neutral,0.40316,0.00288,-0.00689,0.35365,0.10596,0.00625,0.08199,0.40432,0.00295,-0.00689,0.35393,0.10562,0.00651,0.08178
321,1777810860874,Neutral,0.3988,0.00271,-0.00734,0.35371,0.10749,0.00594,0.08165,0.40267,0.00288,-0.00703,0.35387,0.10618,0.00634,0.08174
322,1777810860908,Neutral,0.36246,0.00254,-0.00704,0.35384,0.11578,0.00495,0.08182,0.39061,0.00277,-0.00703,0.35386,0.10906,0.00592,0.08176
323,1777810860942,Sad,0.33593,0.00264,-0.007,0.35428,0.12213,0.00418,0.08207,0.3742,0.00273,-0.00702,0.35398,0.11298,0.0054,0.08186
324,1777810861008,Sad,0.32884,0.00264,-0.0066,0.35494,0.12403,0.00458,0.08196,0.36059,0.00271,-0.00689,0.35427,0.1163,0.00516,0.08189
325,1777810861075,Sad,0.33158,0.00283,-0.00646,0.35642,0.1246,0.00377,0.08172,0.35189,0.00274,-0.00676,0.35491,0.11879,0.00474,0.08184
326,1777810861143,Sad,0.32855,0.0028,-0.00605,0.35767,0.12533,0.00338,0.0823,0.34489,0.00276,-0.00655,0.35574,0.12075,0.00433,0.08198
327,1777810861176,Sad,0.32939,0.00288,-0.00589,0.35777,0.12497,0.00332,0.08224,0.34024,0.0028,-0.00635,0.35635,0.12202,0.00403,0.08206
328,1777810861241,Sad,0.33218,0.00283,-0.00582,0.35732,0.1239,0.00294,0.08189,0.33782,0.0028,-0.00619,0.35664,0.12258,0.0037,0.08201
329,1777810861274,Sad,0.36142,0.00289,-0.00582,0.35626,0.11554,0.00288,0.08194,0.3449,0.00283,-0.00608,0.35653,0.12047,0.00346,0.08199
330,1777810861307,Sad,0.39655,0.00263,-0.00594,0.35214,0.10814,0.00315,0.08155,0.36039,0.00277,-0.00604,0.35521,0.11677,0.00337,0.08186
331,1777810861341,Sad,0.41663,0.00249,-0.0074,0.34547,0.10333,0.00303,0.08097,0.37726,0.00269,-0.00645,0.35229,0.11274,0.00326,0.08159
332,1777810861375,Neutral,0.42374,0.07122,-0.01336,0.33259,0.10068,0.00055,0.081,0.39121,0.02325,-0.00852,0.34638,0.10912,0.00245,0.08141
333,1777810861409,Neutral,0.42687,0.20434,-0.02205,0.32365,0.09915,0.00323,0.0797,0.40191,0.07757,-0.01258,0.33956,0.10613,0.00269,0.0809
334,1777810861442,Fear,0.42343,0.27174,-0.02725,0.31519,0.09886,0.00218,0.07934,0.40836,0.13582,-0.01698,0.33225,0.10395,0.00253,0.08043
335,1777810861507,Fear,0.41264,0.32139,-0.03305,0.31288,0.09895,0.00329,0.07853,0.40965,0.19149,-0.0218,0.32644,0.10245,0.00276,0.07986
336,1777810861541,Fear,0.40658,0.32713,-0.03594,0.31247,0.0992,0.00289,0.0782,0.40873,0.23218,-0.02604,0.32225,0.10147,0.0028,0.07936
337,1777810861574,Fear,0.40374,0.33664,-0.03723,0.31003,0.09942,0.00276,0.07841,0.40723,0.26352,-0.0294,0.31858,0.10086,0.00279,0.07908
338,1777810861608,Fear,0.39982,0.33899,-0.03858,0.30895,0.09966,0.00256,0.07862,0.40501,0.28616,-0.03215,0.31569,0.1005,0.00272,0.07894
339,1777810861642,Fear,0.3986,0.33968,-0.0386,0.30807,0.09989,0.00247,0.07885,0.40309,0.30222,-0.03409,0.31341,0.10032,0.00264,0.07891
340,1777810861675,Neutral,0.39631,0.33841,-0.03858,0.30747,0.1006,0.00224,0.07915,0.40105,0.31308,-0.03543,0.31163,0.1004,0.00252,0.07898
341,1777810861741,Neutral,0.39448,0.33458,-0.03908,0.30753,0.10135,0.00211,0.08001,0.39908,0.31953,-0.03653,0.3104,0.10069,0.0024,0.07929
342,1777810861808,Neutral,0.39433,0.33896,-0.04018,0.30792,0.10149,0.00167,0.08085,0.39766,0.32536,-0.03762,0.30965,0.10093,0.00218,0.07976
343,1777810861841,Neutral,0.3929,0.33725,-0.03935,0.30848,0.10195,0.00142,0.0814,0.39623,0.32892,-0.03814,0.3093,0.10124,0.00195,0.08025
344,1777810861875,Neutral,0.39179,0.32724,-0.03859,0.30892,0.10207,0.00076,0.08208,0.3949,0.32842,-0.03827,0.30919,0.10148,0.00159,0.0808
345,1777810861941,Neutral,0.3899,0.30856,-0.03646,0.30996,0.1028,0.00025,0.08271,0.3934,0.32246,-0.03773,0.30942,0.10188,0.00119,0.08137
346,1777810862007,Neutral,0.38806,0.29458,-0.03569,0.31138,0.10311,7e-05,0.08288,0.3918,0.3141,-0.03712,0.31,0.10225,0.00085,0.08182
347,1777810862040,Neutral,0.38828,0.28355,-0.03541,0.31211,0.10348,1e-05,0.08273,0.39074,0.30493,-0.03661,0.31064,0.10262,0.0006,0.0821
348,1777810862074,Neutral,0.3873,0.27486,-0.03507,0.31265,0.10369,0.00016,0.08304,0.38971,0.29591,-0.03615,0.31124,0.10294,0.00047,0.08238
349,1777810862108,Neutral,0.38364,0.2558,-0.03483,0.31386,0.10487,8e-05,0.08297,0.38789,0.28388,-0.03575,0.31203,0.10352,0.00035,0.08256
350,1777810862175,Neutral,0.35678,0.23774,-0.03462,0.31939,0.11124,0.00066,0.08288,0.37856,0.27004,-0.03541,0.31423,0.10584,0.00044,0.08265
351,1777810862241,Neutral,0.35195,0.23773,-0.03441,0.32006,0.11352,0.00046,0.08326,0.37057,0.26035,-0.03511,0.31598,0.10814,0.00045,0.08284
352,1777810862308,Neutral,0.34881,0.23801,-0.03484,0.32137,0.11486,0.00053,0.08179,0.36404,0.25365,-0.03503,0.3176,0.11016,0.00047,0.08252
353,1777810862341,Neutral,0.3488,0.23631,-0.03435,0.32189,0.11527,0.00123,0.08188,0.35947,0.24844,-0.03482,0.31889,0.11169,0.0007,0.08233
354,1777810862408,Sad,0.34908,0.22728,-0.03314,0.32229,0.11661,0.00115,0.08181,0.35635,0.2421,-0.03432,0.31991,0.11317,0.00083,0.08217
355,1777810862474,Sad,0.34978,0.22156,-0.03221,0.32292,0.117,0.00044,0.08106,0.35438,0.23593,-0.03369,0.32081,0.11432,0.00072,0.08184
356,1777810862542,Sad,0.35019,0.22411,-0.03262,0.32432,0.11735,0.00013,0.08114,0.35312,0.23239,-0.03337,0.32186,0.11523,0.00054,0.08163
357,1777810862607,Sad,0.35517,0.22202,-0.03193,0.32532,0.11666,0.00012,0.0805,0.35374,0.22928,-0.03293,0.3229,0.11566,0.00041,0.08129
358,1777810862674,Sad,0.35948,0.22361,-0.03198,0.32554,0.11614,0.00026,0.08002,0.35546,0.22758,-0.03265,0.32369,0.1158,0.00037,0.08091
359,1777810862741,Sad,0.36499,0.22392,-0.03206,0.32562,0.11532,9e-05,0.07999,0.35832,0.22648,-0.03247,0.32427,0.11566,0.00028,0.08063
360,1777810862808,Sad,0.36828,0.22253,-0.03235,0.32561,0.11483,0.0002,0.07988,0.36131,0.22529,-0.03243,0.32467,0.11541,0.00026,0.08041
361,1777810862874,Sad,0.36675,0.22442,-0.03285,0.32565,0.11509,5e-05,0.07999,0.36294,0.22503,-0.03256,0.32496,0.11531,0.00019,0.08028
362,1777810862941,Sad,0.36679,0.22495,-0.0329,0.32604,0.11515,0.00045,0.0798,0.3641,0.22501,-0.03266,0.32529,0.11526,0.00027,0.08014
363,1777810863008,Sad,0.36735,0.22635,-0.03317,0.32662,0.1152,0.00043,0.07938,0.36507,0.22541,-0.03281,0.32569,0.11524,0.00032,0.07991
364,1777810863072,Sad,0.36211,0.22623,-0.03283,0.32605,0.11352,0.00063,0.07912,0.36418,0.22566,-0.03282,0.3258,0.11473,0.00041,0.07967
365,1777810863106,Sad,0.36922,0.22619,-0.03273,0.32576,0.11108,0.00071,0.07903,0.36569,0.22582,-0.03279,0.32579,0.11363,0.0005,0.07948
366,1777810863140,Sad,0.3719,0.22592,-0.03258,0.32558,0.10991,0.00073,0.07909,0.36755,0.22585,-0.03273,0.32572,0.11252,0.00057,0.07936
367,1777810863207,Neutral,0.37377,0.21881,-0.03091,0.32621,0.10919,0.0012,0.07929,0.36942,0.22374,-0.03218,0.32587,0.11152,0.00076,0.07934
368,1777810863240,Neutral,0.37322,0.21604,-0.03064,0.32607,0.10908,0.00173,0.07943,0.37056,0.22143,-0.03172,0.32593,0.11079,0.00105,0.07937
369,1777810863274,Neutral,0.37322,0.21075,-0.02941,0.326,0.10855,0.00206,0.07939,0.37136,0.21822,-0.03103,0.32595,0.11012,0.00135,0.07938
370,1777810863341,Neutral,0.37746,0.20145,-0.02842,0.32666,0.10871,0.00221,0.07828,0.37319,0.21319,-0.03024,0.32616,0.10969,0.00161,0.07905
371,1777810863407,Neutral,0.3811,0.2029,-0.02861,0.32712,0.10863,0.00224,0.07931,0.37556,0.2101,-0.02975,0.32645,0.10937,0.0018,0.07913
372,1777810863439,Neutral,0.37769,0.20631,-0.02848,0.32716,0.10864,0.00268,0.07964,0.3762,0.20896,-0.02937,0.32666,0.10915,0.00206,0.07928
373,1777810863473,Neutral,0.37577,0.20365,-0.02809,0.32695,0.10847,0.00221,0.0799,0.37607,0.20737,-0.02899,0.32675,0.10895,0.00211,0.07947
374,1777810863508,Neutral,0.37413,0.20259,-0.02842,0.32656,0.1083,0.0022,0.07998,0.37549,0.20594,-0.02882,0.32669,0.10875,0.00213,0.07962
375,1777810863574,Neutral,0.37447,0.20082,-0.02775,0.32615,0.10798,0.00294,0.0802,0.37519,0.2044,-0.0285,0.32653,0.10852,0.00238,0.0798
376,1777810863640,Neutral,0.37575,0.19899,-0.02704,0.32572,0.10744,0.00263,0.08061,0.37535,0.20278,-0.02806,0.32628,0.1082,0.00245,0.08004
377,1777810863707,Neutral,0.37474,0.19509,-0.02726,0.32564,0.10779,0.00238,0.08088,0.37517,0.20047,-0.02782,0.32609,0.10808,0.00243,0.08029
378,1777810863740,Neutral,0.37379,0.19393,-0.02666,0.32598,0.10785,0.00252,0.08043,0.37476,0.19851,-0.02747,0.32606,0.10801,0.00246,0.08033
379,1777810863806,Neutral,0.35529,0.19156,-0.02724,0.32719,0.11457,0.00224,0.08107,0.36892,0.19642,-0.0274,0.3264,0.10998,0.00239,0.08055
380,1777810863839,Sad,0.33622,0.19466,-0.02827,0.32746,0.12073,0.00231,0.08069,0.35911,0.1959,-0.02766,0.32672,0.1132,0.00237,0.0806
381,1777810863873,Sad,0.33016,0.19583,-0.02906,0.32728,0.12241,0.00187,0.08058,0.35042,0.19588,-0.02808,0.32689,0.11596,0.00222,0.08059
382,1777810863942,Sad,0.33178,0.19249,-0.02862,0.32772,0.12279,0.00095,0.07988,0.34483,0.19486,-0.02825,0.32714,0.11801,0.00184,0.08038
383,1777810864007,Sad,0.33648,0.19301,-0.02916,0.32796,0.12166,0.00071,0.07928,0.34233,0.19431,-0.02852,0.32738,0.1191,0.0015,0.08005
384,1777810864074,Sad,0.33983,0.19211,-0.02878,0.32806,0.12127,0.00047,0.07967,0.34158,0.19365,-0.0286,0.32759,0.11975,0.00119,0.07993
385,1777810864141,Sad,0.34488,0.19434,-0.02883,0.32759,0.1207,0.0005,0.07946,0.34257,0.19385,-0.02867,0.32759,0.12004,0.00098,0.07979
386,1777810864207,Sad,0.34606,0.19677,-0.02933,0.32753,0.12028,0.00057,0.07931,0.34362,0.19473,-0.02887,0.32757,0.12011,0.00086,0.07965
387,1777810864274,Sad,0.34643,0.19822,-0.02952,0.32715,0.12005,0.00042,0.07938,0.34446,0.19578,-0.02906,0.32745,0.12009,0.00073,0.07957
388,1777810864341,Sad,0.34131,0.19851,-0.02977,0.32715,0.12018,0.0005,0.07883,0.34352,0.19659,-0.02927,0.32736,0.12012,0.00066,0.07935
389,1777810864407,Sad,0.34075,0.19898,-0.02926,0.32754,0.12023,0.00014,0.07813,0.34269,0.19731,-0.02927,0.32741,0.12015,0.0005,0.07898
390,1777810864440,Sad,0.33652,0.20014,-0.02911,0.32802,0.12095,0.00033,0.07845,0.34084,0.19816,-0.02922,0.3276,0.12039,0.00045,0.07882
391,1777810864506,Neutral,0.12443,0.18888,-0.02895,0.32694,0.15118,0.00034,0.08024,0.27591,0.19538,-0.02914,0.3274,0.12963,0.00042,0.07925
392,1777810864539,Neutral,0.0437,0.16031,-0.02592,0.32907,0.16638,0.00214,0.08026,0.20625,0.18486,-0.02817,0.3279,0.14065,0.00093,0.07955
393,1777810864605,Neutral,0.03899,0.04807,-0.01152,0.3354,0.16933,0.00578,0.08138,0.15607,0.14382,-0.02318,0.33015,0.14926,0.00239,0.0801
394,1777810864639,Neutral,0.04124,0.01323,-0.00604,0.33636,0.16796,0.00788,0.08111,0.12162,0.10465,-0.01804,0.33201,0.15487,0.00404,0.0804
395,1777810864673,Neutral,0.09942,0.00422,-0.00221,0.34198,0.16083,0.00664,0.07879,0.11496,0.07452,-0.01329,0.335,0.15666,0.00482,0.07992
396,1777810864740,Neutral,0.21842,0.00584,-0.00399,0.34964,0.14557,0.00722,0.07799,0.146,0.05391,-0.0105,0.33939,0.15333,0.00554,0.07934
397,1777810864806,Neutral,0.13293,0.0022,-0.00511,0.3468,0.16786,0.01081,0.07671,0.14208,0.0384,-0.00888,0.34162,0.15769,0.00712,0.07855
398,1777810864839,Neutral,0.10635,0.00179,-0.00558,0.34623,0.17416,0.01157,0.07581,0.13136,0.02742,-0.00789,0.343,0.16263,0.00846,0.07773
399,1777810864873,Neutral,0.07764,0.00197,-0.00507,0.34506,0.17534,0.01259,0.07671,0.11524,0.01978,-0.00704,0.34362,0.16644,0.0097,0.07742
400,1777810864907,Neutral,0.146,0.00184,-0.00557,0.34599,0.16266,0.01129,0.07685,0.12447,0.0144,-0.0066,0.34433,0.16531,0.01018,0.07725
401,1777810864974,Neutral,0.22841,0.00228,-0.00594,0.34861,0.15028,0.00775,0.07751,0.15565,0.01076,-0.0064,0.34561,0.1608,0.00945,0.07733
402,1777810865040,Neutral,0.27149,0.00281,-0.00994,0.34627,0.14377,0.0057,0.07833,0.1904,0.00838,-0.00746,0.34581,0.15569,0.00832,0.07763
403,1777810865107,Neutral,0.28201,0.00219,-0.01322,0.34909,0.14279,0.00483,0.07854,0.21789,0.00652,-0.00919,0.34679,0.15182,0.00727,0.0779
404,1777810865140,Neutral,0.29058,0.00306,-0.01385,0.34943,0.14134,0.00274,0.07562,0.2397,0.00548,-0.01059,0.34758,0.14868,0.00591,0.07722
405,1777810865206,Neutral,0.26884,0.00329,-0.01453,0.35155,0.14421,0.00237,0.07454,0.24844,0.00482,-0.01177,0.34877,0.14734,0.00485,0.07641
406,1777810865239,Neutral,0.27291,0.00351,-0.01514,0.34937,0.14452,0.00241,0.07449,0.25578,0.00443,-0.01278,0.34895,0.14649,0.00412,0.07584
407,1777810865272,Neutral,0.27423,0.00294,-0.01654,0.34703,0.1441,0.00329,0.07576,0.26131,0.00398,-0.01391,0.34838,0.14577,0.00387,0.07581
408,1777810865305,Neutral,0.27756,0.00232,-0.01737,0.34632,0.1441,0.00383,0.07807,0.26619,0.00349,-0.01495,0.34776,0.14527,0.00386,0.07649
409,1777810865339,Neutral,0.2856,0.0025,-0.02135,0.34597,0.14288,0.00625,0.07614,0.27201,0.00319,-0.01687,0.34722,0.14455,0.00458,0.07639
410,1777810865373,Neutral,0.28622,0.00251,-0.02113,0.34054,0.14296,0.00863,0.07621,0.27627,0.00298,-0.01815,0.34522,0.14407,0.00579,0.07633
411,1777810865440,Neutral,0.3066,0.00571,-0.02091,0.34968,0.14081,0.00282,0.07629,0.28537,0.0038,-0.01898,0.34656,0.14309,0.0049,0.07632
412,1777810865506,Neutral,0.27719,0.00401,-0.01893,0.34619,0.14055,0.00096,0.07862,0.28292,0.00387,-0.01896,0.34645,0.14233,0.00372,0.07701
413,1777810865574,Neutral,0.26678,0.00495,-0.01669,0.34593,0.14354,0.00423,0.08021,0.27807,0.00419,-0.01828,0.34629,0.14269,0.00387,0.07797
414,1777810865606,Neutral,0.27627,0.00256,-0.01212,0.3445,0.14276,0.0049,0.07795,0.27753,0.0037,-0.01643,0.34575,0.14271,0.00418,0.07796
415,1777810865674,Neutral,0.29153,0.00062,-0.00929,0.33773,0.13581,0.00107,0.08252,0.28173,0.00278,-0.01429,0.34335,0.14064,0.00325,0.07933
416,1777810865740,Neutral,0.32766,0.00301,-0.01234,0.31728,0.12994,0.00978,0.07706,0.29551,0.00285,-0.01371,0.33553,0.13743,0.00521,0.07865
417,1777810865807,Neutral,0.31997,0.00365,-0.01172,0.32099,0.12982,0.01241,0.07849,0.30285,0.00309,-0.01311,0.33117,0.13515,0.00737,0.0786
418,1777810865840,Neutral,0.32051,0.00279,-0.0085,0.3252,0.12885,0.00556,0.08089,0.30815,0.003,-0.01173,0.32938,0.13326,0.00683,0.07929
419,1777810865906,Neutral,0.31726,0.00327,-0.01015,0.33012,0.131,0.00248,0.08065,0.31088,0.00308,-0.01125,0.3296,0.13258,0.00552,0.0797
420,1777810865938,Neutral,0.3145,0.00182,-0.01,0.33073,0.13151,0.00295,0.08029,0.31197,0.0027,-0.01088,0.32994,0.13226,0.00475,0.07987
421,1777810865972,Neutral,0.31803,0.00488,-0.01237,0.32862,0.13179,0.00135,0.08192,0.31378,0.00336,-0.01132,0.32954,0.13212,0.00373,0.08049
422,1777810866005,Neutral,0.31655,0.01952,-0.01488,0.31138,0.13055,0.0007,0.08625,0.31461,0.0082,-0.01239,0.3241,0.13165,0.00282,0.08222
423,1777810866040,Neutral,0.3239,0.02865,-0.01469,0.31055,0.13228,0.00156,0.08646,0.3174,0.01434,-0.01308,0.32003,0.13184,0.00244,0.08349
424,1777810866073,Neutral,0.31776,0.04852,-0.01667,0.3079,0.13201,0.0077,0.08447,0.31751,0.02459,-0.01416,0.31639,0.13189,0.00402,0.08378
425,1777810866140,Neutral,0.33811,0.05382,-0.01731,0.30781,0.12903,0.01201,0.08287,0.32369,0.03336,-0.0151,0.31382,0.13103,0.00642,0.08351
426,1777810866205,Neutral,0.32511,0.02643,-0.01939,0.3142,0.13063,0.00836,0.08353,0.32411,0.03128,-0.01639,0.31393,0.13091,0.007,0.08352
427,1777810866239,Neutral,0.32788,0.10534,-0.01974,0.31526,0.1278,0.00953,0.08249,0.32524,0.0535,-0.01739,0.31433,0.12998,0.00776,0.08321
428,1777810866273,Neutral,0.3301,0.14596,-0.02088,0.31597,0.12765,0.00772,0.08266,0.3267,0.08124,-0.01844,0.31482,0.12928,0.00775,0.08304
429,1777810866306,Neutral,0.32407,0.1641,-0.0257,0.31381,0.12815,0.00757,0.08171,0.32591,0.1061,-0.02062,0.31452,0.12894,0.0077,0.08264
430,1777810866338,Neutral,0.32029,0.17475,-0.02791,0.31009,0.12917,0.00672,0.08207,0.32423,0.12669,-0.02281,0.31319,0.12901,0.0074,0.08247
431,1777810866372,Neutral,0.32316,0.18717,-0.02997,0.30927,0.12862,0.00528,0.08223,0.3239,0.14484,-0.02496,0.31201,0.12889,0.00677,0.0824
432,1777810866405,Neutral,0.31902,0.20112,-0.03227,0.31225,0.1304,0.00502,0.08061,0.32244,0.16172,-0.02715,0.31208,0.12935,0.00624,0.08186
433,1777810866438,Neutral,0.3118,0.18856,-0.03105,0.31755,0.13158,0.00523,0.07971,0.31925,0.16977,-0.02832,0.31373,0.13002,0.00594,0.08122
434,1777810866472,Neutral,0.30681,0.17703,-0.02981,0.32078,0.13166,0.00552,0.07955,0.31552,0.17195,-0.02877,0.31584,0.13051,0.00581,0.08072
435,1777810866505,Neutral,0.30618,0.16338,-0.02718,0.32044,0.13132,0.00541,0.08125,0.31272,0.16938,-0.02829,0.31722,0.13075,0.00569,0.08088
436,1777810866539,Neutral,0.30121,0.12962,-0.02212,0.32264,0.13024,0.00553,0.08233,0.30927,0.15745,-0.02644,0.31884,0.1306,0.00564,0.08131
437,1777810866606,Neutral,0.28881,0.07499,-0.01567,0.32914,0.13821,0.00461,0.08451,0.30313,0.13271,-0.02321,0.32193,0.13288,0.00533,0.08227
438,1777810866671,Neutral,0.292,0.07359,-0.01659,0.32756,0.13982,0.00488,0.08284,0.29979,0.11498,-0.02122,0.32362,0.13496,0.0052,0.08244
439,1777810866705,Neutral,0.29329,0.07363,-0.01673,0.32685,0.13933,0.00469,0.08315,0.29784,0.10257,-0.01988,0.32459,0.13627,0.00504,0.08266
440,1777810866739,Neutral,0.29315,0.07583,-0.01807,0.33069,0.13909,0.00324,0.08255,0.29643,0.09455,-0.01933,0.32642,0.13712,0.0045,0.08262
441,1777810866773,Neutral,0.29492,0.06609,-0.01622,0.33368,0.13801,0.0017,0.08282,0.29598,0.08601,-0.0184,0.3286,0.13739,0.00366,0.08268
442,1777810866839,Neutral,0.30804,0.06655,-0.01656,0.33556,0.13403,0.00086,0.0839,0.2996,0.08017,-0.01785,0.33069,0.13638,0.00282,0.08305
443,1777810866872,Neutral,0.31034,0.06144,-0.01558,0.33367,0.13336,0.00116,0.08358,0.30282,0.07455,-0.01717,0.33158,0.13547,0.00232,0.08321
444,1777810866905,Neutral,0.31074,0.0649,-0.0165,0.33071,0.13265,0.00155,0.08279,0.3052,0.07166,-0.01697,0.33132,0.13462,0.00209,0.08308
445,1777810866938,Neutral,0.31186,0.06116,-0.01567,0.32926,0.1328,0.00155,0.08204,0.30719,0.06851,-0.01658,0.3307,0.13408,0.00193,0.08277
446,1777810866972,Neutral,0.31331,0.0669,-0.01646,0.32664,0.13227,0.00162,0.08179,0.30903,0.06803,-0.01654,0.32948,0.13354,0.00184,0.08247
447,1777810867006,Neutral,0.31452,0.07602,-0.01774,0.32518,0.13186,0.00172,0.08148,0.31068,0.07042,-0.0169,0.32819,0.13303,0.0018,0.08218
448,1777810867072,Neutral,0.31425,0.08209,-0.01844,0.32549,0.13122,0.00181,0.08175,0.31175,0.07393,-0.01736,0.32738,0.13249,0.0018,0.08205
449,1777810867104,Neutral,0.3153,0.08358,-0.0188,0.32585,0.13089,0.00149,0.08207,0.31282,0.07682,-0.01779,0.32692,0.13201,0.00171,0.08205
450,1777810867138,Neutral,0.31396,0.08635,-0.01966,0.32622,0.13133,0.00098,0.08134,0.31316,0.07968,-0.01835,0.32671,0.1318,0.00149,0.08184
451,1777810867171,Neutral,0.31727,0.08888,-0.02035,0.32649,0.13123,0.00118,0.08062,0.31439,0.08244,-0.01895,0.32665,0.13163,0.0014,0.08147
452,1777810867205,Neutral,0.3166,0.08696,-0.02045,0.32654,0.13107,0.00182,0.08051,0.31505,0.0838,-0.0194,0.32661,0.13146,0.00152,0.08118
453,1777810867239,Neutral,0.31774,0.08419,-0.02013,0.32661,0.13081,0.00235,0.08054,0.31586,0.08391,-0.01962,0.32661,0.13127,0.00177,0.08099
454,1777810867305,Neutral,0.31961,0.08257,-0.01995,0.32602,0.12972,0.003,0.08056,0.31699,0.08351,-0.01972,0.32644,0.1308,0.00214,0.08086
455,1777810867338,Neutral,0.32105,0.08419,-0.0202,0.32627,0.12934,0.0032,0.08056,0.3182,0.08372,-0.01986,0.32639,0.13036,0.00246,0.08077
456,1777810867371,Neutral,0.32261,0.0853,-0.0202,0.32606,0.12887,0.00313,0.08056,0.31952,0.08419,-0.01997,0.32629,0.12991,0.00266,0.08071
457,1777810867405,Neutral,0.3263,0.08585,-0.02019,0.32585,0.12807,0.00311,0.0806,0.32156,0.08469,-0.02003,0.32616,0.12936,0.00279,0.08068
458,1777810867439,Neutral,0.3296,0.08595,-0.02016,0.3257,0.12728,0.00312,0.08068,0.32397,0.08507,-0.02007,0.32602,0.12874,0.00289,0.08068
459,1777810867473,Neutral,0.3305,0.08667,-0.0202,0.32462,0.12683,0.00313,0.08067,0.32593,0.08555,-0.02011,0.3256,0.12817,0.00296,0.08068
460,1777810867539,Neutral,0.3357,0.08747,-0.02007,0.32176,0.12486,0.00337,0.08008,0.32886,0.08613,-0.0201,0.32445,0.12717,0.00309,0.0805
461,1777810867605,Sad,0.34286,0.09088,-0.02088,0.32147,0.12288,0.00348,0.07991,0.33306,0.08755,-0.02033,0.32356,0.12589,0.0032,0.08032
462,1777810867638,Sad,0.34544,0.0913,-0.02098,0.3214,0.12227,0.00349,0.07994,0.33678,0.08868,-0.02053,0.32291,0.1248,0.00329,0.0802
463,1777810867672,Sad,0.3456,0.08942,-0.0207,0.3214,0.12219,0.00346,0.07995,0.33942,0.0889,-0.02058,0.32246,0.12402,0.00334,0.08013
464,1777810867706,Sad,0.34572,0.08934,-0.02068,0.32149,0.12216,0.00346,0.07997,0.34131,0.08903,-0.02061,0.32217,0.12346,0.00338,0.08008
465,1777810867773,Sad,0.34559,0.08731,-0.02033,0.32167,0.12212,0.00338,0.08006,0.3426,0.08851,-0.02052,0.32202,0.12306,0.00338,0.08007
466,1777810867839,Sad,0.34521,0.08662,-0.02021,0.32207,0.12193,0.00334,0.08003,0.34338,0.08794,-0.02043,0.32204,0.12272,0.00337,0.08006
467,1777810867905,Sad,0.34475,0.08525,-0.01994,0.32212,0.12141,0.00314,0.08,0.34379,0.08714,-0.02028,0.32206,0.12233,0.0033,0.08004
468,1777810867939,Sad,0.34435,0.0854,-0.01993,0.32218,0.12124,0.00306,0.08,0.34396,0.08661,-0.02018,0.3221,0.122,0.00323,0.08003
469,1777810868005,Sad,0.34349,0.08636,-0.01993,0.32093,0.12106,0.00294,0.08003,0.34382,0.08654,-0.0201,0.32175,0.12172,0.00314,0.08003
470,1777810868038,Sad,0.3427,0.08795,-0.02028,0.32106,0.12116,0.00295,0.08028,0.34348,0.08696,-0.02015,0.32154,0.12155,0.00308,0.0801
471,1777810868071,Sad,0.34302,0.0866,-0.0201,0.3212,0.1212,0.00274,0.08067,0.34335,0.08685,-0.02014,0.32144,0.12145,0.00298,0.08027
472,1777810868105,Sad,0.34364,0.08555,-0.0202,0.32162,0.12139,0.00279,0.08098,0.34343,0.08646,-0.02016,0.32149,0.12143,0.00292,0.08048
473,1777810868139,Sad,0.34257,0.08265,-0.01993,0.32218,0.12154,0.00274,0.08093,0.34317,0.08532,-0.02009,0.3217,0.12146,0.00287,0.08062
474,1777810868172,Sad,0.34256,0.08017,-0.01955,0.3227,0.12152,0.00256,0.08102,0.34299,0.08377,-0.01992,0.322,0.12148,0.00277,0.08074
475,1777810868239,Sad,0.34304,0.07869,-0.01921,0.32263,0.12114,0.00271,0.08096,0.343,0.08225,-0.01971,0.32219,0.12138,0.00276,0.08081
476,1777810868305,Sad,0.34429,0.07549,-0.01849,0.32263,0.12059,0.00257,0.08142,0.34339,0.08022,-0.01934,0.32232,0.12114,0.0027,0.08099
477,1777810868338,Sad,0.34483,0.07487,-0.01846,0.32269,0.12046,0.00252,0.08138,0.34382,0.07862,-0.01908,0.32243,0.12094,0.00265,0.08111
478,1777810868371,Sad,0.34546,0.07435,-0.01846,0.32314,0.12033,0.00246,0.08141,0.34431,0.07734,-0.01889,0.32264,0.12075,0.00259,0.0812
479,1777810868405,Sad,0.34489,0.07388,-0.0185,0.32367,0.12033,0.00247,0.08142,0.34449,0.0763,-0.01878,0.32295,0.12063,0.00256,0.08127
480,1777810868470,Sad,0.34415,0.07845,-0.01914,0.32437,0.1203,0.00249,0.08133,0.34439,0.07694,-0.01889,0.32338,0.12053,0.00254,0.08129
481,1777810868505,Sad,0.34412,0.07986,-0.01924,0.32442,0.12039,0.00255,0.08131,0.34431,0.07782,-0.01899,0.32369,0.12049,0.00254,0.08129
482,1777810868538,Sad,0.34234,0.07997,-0.01933,0.32452,0.12055,0.00266,0.08133,0.34372,0.07846,-0.01909,0.32394,0.12051,0.00258,0.08131
483,1777810868571,Neutral,0.29581,0.07968,-0.01952,0.32454,0.12981,0.003,0.08151,0.32935,0.07883,-0.01922,0.32412,0.1233,0.0027,0.08137
484,1777810868605,Neutral,0.12305,0.08205,-0.02022,0.32272,0.16042,0.00402,0.081,0.26746,0.07979,-0.01952,0.3237,0.13444,0.0031,0.08126
485,1777810868639,Neutral,0.05631,0.0886,-0.0213,0.32163,0.17308,0.00485,0.0806,0.20411,0.08244,-0.02005,0.32308,0.14603,0.00362,0.08106
486,1777810868704,Neutral,0.04335,0.07404,-0.01772,0.32124,0.17554,0.00544,0.08048,0.15589,0.07992,-0.01935,0.32253,0.15488,0.00417,0.08089
487,1777810868738,Neutral,0.0845,0.05865,-0.0156,0.32368,0.17055,0.00721,0.0815,0.13447,0.07354,-0.01823,0.32287,0.15958,0.00508,0.08107
488,1777810868805,Neutral,0.12785,0.04029,-0.01246,0.33416,0.16692,0.0087,0.08054,0.13248,0.06356,-0.0165,0.32626,0.16178,0.00617,0.08091
489,1777810868838,Neutral,0.18072,0.03581,-0.0108,0.3386,0.15974,0.01049,0.08044,0.14696,0.05524,-0.01479,0.32996,0.16117,0.00746,0.08077
490,1777810868872,Neutral,0.22056,0.02368,-0.00744,0.34437,0.15387,0.01049,0.08218,0.16904,0.04577,-0.01258,0.33428,0.15898,0.00837,0.08119
491,1777810868937,Neutral,0.25414,0.00283,-0.00154,0.34182,0.147,0.01467,0.07976,0.19457,0.03289,-0.00927,0.33654,0.15539,0.01026,0.08076
492,1777810868971,Neutral,0.3094,0.00461,0.00127,0.33902,0.13408,0.00936,0.08235,0.22902,0.0244,-0.00611,0.33729,0.14899,0.00999,0.08124
493,1777810869005,Neutral,0.3361,0.00582,0.00481,0.33614,0.12685,0.00532,0.08297,0.26114,0.01883,-0.00283,0.33694,0.14235,0.00859,0.08176
494,1777810869038,Neutral,0.34487,0.00615,0.00529,0.33302,0.12424,0.00438,0.08283,0.28626,0.01503,-0.0004,0.33576,0.13692,0.00732,0.08208
495,1777810869071,Neutral,0.33139,0.00687,0.00339,0.33501,0.12414,0.00286,0.08234,0.2998,0.01258,0.00074,0.33554,0.13308,0.00599,0.08216
496,1777810869105,Neutral,0.3296,0.00714,0.00305,0.33278,0.12565,0.00534,0.08148,0.30874,0.01095,0.00143,0.33471,0.13085,0.00579,0.08195
497,1777810869172,Neutral,0.32735,0.00694,0.00158,0.34019,0.12591,0.00625,0.07918,0.31432,0.00975,0.00148,0.33635,0.12937,0.00593,0.08112
498,1777810869238,Neutral,0.33277,0.0047,0.00285,0.34386,0.12537,0.00584,0.07779,0.31986,0.00823,0.00189,0.33861,0.12817,0.0059,0.08012
499,1777810869305,Neutral,0.32866,0.00276,0.00355,0.34631,0.12409,0.00506,0.07701,0.3225,0.00659,0.00239,0.34092,0.12695,0.00565,0.07919
500,1777810869339,Neutral,0.32952,0.00348,0.00316,0.34283,0.12423,0.00535,0.07744,0.32461,0.00566,0.00262,0.34149,0.12613,0.00556,0.07866
501,1777810869405,Neutral,0.3304,0.00358,0.00328,0.34686,0.12479,0.00544,0.07899,0.32635,0.00504,0.00282,0.3431,0.12573,0.00552,0.07876
502,1777810869437,Neutral,0.33129,0.00387,0.00297,0.34237,0.12437,0.00538,0.07917,0.32783,0.00468,0.00287,0.34288,0.12532,0.00548,0.07888
503,1777810869471,Neutral,0.33196,0.00406,0.0027,0.34207,0.12447,0.00528,0.07935,0.32907,0.0045,0.00282,0.34264,0.12507,0.00542,0.07902
504,1777810869504,Neutral,0.33229,0.00591,0.00222,0.33882,0.12436,0.00527,0.07952,0.33003,0.00492,0.00264,0.34149,0.12486,0.00537,0.07917
505,1777810869538,Sad,0.34354,0.00866,0.00124,0.3335,0.12111,0.00665,0.07957,0.33408,0.00604,0.00222,0.3391,0.12373,0.00576,0.07929
506,1777810869572,Sad,0.34735,0.0134,0.00059,0.32439,0.11934,0.00574,0.08092,0.33806,0.00825,0.00173,0.33468,0.12241,0.00575,0.07978
507,1777810869638,Sad,0.35328,0.03604,-0.00123,0.32123,0.11876,0.00511,0.08247,0.34263,0.01659,0.00084,0.33065,0.12132,0.00556,0.08059
508,1777810869671,Sad,0.3561,0.04532,-0.00342,0.32127,0.11965,0.00501,0.081,0.34667,0.02521,-0.00044,0.32784,0.12082,0.0054,0.08071
509,1777810869704,Sad,0.35255,0.06181,-0.00326,0.31785,0.12004,0.00446,0.08064,0.34843,0.03619,-0.00128,0.32484,0.12058,0.00511,0.08069
510,1777810869738,Sad,0.36061,0.07794,-0.00607,0.31671,0.11993,0.00552,0.08032,0.35209,0.04871,-0.00272,0.3224,0.12039,0.00524,0.08058
511,1777810869771,Sad,0.35929,0.083,-0.00718,0.31566,0.11832,0.00658,0.07955,0.35425,0.059,-0.00406,0.32038,0.11977,0.00564,0.08027
512,1777810869805,Sad,0.35952,0.08853,-0.00779,0.31511,0.11784,0.00712,0.07942,0.35583,0.06786,-0.00518,0.3188,0.11919,0.00609,0.08001
513,1777810869871,Sad,0.3775,0.09664,-0.00895,0.315,0.11491,0.00745,0.07991,0.36233,0.07649,-0.00631,0.31766,0.11791,0.0065,0.07998
514,1777810869904,Sad,0.38879,0.11499,-0.0118,0.3152,0.11314,0.00748,0.08026,0.37027,0.08804,-0.00796,0.31692,0.11648,0.00679,0.08007
515,1777810869970,Sad,0.40102,0.12106,-0.01296,0.31186,0.1122,0.00712,0.08056,0.3795,0.09795,-0.00946,0.3154,0.11519,0.00689,0.08021
516,1777810870005,Sad,0.39858,0.1273,-0.01402,0.31428,0.11245,0.00691,0.08061,0.38522,0.10675,-0.01083,0.31507,0.11437,0.0069,0.08033
517,1777810870072,Sad,0.39974,0.13688,-0.01452,0.30996,0.11291,0.00608,0.07954,0.38958,0.11579,-0.01194,0.31354,0.11393,0.00665,0.08009
518,1777810870138,Sad,0.39696,0.14644,-0.01618,0.30937,0.11396,0.00445,0.07927,0.39179,0.12499,-0.01321,0.31228,0.11394,0.00599,0.07985
519,1777810870171,Sad,0.39554,0.1504,-0.01687,0.30921,0.11385,0.00439,0.0791,0.39291,0.13261,-0.01431,0.31136,0.11391,0.00551,0.07962
520,1777810870204,Sad,0.3958,0.15441,-0.01739,0.31026,0.11389,0.00443,0.07917,0.39378,0.13915,-0.01523,0.31103,0.11391,0.00519,0.07949
521,1777810870238,Sad,0.39609,0.15707,-0.01771,0.3105,0.11396,0.00463,0.079,0.39447,0.14453,-0.01598,0.31087,0.11392,0.00502,0.07934
522,1777810870272,Sad,0.39554,0.16045,-0.01766,0.3103,0.11388,0.00457,0.07889,0.39479,0.1493,-0.01648,0.3107,0.11391,0.00488,0.07921
523,1777810870338,Sad,0.39441,0.17722,-0.01858,0.31052,0.11385,0.00497,0.07851,0.39468,0.15768,-0.01711,0.31065,0.11389,0.00491,0.079
524,1777810870404,Sad,0.3934,0.18769,-0.01922,0.30922,0.11365,0.00627,0.07864,0.39429,0.16668,-0.01775,0.31022,0.11382,0.00532,0.07889
525,1777810870437,Sad,0.39286,0.19357,-0.01973,0.30846,0.1135,0.00578,0.07832,0.39386,0.17475,-0.01834,0.30969,0.11372,0.00546,0.07872
526,1777810870471,Sad,0.3933,0.20399,-0.02032,0.30836,0.11362,0.00514,0.07818,0.3937,0.18352,-0.01894,0.30929,0.11369,0.00536,0.07856
527,1777810870505,Sad,0.39347,0.21827,-0.02088,0.30758,0.11338,0.0047,0.07798,0.39363,0.19395,-0.01952,0.30878,0.1136,0.00516,0.07839
528,1777810870572,Sad,0.39113,0.24153,-0.02253,0.30615,0.11351,0.00312,0.07792,0.39288,0.20822,-0.02042,0.30799,0.11357,0.00455,0.07825
529,1777810870604,Sad,0.38799,0.25857,-0.02289,0.30586,0.11344,0.00247,0.07785,0.39141,0.22333,-0.02116,0.30735,0.11353,0.00392,0.07813
530,1777810870637,Sad,0.38429,0.26421,-0.02329,0.3057,0.11297,0.00155,0.07783,0.38927,0.23559,-0.0218,0.30686,0.11336,0.00321,0.07804
531,1777810870670,Sad,0.38634,0.26689,-0.02382,0.30554,0.11196,0.001,0.07778,0.38839,0.24498,-0.02241,0.30646,0.11294,0.00255,0.07796
532,1777810870705,Sad,0.38729,0.26776,-0.02385,0.30529,0.11104,0.00077,0.07775,0.38806,0.25182,-0.02284,0.30611,0.11237,0.00202,0.0779
533,1777810870738,Neutral,0.38774,0.27026,-0.02389,0.30495,0.11049,0.00079,0.07767,0.38796,0.25735,-0.02315,0.30576,0.11181,0.00165,0.07783
534,1777810870805,Neutral,0.38681,0.27405,-0.02365,0.30513,0.11007,0.00044,0.07761,0.38762,0.26236,-0.0233,0.30557,0.11129,0.00128,0.07776
535,1777810870872,Neutral,0.38763,0.27139,-0.02347,0.30583,0.10955,0.00078,0.07759,0.38762,0.26507,-0.02335,0.30565,0.11077,0.00113,0.07771
536,1777810870904,Neutral,0.38783,0.27143,-0.02349,0.30578,0.10923,0.00073,0.07716,0.38769,0.26697,-0.02339,0.30569,0.11031,0.00101,0.07755
537,1777810870938,Neutral,0.38835,0.27129,-0.02366,0.30569,0.10865,0.0007,0.07682,0.38789,0.26827,-0.02348,0.30569,0.10981,0.00092,0.07733
538,1777810870971,Neutral,0.38907,0.27207,-0.02342,0.30569,0.10819,0.0007,0.07691,0.38824,0.26941,-0.02346,0.30569,0.10932,0.00085,0.0772
539,1777810871004,Neutral,0.38924,0.2694,-0.02353,0.30548,0.10807,0.00112,0.07711,0.38854,0.26941,-0.02348,0.30563,0.10895,0.00093,0.07717
540,1777810871071,Neutral,0.38794,0.26706,-0.02358,0.30601,0.10802,0.00141,0.07685,0.38836,0.26871,-0.02351,0.30574,0.10867,0.00108,0.07708
541,1777810871104,Neutral,0.38768,0.26487,-0.02366,0.30624,0.10793,0.00147,0.07682,0.38816,0.26755,-0.02355,0.30589,0.10845,0.0012,0.077
542,1777810871137,Neutral,0.38756,0.26162,-0.02372,0.30647,0.1079,0.00153,0.07675,0.38798,0.26577,-0.0236,0.30606,0.10828,0.0013,0.07693
543,1777810871171,Neutral,0.38824,0.26069,-0.0238,0.30627,0.10787,0.00161,0.07669,0.38806,0.26425,-0.02366,0.30613,0.10816,0.00139,0.07685
544,1777810871204,Neutral,0.38867,0.25958,-0.02384,0.30596,0.10786,0.00169,0.07674,0.38824,0.26285,-0.02372,0.30608,0.10807,0.00148,0.07682
545,1777810871237,Neutral,0.3889,0.25723,-0.02379,0.30591,0.10784,0.00179,0.07681,0.38844,0.26116,-0.02374,0.30603,0.108,0.00157,0.07682
546,1777810871270,Neutral,0.39017,0.2557,-0.02378,0.30588,0.10763,0.00182,0.07694,0.38896,0.25952,-0.02375,0.30598,0.10789,0.00165,0.07686
547,1777810871304,Neutral,0.39044,0.2539,-0.02364,0.30609,0.10768,0.00197,0.077,0.3894,0.25784,-0.02372,0.30601,0.10782,0.00174,0.0769
548,1777810871337,Neutral,0.39181,0.25452,-0.02384,0.30602,0.10741,0.0025,0.07679,0.39012,0.25684,-0.02375,0.30602,0.1077,0.00197,0.07686
549,1777810871370,Neutral,0.3941,0.25441,-0.02395,0.30597,0.10708,0.00248,0.0768,0.39132,0.25611,-0.02381,0.306,0.10752,0.00212,0.07685
550,1777810871405,Neutral,0.39529,0.25316,-0.02395,0.3058,0.10713,0.00253,0.07701,0.39251,0.25523,-0.02386,0.30594,0.1074,0.00224,0.0769
551,1777810871438,Neutral,0.39603,0.25323,-0.02416,0.30571,0.10696,0.00244,0.07714,0.39356,0.25463,-0.02395,0.30587,0.10727,0.0023,0.07697
552,1777810871503,Neutral,0.39708,0.2538,-0.0246,0.30563,0.10686,0.00271,0.07718,0.39462,0.25438,-0.02414,0.3058,0.10715,0.00243,0.07703
553,1777810871537,Neutral,0.39814,0.25323,-0.02466,0.30552,0.10666,0.00263,0.07727,0.39568,0.25403,-0.0243,0.30572,0.107,0.00249,0.0771
554,1777810871570,Neutral,0.39831,0.25425,-0.02503,0.30552,0.10638,0.00248,0.0771,0.39647,0.2541,-0.02452,0.30566,0.10682,0.00249,0.0771
555,1777810871604,Neutral,0.398,0.25495,-0.02525,0.30554,0.10625,0.00255,0.07701,0.39693,0.25436,-0.02474,0.30562,0.10665,0.00251,0.07708
556,1777810871638,Neutral,0.39692,0.25535,-0.02545,0.30554,0.1062,0.00256,0.07712,0.39693,0.25465,-0.02495,0.3056,0.10651,0.00252,0.07709
557,1777810871671,Neutral,0.39618,0.25517,-0.02547,0.30533,0.10627,0.00263,0.07737,0.3967,0.25481,-0.02511,0.30552,0.10644,0.00256,0.07717
558,1777810871738,Neutral,0.39616,0.25667,-0.02519,0.30542,0.10613,0.0028,0.0781,0.39654,0.25537,-0.02513,0.30549,0.10635,0.00263,0.07745
559,1777810871804,Neutral,0.39638,0.26259,-0.02501,0.30473,0.10609,0.00231,0.07819,0.39649,0.25753,-0.0251,0.30526,0.10627,0.00253,0.07767
560,1777810871837,Neutral,0.39629,0.26631,-0.02513,0.30466,0.10606,0.00199,0.07823,0.39643,0.26017,-0.02511,0.30508,0.10621,0.00237,0.07784
561,1777810871870,Neutral,0.39512,0.26929,-0.02537,0.3045,0.10608,0.00184,0.0784,0.39604,0.2629,-0.02519,0.30491,0.10617,0.00221,0.07801
562,1777810871905,Neutral,0.39487,0.27334,-0.02553,0.30406,0.10602,0.00142,0.0782,0.39569,0.26603,-0.02529,0.30465,0.10612,0.00197,0.07806
563,1777810871970,Neutral,0.39483,0.28092,-0.02516,0.30322,0.10581,0.00056,0.07814,0.39543,0.2705,-0.02525,0.30422,0.10603,0.00155,0.07809
564,1777810872004,Neutral,0.39478,0.28747,-0.02521,0.30298,0.10581,0.00047,0.07806,0.39524,0.27559,-0.02524,0.30385,0.10596,0.00123,0.07808
565,1777810872070,Neutral,0.39419,0.30318,-0.02551,0.30291,0.10554,0.00025,0.07733,0.39492,0.28387,-0.02532,0.30357,0.10584,0.00093,0.07786
566,1777810872104,Neutral,0.39296,0.31266,-0.02554,0.30309,0.10559,0.0002,0.07752,0.39433,0.2925,-0.02539,0.30342,0.10576,0.00071,0.07776
567,1777810872138,Neutral,0.39195,0.32256,-0.02555,0.30406,0.10557,0.00017,0.07767,0.39362,0.30152,-0.02543,0.30362,0.10571,0.00055,0.07773
568,1777810872204,Neutral,0.38928,0.32983,-0.02561,0.30554,0.10548,8e-05,0.07788,0.39232,0.31001,-0.02549,0.30419,0.10564,0.00041,0.07778
569,1777810872236,Neutral,0.38947,0.32848,-0.02558,0.30546,0.10526,7e-05,0.0781,0.39146,0.31555,-0.02551,0.30457,0.10552,0.00031,0.07787
570,1777810872270,Neutral,0.38955,0.32722,-0.02558,0.30575,0.10504,6e-05,0.07815,0.39089,0.31905,-0.02553,0.30493,0.10538,0.00023,0.07796
571,1777810872304,Neutral,0.38955,0.32582,-0.02555,0.30647,0.1049,0.00012,0.0783,0.39049,0.32108,-0.02554,0.30539,0.10523,0.0002,0.07806
572,1777810872336,Neutral,0.38953,0.32428,-0.02561,0.30708,0.1048,3e-05,0.0784,0.3902,0.32204,-0.02556,0.3059,0.1051,0.00015,0.07816
573,1777810872370,Neutral,0.38891,0.32336,-0.02556,0.30712,0.10475,0.00029,0.07844,0.38981,0.32244,-0.02556,0.30626,0.105,0.00019,0.07825
574,1777810872403,Neutral,0.38901,0.32086,-0.02556,0.30746,0.10475,0.00029,0.07866,0.38957,0.32196,-0.02556,0.30662,0.10492,0.00022,0.07837
575,1777810872437,Neutral,0.38857,0.3204,-0.02555,0.3078,0.10476,0.00032,0.07876,0.38927,0.3215,-0.02556,0.30698,0.10487,0.00025,0.07849
576,1777810872470,Neutral,0.38798,0.3202,-0.02539,0.30796,0.10477,0.0005,0.07883,0.38889,0.32111,-0.02551,0.30727,0.10484,0.00033,0.07859
577,1777810872503,Neutral,0.3878,0.32127,-0.02534,0.30788,0.10474,0.00051,0.07887,0.38856,0.32116,-0.02546,0.30745,0.10481,0.00038,0.07867
578,1777810872536,Neutral,0.3879,0.32534,-0.0251,0.30784,0.10472,0.0005,0.07886,0.38836,0.32241,-0.02535,0.30757,0.10478,0.00042,0.07873
579,1777810872570,Neutral,0.38758,0.33552,-0.02527,0.30783,0.10466,0.00033,0.07849,0.38813,0.32634,-0.02533,0.30765,0.10475,0.00039,0.07866
580,1777810872604,Neutral,0.38754,0.35544,-0.02559,0.30865,0.10446,4e-05,0.07806,0.38795,0.33507,-0.0254,0.30795,0.10466,0.00029,0.07848
581,1777810872670,Neutral,0.38793,0.40534,-0.02717,0.30804,0.10398,0.00078,0.07756,0.38794,0.35615,-0.02593,0.30798,0.10446,0.00044,0.0782
582,1777810872737,Neutral,0.38857,0.46475,-0.03068,0.30618,0.10344,0.00133,0.07797,0.38813,0.38873,-0.02736,0.30744,0.10415,0.00071,0.07813
583,1777810872804,Neutral,0.39185,0.49677,-0.03434,0.30451,0.10249,0.00216,0.07837,0.38925,0.42114,-0.02945,0.30656,0.10365,0.00114,0.0782
584,1777810872837,Neutral,0.39088,0.51178,-0.03664,0.30437,0.10203,0.00263,0.07817,0.38974,0.44833,-0.03161,0.3059,0.10317,0.00159,0.07819
585,1777810872904,Neutral,0.39148,0.52285,-0.0397,0.30189,0.10177,0.00341,0.07805,0.39026,0.47069,-0.03404,0.3047,0.10275,0.00214,0.07815
586,1777810872937,Neutral,0.39156,0.52298,-0.04072,0.30199,0.10159,0.00346,0.07787,0.39065,0.48638,-0.03604,0.30389,0.1024,0.00253,0.07807
587,1777810872970,Neutral,0.39137,0.52705,-0.04113,0.30093,0.10157,0.00352,0.078,0.39087,0.49858,-0.03757,0.303,0.10215,0.00283,0.07805
588,1777810873003,Neutral,0.39424,0.54291,-0.04149,0.30207,0.10113,0.00361,0.07809,0.39188,0.51188,-0.03874,0.30272,0.10184,0.00306,0.07806
589,1777810873037,Neutral,0.39596,0.54236,-0.04156,0.30074,0.10092,0.00378,0.07821,0.3931,0.52102,-0.03959,0.30213,0.10157,0.00328,0.0781
590,1777810873071,Neutral,0.39594,0.54692,-0.04163,0.3012,0.10086,0.00341,0.07866,0.39395,0.52879,-0.0402,0.30185,0.10136,0.00332,0.07827
591,1777810873137,Neutral,0.39718,0.54941,-0.04168,0.30068,0.10067,0.0033,0.07905,0.39492,0.53498,-0.04064,0.3015,0.10115,0.00331,0.07851
592,1777810873204,Neutral,0.39799,0.54986,-0.04179,0.30096,0.10074,0.00319,0.07928,0.39584,0.53944,-0.04099,0.30134,0.10103,0.00328,0.07874
593,1777810873237,Neutral,0.39905,0.55019,-0.0419,0.30128,0.10057,0.00326,0.07939,0.3968,0.54267,-0.04126,0.30132,0.10089,0.00327,0.07893
594,1777810873270,Neutral,0.39889,0.55196,-0.04231,0.30094,0.10063,0.00331,0.07938,0.39743,0.54546,-0.04158,0.30121,0.10081,0.00328,0.07907
595,1777810873305,Neutral,0.39883,0.53979,-0.04168,0.30096,0.10051,0.00313,0.07894,0.39785,0.54376,-0.04161,0.30113,0.10072,0.00324,0.07903
596,1777810873370,Neutral,0.39843,0.45787,-0.03709,0.30114,0.10057,0.00363,0.07771,0.39802,0.51799,-0.04025,0.30113,0.10068,0.00335,0.07863
597,1777810873404,Neutral,0.39816,0.36753,-0.03259,0.30241,0.10052,0.00402,0.07787,0.39806,0.47285,-0.03795,0.30151,0.10063,0.00355,0.0784
598,1777810873470,Neutral,0.39685,0.19607,-0.02415,0.31002,0.10244,0.00501,0.08285,0.3977,0.38982,-0.03381,0.30407,0.10117,0.00399,0.07974
599,1777810873505,Neutral,0.39563,0.16781,-0.02293,0.31473,0.10311,0.00416,0.08271,0.39708,0.32322,-0.03055,0.30727,0.10176,0.00404,0.08063
600,1777810873537,Neutral,0.39448,0.17266,-0.0239,0.31727,0.10347,0.00508,0.08213,0.3963,0.27805,-0.02855,0.31027,0.10227,0.00435,0.08108
601,1777810873604,Neutral,0.3939,0.14736,-0.0226,0.32128,0.10431,0.00542,0.08133,0.39558,0.23884,-0.02677,0.31357,0.10288,0.00467,0.08116
602,1777810873637,Neutral,0.39321,0.13004,-0.02094,0.32353,0.10462,0.00487,0.08062,0.39487,0.2062,-0.02502,0.31656,0.1034,0.00473,0.081
603,1777810873703,Neutral,0.39116,0.13948,-0.02191,0.32382,0.10493,0.00412,0.08004,0.39375,0.18618,-0.02409,0.31874,0.10386,0.00455,0.08071
604,1777810873737,Neutral,0.38986,0.15768,-0.02313,0.32291,0.10488,0.00433,0.07955,0.39259,0.17763,-0.0238,0.31999,0.10417,0.00448,0.08036
605,1777810873770,Neutral,0.38995,0.16846,-0.02486,0.31832,0.1047,0.00433,0.07921,0.39179,0.17488,-0.02412,0.31949,0.10433,0.00444,0.08001
606,1777810873803,Neutral,0.39036,0.23226,-0.02523,0.31479,0.1037,0.00454,0.07817,0.39136,0.19209,-0.02445,0.31808,0.10414,0.00447,0.07946
607,1777810873836,Neutral,0.39052,0.29451,-0.02664,0.31258,0.10291,0.00374,0.0773,0.39111,0.22282,-0.02511,0.31643,0.10377,0.00425,0.07881
608,1777810873869,Neutral,0.39075,0.36192,-0.02972,0.3114,0.10237,0.00153,0.07722,0.391,0.26455,-0.02649,0.31492,0.10335,0.00343,0.07834
609,1777810873903,Neutral,0.39046,0.40568,-0.03166,0.31113,0.10186,0.00026,0.07793,0.39084,0.30689,-0.02804,0.31378,0.1029,0.00248,0.07822
610,1777810873936,Neutral,0.3903,0.41984,-0.03328,0.31039,0.10132,0.00011,0.07804,0.39068,0.34077,-0.02961,0.31277,0.10243,0.00177,0.07816
611,1777810873970,Neutral,0.38948,0.42309,-0.03364,0.30924,0.10102,0.0008,0.0787,0.39032,0.36547,-0.03082,0.31171,0.10201,0.00148,0.07832
612,1777810874004,Neutral,0.38781,0.41537,-0.0334,0.30816,0.10108,0.00056,0.07873,0.38957,0.38044,-0.03159,0.31064,0.10173,0.0012,0.07845
613,1777810874070,Neutral,0.38702,0.41267,-0.03251,0.30572,0.10126,0.00105,0.07968,0.3888,0.39011,-0.03187,0.30916,0.10159,0.00115,0.07882
614,1777810874103,Neutral,0.38545,0.34625,-0.03191,0.30616,0.10247,0.00115,0.08042,0.3878,0.37695,-0.03188,0.30826,0.10185,0.00115,0.0793
615,1777810874136,Neutral,0.35422,0.27801,-0.03046,0.30851,0.11142,0.00335,0.08108,0.37773,0.34727,-0.03145,0.30834,0.10472,0.00181,0.07983
616,1777810874169,Neutral,0.32974,0.21974,-0.02802,0.31046,0.1187,0.00559,0.08257,0.36333,0.30901,-0.03042,0.30897,0.10891,0.00294,0.08065
617,1777810874204,Sad,0.32632,0.20152,-0.02611,0.31209,0.12043,0.00798,0.08292,0.35223,0.27676,-0.02913,0.30991,0.11237,0.00446,0.08133
618,1777810874237,Sad,0.32756,0.18511,-0.02458,0.31446,0.12126,0.00887,0.08325,0.34483,0.24927,-0.02776,0.31127,0.11504,0.00578,0.08191
619,1777810874303,Sad,0.33083,0.16871,-0.02267,0.31582,0.12157,0.00807,0.08364,0.34063,0.2251,-0.02624,0.31264,0.117,0.00647,0.08243
620,1777810874336,Sad,0.33035,0.15547,-0.02131,0.31654,0.12175,0.0086,0.0832,0.33754,0.20421,-0.02476,0.31381,0.11842,0.00711,0.08266
621,1777810874368,Sad,0.32993,0.13492,-0.01937,0.3169,0.1219,0.00907,0.08295,0.33526,0.18342,-0.02314,0.31474,0.11947,0.0077,0.08275
622,1777810874403,Neutral,0.33054,0.1165,-0.01725,0.31776,0.12218,0.00949,0.08326,0.33385,0.16334,-0.02137,0.31564,0.12028,0.00823,0.0829
623,1777810874437,Neutral,0.33147,0.08729,-0.01367,0.31826,0.12207,0.00965,0.0827,0.33313,0.14053,-0.01906,0.31643,0.12082,0.00866,0.08284
624,1777810874470,Neutral,0.33128,0.0737,-0.01123,0.3197,0.12241,0.00956,0.08268,0.33258,0.12048,-0.01671,0.31741,0.12129,0.00893,0.08279
625,1777810874503,Neutral,0.32992,0.0652,-0.00991,0.31978,0.12284,0.00952,0.08254,0.33178,0.1039,-0.01467,0.31812,0.12176,0.00911,0.08272
626,1777810874536,Neutral,0.32967,0.05351,-0.00892,0.32038,0.12296,0.00936,0.08256,0.33115,0.08878,-0.01295,0.3188,0.12212,0.00918,0.08267
627,1777810874569,Neutral,0.32972,0.05001,-0.0088,0.32065,0.12309,0.00932,0.08261,0.33072,0.07715,-0.0117,0.31935,0.12241,0.00922,0.08265
628,1777810874603,Neutral,0.33006,0.04898,-0.00868,0.32118,0.12319,0.00936,0.08229,0.33052,0.0687,-0.01079,0.3199,0.12265,0.00927,0.08254
629,1777810874636,Neutral,0.32458,0.04788,-0.00848,0.32173,0.12323,0.00926,0.0822,0.32874,0.06245,-0.0101,0.32045,0.12282,0.00926,0.08244
630,1777810874670,Neutral,0.3334,0.04865,-0.00831,0.32127,0.11942,0.00937,0.08206,0.33014,0.05831,-0.00956,0.3207,0.1218,0.0093,0.08233
631,1777810874704,Neutral,0.35848,0.0491,-0.00785,0.32124,0.11417,0.00942,0.0818,0.33864,0.05555,-0.00905,0.32086,0.11951,0.00933,0.08217
632,1777810874769,Neutral,0.37508,0.05306,-0.00813,0.32008,0.1102,0.0095,0.08103,0.34957,0.0548,-0.00877,0.32063,0.11672,0.00938,0.08183
633,1777810874803,Neutral,0.38063,0.05355,-0.00799,0.32047,0.10948,0.00949,0.08084,0.35889,0.05443,-0.00854,0.32058,0.11455,0.00942,0.08153
634,1777810874836,Neutral,0.38295,0.0531,-0.00768,0.31995,0.10915,0.00943,0.08075,0.36611,0.05403,-0.00828,0.32039,0.11293,0.00942,0.0813
635,1777810874902,Neutral,0.3849,0.05817,-0.0077,0.31754,0.10876,0.00939,0.08063,0.37174,0.05527,-0.00811,0.31954,0.11168,0.00941,0.0811
636,1777810874936,Neutral,0.38687,0.06413,-0.00779,0.31669,0.10845,0.00935,0.08059,0.37628,0.05793,-0.00801,0.31868,0.11071,0.00939,0.08094
637,1777810874969,Neutral,0.38693,0.07926,-0.00872,0.31555,0.10828,0.00932,0.08012,0.37948,0.06433,-0.00822,0.31775,0.10998,0.00937,0.0807
638,1777810875003,Neutral,0.38691,0.08458,-0.00892,0.31572,0.10818,0.00922,0.07997,0.38171,0.0704,-0.00843,0.31714,0.10944,0.00933,0.08048
639,1777810875036,Neutral,0.38657,0.09998,-0.01029,0.31503,0.10807,0.00896,0.07977,0.38316,0.07928,-0.00899,0.3165,0.10903,0.00922,0.08026
640,1777810875069,Neutral,0.38716,0.11675,-0.01191,0.31336,0.10787,0.00847,0.07965,0.38436,0.09052,-0.00987,0.31556,0.10868,0.00899,0.08008
641,1777810875103,Neutral,0.38664,0.13903,-0.01356,0.31112,0.10777,0.00774,0.07958,0.38504,0.10507,-0.01098,0.31423,0.10841,0.00862,0.07993
642,1777810875137,Neutral,0.38604,0.1558,-0.01456,0.31015,0.10754,0.00689,0.07933,0.38534,0.12029,-0.01205,0.313,0.10815,0.0081,0.07975
643,1777810875170,Neutral,0.38614,0.16669,-0.01608,0.30926,0.10719,0.00712,0.07917,0.38558,0.13421,-0.01326,0.31188,0.10786,0.0078,0.07958
644,1777810875203,Neutral,0.3863,0.17613,-0.01721,0.30771,0.10692,0.00745,0.07901,0.3858,0.14679,-0.01444,0.31063,0.10758,0.0077,0.07941
645,1777810875236,Neutral,0.38643,0.18024,-0.01807,0.30743,0.10678,0.00753,0.07887,0.38599,0.15682,-0.01553,0.30967,0.10734,0.00765,0.07925
646,1777810875269,Neutral,0.38696,0.18239,-0.01909,0.30724,0.10671,0.00794,0.07883,0.38628,0.16449,-0.0166,0.30894,0.10715,0.00774,0.07912
647,1777810875303,Neutral,0.38692,0.18395,-0.01957,0.30702,0.10661,0.00804,0.07877,0.38647,0.17033,-0.01749,0.30837,0.10699,0.00783,0.07901
648,1777810875336,Neutral,0.38702,0.18562,-0.02021,0.30674,0.10647,0.00836,0.07868,0.38663,0.17492,-0.01831,0.30788,0.10683,0.00799,0.07892
649,1777810875370,Neutral,0.38787,0.18785,-0.02123,0.30626,0.10641,0.00871,0.07872,0.38701,0.1788,-0.01918,0.30739,0.1067,0.0082,0.07886
650,1777810875404,Neutral,0.38804,0.18928,-0.02166,0.30558,0.10631,0.00887,0.07873,0.38732,0.18194,-0.01993,0.30685,0.10659,0.0084,0.07882
651,1777810875436,Neutral,0.38849,0.19034,-0.02199,0.30514,0.10624,0.00927,0.07866,0.38767,0.18446,-0.02054,0.30634,0.10648,0.00866,0.07877
652,1777810875468,Neutral,0.3891,0.19169,-0.02231,0.30496,0.10615,0.00932,0.0785,0.3881,0.18663,-0.02107,0.30592,0.10638,0.00886,0.07869
653,1777810875503,Neutral,0.38962,0.192,-0.02257,0.30487,0.10617,0.00949,0.07843,0.38855,0.18824,-0.02152,0.30561,0.10632,0.00905,0.07861
654,1777810875536,Neutral,0.38982,0.19158,-0.02261,0.30525,0.10613,0.00954,0.07831,0.38893,0.18924,-0.02185,0.3055,0.10626,0.0092,0.07852
655,1777810875569,Neutral,0.38997,0.19009,-0.02273,0.3063,0.10614,0.00949,0.07826,0.38924,0.1895,-0.02211,0.30574,0.10623,0.00928,0.07844
656,1777810875604,Neutral,0.3898,0.18679,-0.02281,0.30651,0.10615,0.00947,0.07798,0.38941,0.18868,-0.02232,0.30597,0.1062,0.00934,0.0783
657,1777810875637,Neutral,0.3898,0.18188,-0.02272,0.30693,0.1062,0.00927,0.07797,0.38953,0.18664,-0.02244,0.30626,0.1062,0.00932,0.0782
658,1777810875703,Neutral,0.17838,0.17301,-0.02217,0.30793,0.14607,0.01046,0.0801,0.32618,0.18255,-0.02236,0.30676,0.11816,0.00966,0.07877
659,1777810875768,Neutral,0.04781,0.16518,-0.02134,0.30998,0.17059,0.01134,0.08105,0.24267,0.17734,-0.02206,0.30773,0.13389,0.01017,0.07946
660,1777810875803,Neutral,0.0618,0.1559,-0.02038,0.31169,0.16745,0.01137,0.08168,0.18841,0.17091,-0.02155,0.30891,0.14396,0.01053,0.08012
661,1777810875836,Neutral,0.12657,0.12796,-0.0167,0.3148,0.15888,0.01132,0.08187,0.16986,0.15802,-0.0201,0.31068,0.14844,0.01077,0.08065
662,1777810875870,Neutral,0.18344,0.10607,-0.01369,0.31879,0.15132,0.00968,0.0824,0.17393,0.14244,-0.01817,0.31311,0.1493,0.01044,0.08117
663,1777810875936,Neutral,0.24806,0.07164,-0.0114,0.32513,0.14064,0.00629,0.08145,0.19617,0.1212,-0.01614,0.31672,0.1467,0.0092,0.08126
664,1777810876002,Neutral,0.28448,0.03694,-0.01284,0.33398,0.13529,0.00633,0.07839,0.22266,0.09592,-0.01515,0.3219,0.14328,0.00834,0.0804
665,1777810876036,Neutral,0.29596,0.01474,-0.01107,0.34157,0.13407,0.00425,0.07938,0.24465,0.07156,-0.01393,0.3278,0.14052,0.00711,0.08009
666,1777810876069,Neutral,0.3023,0.01227,-0.01131,0.3435,0.13433,0.00498,0.07745,0.26195,0.05378,-0.01314,0.33251,0.13866,0.00647,0.0793
667,1777810876103,Neutral,0.30158,0.00133,-0.00821,0.34748,0.13368,0.0031,0.07919,0.27384,0.03804,-0.01166,0.337,0.13717,0.00546,0.07926
668,1777810876168,Neutral,0.30823,0.00175,-0.00666,0.34758,0.13354,0.00023,0.07763,0.28416,0.02716,-0.01016,0.34017,0.13608,0.00389,0.07878
669,1777810876202,Neutral,0.31092,0.002,-0.00128,0.34887,0.13257,0.00118,0.08066,0.29219,0.01961,-0.0075,0.34278,0.13503,0.00308,0.07934
670,1777810876236,Neutral,0.30752,0.00221,-0.00077,0.34837,0.13225,0.00139,0.08137,0.29679,0.01439,-0.00548,0.34446,0.13419,0.00257,0.07995
671,1777810876268,Neutral,0.30879,0.00307,-0.00014,0.34548,0.13215,0.00194,0.08158,0.30039,0.01099,-0.00388,0.34476,0.13358,0.00238,0.08044
672,1777810876303,Neutral,0.30409,0.00326,3e-05,0.34453,0.13274,0.00225,0.08233,0.3015,0.00867,-0.00271,0.3447,0.13333,0.00234,0.08101
673,1777810876336,Neutral,0.3034,0.00475,-0.00087,0.34457,0.13325,0.00242,0.08241,0.30207,0.0075,-0.00215,0.34466,0.1333,0.00237,0.08143
674,1777810876402,Neutral,0.30493,0.00926,-0.00044,0.34703,0.13292,0.00419,0.08198,0.30293,0.00803,-0.00164,0.34537,0.13319,0.00291,0.08159
675,1777810876435,Neutral,0.30548,0.00896,0.00043,0.3454,0.13284,0.00404,0.08158,0.30369,0.00831,-0.00102,0.34538,0.13308,0.00325,0.08159
676,1777810876468,Neutral,0.30609,0.01022,0.00026,0.34502,0.13264,0.00406,0.08167,0.30441,0.00888,-0.00064,0.34527,0.13295,0.00349,0.08162
677,1777810876502,Neutral,0.30847,0.00728,0.00034,0.34506,0.13192,0.00298,0.08228,0.30563,0.0084,-0.00034,0.34521,0.13264,0.00334,0.08181
678,1777810876536,Neutral,0.31412,0.00466,-0.00019,0.34407,0.13076,0.00185,0.08276,0.30818,0.00728,-0.0003,0.34487,0.13208,0.00289,0.0821
679,1777810876569,Neutral,0.31433,0.00289,-0.00068,0.34218,0.13003,0.00257,0.08341,0.31002,0.00596,-0.00041,0.34406,0.13147,0.0028,0.08249
680,1777810876635,Neutral,0.31297,0.0018,-0.00076,0.34136,0.12975,0.00274,0.08371,0.31091,0.00472,-0.00052,0.34325,0.13095,0.00278,0.08286
681,1777810876669,Neutral,0.31088,0.0016,-0.00082,0.34056,0.12965,0.00258,0.08385,0.3109,0.00378,-0.00061,0.34244,0.13056,0.00272,0.08316
682,1777810876702,Neutral,0.30982,0.00167,-0.00024,0.33947,0.12922,0.00169,0.08369,0.31057,0.00315,-0.0005,0.34155,0.13016,0.00241,0.08331
683,1777810876736,Neutral,0.31097,0.00169,0.00017,0.33782,0.12844,0.00099,0.08472,0.31069,0.00271,-0.0003,0.34043,0.12964,0.00199,0.08374
684,1777810876769,Neutral,0.31297,0.0023,0.00107,0.33661,0.12791,0.0016,0.08744,0.31137,0.00259,0.00011,0.33929,0.12912,0.00187,0.08485
685,1777810876803,Neutral,0.31484,0.00277,0.00337,0.33525,0.12814,0.00139,0.09048,0.31242,0.00264,0.00109,0.33808,0.12883,0.00173,0.08654
686,1777810876868,Neutral,0.31699,0.00602,0.00729,0.33357,0.12707,0.0012,0.09376,0.31379,0.00366,0.00295,0.33672,0.1283,0.00157,0.08871
687,1777810876902,Neutral,0.31804,0.0064,0.00989,0.33174,0.12657,0.00092,0.09751,0.31507,0.00448,0.00503,0.33523,0.12778,0.00138,0.09135
688,1777810876935,Neutral,0.31798,0.00685,0.01245,0.33133,0.12651,1e-05,0.10123,0.31594,0.00519,0.00726,0.33406,0.1274,0.00096,0.09431
689,1777810877003,Neutral,0.32004,0.00862,0.01476,0.33576,0.12638,0.00104,0.10335,0.31717,0.00622,0.00951,0.33457,0.1271,0.00099,0.09702
690,1777810877068,Neutral,0.32009,0.00471,0.01509,0.35771,0.12615,0.00105,0.10267,0.31805,0.00577,0.01118,0.34151,0.12681,0.001,0.09872
691,1777810877102,Happy,0.32107,0.00381,0.0151,0.36581,0.1258,0.0007,0.10103,0.31895,0.00518,0.01236,0.3488,0.12651,0.00091,0.09941
692,1777810877168,Happy,0.32146,0.00353,0.01792,0.37164,0.12533,0.00189,0.09971,0.31971,0.00469,0.01403,0.35565,0.12616,0.0012,0.0995
693,1777810877202,Happy,0.32419,0.00375,0.01932,0.37186,0.12474,0.00287,0.09964,0.32105,0.0044,0.01562,0.36052,0.12573,0.0017,0.09954
694,1777810877236,Happy,0.32728,0.00393,0.02121,0.37485,0.12407,0.0033,0.09905,0.32292,0.00426,0.01729,0.36482,0.12523,0.00218,0.0994
695,1777810877269,Happy,0.32953,0.00694,0.02211,0.37475,0.12337,0.00289,0.09815,0.3249,0.00507,0.01874,0.36779,0.12467,0.0024,0.09902
696,1777810877335,Happy,0.33675,0.08909,0.01096,0.35102,0.12149,0.00266,0.09263,0.32846,0.03027,0.0164,0.36276,0.12372,0.00247,0.0971
697,1777810877368,Happy,0.33906,0.11111,0.00438,0.3423,0.12091,0.00276,0.08946,0.33164,0.05452,0.0128,0.35662,0.12288,0.00256,0.09481
698,1777810877401,Neutral,0.34046,0.13256,-0.00326,0.33269,0.12067,0.00062,0.08799,0.33428,0.07793,0.00798,0.34944,0.12221,0.00198,0.09276
699,1777810877435,Neutral,0.34104,0.14029,-0.00846,0.32945,0.12075,0.00042,0.08588,0.33631,0.09664,0.00305,0.34345,0.12178,0.00151,0.0907
700,1777810877469,Sad,0.34105,0.14007,-0.01104,0.32711,0.12075,0.00193,0.08509,0.33773,0.10967,-0.00118,0.33855,0.12147,0.00164,0.08902
701,1777810877503,Sad,0.34124,0.1408,-0.01235,0.32413,0.12077,0.00282,0.08485,0.33879,0.11901,-0.00453,0.33422,0.12126,0.00199,0.08777
702,1777810877568,Sad,0.34791,0.14083,-0.01503,0.32174,0.11706,0.00378,0.08515,0.34152,0.12556,-0.00768,0.33048,0.12,0.00253,0.08698
703,1777810877601,Sad,0.35606,0.14036,-0.01582,0.32007,0.11485,0.00402,0.08555,0.34588,0.13,-0.01012,0.32736,0.11845,0.00298,0.08655
704,1777810877635,Sad,0.36372,0.14038,-0.01666,0.31863,0.11271,0.00394,0.08537,0.35123,0.13311,-0.01208,0.32474,0.11673,0.00327,0.0862
705,1777810877668,Sad,0.3648,0.1413,-0.01716,0.31743,0.11197,0.00382,0.08539,0.3553,0.13557,-0.01361,0.32254,0.1153,0.00343,0.08595
706,1777810877702,Sad,0.36717,0.14314,-0.01759,0.31656,0.11159,0.00364,0.08496,0.35886,0.13784,-0.0148,0.32075,0.11419,0.0035,0.08565
707,1777810877768,Sad,0.36896,0.14534,-0.01874,0.31673,0.11122,0.0026,0.0848,0.36189,0.14009,-0.01598,0.31955,0.1133,0.00323,0.0854
708,1777810877802,Sad,0.36922,0.14773,-0.01983,0.31655,0.11125,0.00245,0.08438,0.36409,0.14238,-0.01714,0.31865,0.11268,0.00299,0.08509
709,1777810877835,Sad,0.3695,0.14972,-0.02044,0.31619,0.11121,0.00229,0.08414,0.36571,0.14459,-0.01813,0.31791,0.11224,0.00278,0.08481
710,1777810877868,Neutral,0.36936,0.15158,-0.02079,0.31595,0.1112,0.00234,0.08397,0.36681,0.14668,-0.01892,0.31732,0.11193,0.00265,0.08456
711,1777810877902,Neutral,0.36907,0.15245,-0.02092,0.31599,0.11139,0.0023,0.08402,0.36748,0.14841,-0.01952,0.31692,0.11177,0.00254,0.0844
712,1777810877936,Neutral,0.36886,0.15326,-0.02123,0.31596,0.11149,0.00248,0.08377,0.3679,0.14987,-0.02004,0.31663,0.11168,0.00253,0.08421
713,1777810877969,Neutral,0.36932,0.15403,-0.02136,0.31585,0.11144,0.00259,0.08394,0.36832,0.15112,-0.02043,0.3164,0.11161,0.00255,0.08413
714,1777810878002,Neutral,0.36927,0.15444,-0.02163,0.31568,0.11136,0.00286,0.08369,0.36861,0.15211,-0.02079,0.31618,0.11153,0.00264,0.084
715,1777810878035,Neutral,0.36893,0.15437,-0.02162,0.31612,0.11134,0.00315,0.08374,0.3687,0.15279,-0.02104,0.31616,0.11148,0.00279,0.08392
716,1777810878102,Neutral,0.36947,0.15506,-0.02182,0.31559,0.1111,0.00355,0.08373,0.36893,0.15347,-0.02128,0.31599,0.11136,0.00302,0.08386
717,1777810878135,Neutral,0.36952,0.15473,-0.02173,0.31544,0.11102,0.00366,0.08377,0.36911,0.15385,-0.02141,0.31582,0.11126,0.00321,0.08383
718,1777810878168,Neutral,0.36968,0.15483,-0.02179,0.31542,0.111,0.00381,0.08378,0.36928,0.15414,-0.02152,0.3157,0.11118,0.00339,0.08382
719,1777810878203,Neutral,0.36935,0.1549,-0.02185,0.31519,0.11107,0.00396,0.08379,0.3693,0.15437,-0.02162,0.31555,0.11115,0.00357,0.08381
720,1777810878235,Neutral,0.36936,0.15465,-0.02197,0.31561,0.11113,0.00423,0.0838,0.36932,0.15445,-0.02173,0.31557,0.11114,0.00376,0.08381
721,1777810878268,Neutral,0.36913,0.15436,-0.02206,0.31599,0.11118,0.00444,0.08383,0.36926,0.15443,-0.02183,0.3157,0.11115,0.00397,0.08381
722,1777810878302,Neutral,0.36904,0.15397,-0.02214,0.31675,0.11121,0.00441,0.08386,0.3692,0.15429,-0.02192,0.31601,0.11117,0.0041,0.08383
723,1777810878335,Neutral,0.36876,0.15406,-0.02216,0.31686,0.11123,0.00439,0.08391,0.36907,0.15422,-0.02199,0.31627,0.11119,0.00419,0.08385
724,1777810878368,Neutral,0.36865,0.15428,-0.02221,0.31701,0.11125,0.00436,0.08377,0.36894,0.15424,-0.02206,0.31649,0.11121,0.00424,0.08383
725,1777810878402,Neutral,0.36908,0.15529,-0.02235,0.31697,0.11124,0.00435,0.08369,0.36898,0.15455,-0.02214,0.31664,0.11122,0.00427,0.08379
726,1777810878436,Neutral,0.37248,0.15583,-0.0224,0.31662,0.11066,0.00434,0.08374,0.37003,0.15494,-0.02222,0.31663,0.11105,0.00429,0.08377
727,1777810878499,Neutral,0.38421,0.15686,-0.02273,0.31661,0.10847,0.00399,0.08341,0.37429,0.15551,-0.02237,0.31662,0.11027,0.0042,0.08366
728,1777810878533,Neutral,0.38979,0.15907,-0.02305,0.31709,0.1075,0.00372,0.08335,0.37894,0.15658,-0.02258,0.31676,0.10944,0.00406,0.08357
729,1777810878567,Neutral,0.39351,0.15953,-0.02315,0.31703,0.10687,0.00352,0.08324,0.38331,0.15747,-0.02275,0.31684,0.10867,0.00389,0.08347
730,1777810878600,Neutral,0.39613,0.16093,-0.02338,0.31666,0.10632,0.00345,0.08309,0.38716,0.1585,-0.02294,0.31679,0.10796,0.00376,0.08336
731,1777810878668,Neutral,0.39785,0.1958,-0.02603,0.31656,0.10537,0.00314,0.08231,0.39036,0.16969,-0.02386,0.31672,0.10719,0.00357,0.08304
732,1777810878702,Neutral,0.39816,0.24077,-0.02851,0.31598,0.10466,0.00086,0.08159,0.3927,0.19101,-0.02526,0.3165,0.10643,0.00276,0.08261
733,1777810878734,Neutral,0.39809,0.325,-0.03387,0.3143,0.10366,0.00046,0.0802,0.39432,0.23121,-0.02784,0.31584,0.1056,0.00207,0.08189
734,1777810878768,Neutral,0.39702,0.41961,-0.039,0.31229,0.10253,6e-05,0.07905,0.39513,0.28773,-0.03119,0.31478,0.10468,0.00147,0.08103
735,1777810878802,Neutral,0.39725,0.48177,-0.04576,0.30955,0.10139,0.00188,0.07801,0.39576,0.34594,-0.03556,0.31321,0.10369,0.00159,0.08013
736,1777810878835,Neutral,0.39868,0.54644,-0.0521,0.30837,0.10012,0.00339,0.07717,0.39664,0.40609,-0.04052,0.31176,0.10262,0.00213,0.07924
737,1777810878868,Neutral,0.40137,0.57098,-0.05478,0.30562,0.09912,0.00649,0.07658,0.39806,0.45556,-0.0448,0.30991,0.10157,0.00344,0.07844
738,1777810878902,Neutral,0.40488,0.58809,-0.05671,0.30362,0.09832,0.0068,0.07652,0.4001,0.49532,-0.04837,0.30803,0.10059,0.00445,0.07787
739,1777810878967,Surprised,0.41108,0.60349,-0.05922,0.29892,0.09685,0.00827,0.0764,0.40339,0.52777,-0.05163,0.3053,0.09947,0.00559,0.07743
740,1777810879001,Surprised,0.41176,0.61284,-0.0601,0.2972,0.09657,0.00842,0.07632,0.4059,0.55329,-0.05417,0.30287,0.0986,0.00644,0.0771
741,1777810879035,Surprised,0.41258,0.61585,-0.06055,0.29617,0.0965,0.00814,0.07645,0.40791,0.57206,-0.05608,0.30086,0.09797,0.00695,0.0769
742,1777810879067,Surprised,0.41335,0.61769,-0.06023,0.29604,0.09636,0.00802,0.07676,0.40954,0.58575,-0.05733,0.29941,0.09749,0.00727,0.07686
743,1777810879102,Surprised,0.41418,0.61861,-0.06012,0.29583,0.09606,0.00763,0.07674,0.41093,0.59561,-0.05817,0.29834,0.09706,0.00738,0.07682
744,1777810879136,Surprised,0.41452,0.61934,-0.06016,0.29557,0.09585,0.00772,0.0772,0.41201,0.60272,-0.05876,0.29751,0.0967,0.00748,0.07693
745,1777810879201,Surprised,0.41635,0.61924,-0.05988,0.2951,0.09519,0.00765,0.07764,0.41331,0.60768,-0.0591,0.29679,0.09624,0.00753,0.07715
746,1777810879235,Surprised,0.41696,0.61962,-0.06006,0.29489,0.09502,0.00763,0.07807,0.41441,0.61126,-0.05939,0.29622,0.09588,0.00756,0.07742
747,1777810879302,Surprised,0.41786,0.61803,-0.05996,0.29489,0.0951,0.00756,0.07805,0.41544,0.61329,-0.05956,0.29582,0.09564,0.00756,0.07761
748,1777810879335,Surprised,0.41815,0.62083,-0.06019,0.29477,0.09515,0.00752,0.07795,0.41626,0.61555,-0.05975,0.2955,0.0955,0.00755,0.07771
749,1777810879368,Surprised,0.41819,0.61975,-0.06012,0.29458,0.09518,0.0075,0.07796,0.41684,0.61681,-0.05986,0.29523,0.0954,0.00753,0.07779
750,1777810879401,Surprised,0.41798,0.61884,-0.0601,0.29457,0.09523,0.00745,0.078,0.41718,0.61742,-0.05993,0.29503,0.09535,0.00751,0.07785
751,1777810879435,Surprised,0.41757,0.6197,-0.06025,0.29424,0.09533,0.00736,0.0779,0.4173,0.6181,-0.06003,0.29479,0.09534,0.00746,0.07786
752,1777810879535,Surprised,0.41533,0.61721,-0.06035,0.29516,0.09584,0.00721,0.0779,0.41671,0.61784,-0.06013,0.2949,0.09549,0.00739,0.07787
753,1777810879568,Surprised,0.41523,0.61619,-0.06039,0.29554,0.09589,0.00728,0.07789,0.41626,0.61734,-0.0602,0.29509,0.09561,0.00735,0.07788
754,1777810879601,Surprised,0.41496,0.61563,-0.06036,0.29578,0.09594,0.00728,0.07777,0.41587,0.61683,-0.06025,0.2953,0.09571,0.00733,0.07785
755,1777810879635,Surprised,0.41445,0.61537,-0.06037,0.2959,0.09606,0.00735,0.07768,0.41545,0.61639,-0.06029,0.29548,0.09582,0.00734,0.0778
756,1777810879700,Surprised,0.41376,0.60881,-0.06023,0.29628,0.09615,0.00741,0.0776,0.41494,0.61412,-0.06027,0.29572,0.09592,0.00736,0.07774
757,1777810879735,Surprised,0.41314,0.60238,-0.05995,0.29719,0.0963,0.00715,0.07763,0.4144,0.61059,-0.06017,0.29616,0.09603,0.0073,0.07771
758,1777810879801,Surprised,0.40947,0.54532,-0.05493,0.30104,0.09743,0.00747,0.07808,0.41292,0.59101,-0.0586,0.29762,0.09645,0.00735,0.07782
759,1777810879836,Surprised,0.40827,0.51039,-0.05237,0.30338,0.09789,0.00711,0.07821,0.41153,0.56683,-0.05673,0.29935,0.09688,0.00728,0.07793
760,1777810879901,Surprised,0.40679,0.46199,-0.04943,0.30572,0.09858,0.00609,0.07734,0.41011,0.53537,-0.05454,0.30126,0.09739,0.00692,0.07776
761,1777810879934,Surprised,0.4043,0.44328,-0.04806,0.30631,0.09905,0.00509,0.07756,0.40836,0.50775,-0.0526,0.30277,0.09789,0.00637,0.0777
762,1777810879967,Surprised,0.40019,0.43,-0.0471,0.30747,0.09977,0.00411,0.07772,0.40591,0.48442,-0.05095,0.30418,0.09845,0.00569,0.0777
763,1777810880001,Surprised,0.39775,0.40503,-0.0459,0.30777,0.10042,0.00406,0.07775,0.40346,0.4606,-0.04943,0.30526,0.09904,0.0052,0.07772
764,1777810880035,Neutral,0.396,0.38865,-0.0447,0.30794,0.10081,0.00361,0.0778,0.40122,0.43902,-0.04801,0.30606,0.09957,0.00473,0.07774
765,1777810880101,Neutral,0.39474,0.37092,-0.04249,0.30859,0.10112,0.00254,0.07774,0.39928,0.41859,-0.04635,0.30682,0.10004,0.00407,0.07774
766,1777810880134,Neutral,0.39397,0.3701,-0.04216,0.30902,0.1012,0.00249,0.07758,0.39769,0.40404,-0.0451,0.30748,0.10039,0.0036,0.07769
767,1777810880201,Neutral,0.39282,0.35949,-0.04135,0.30817,0.10148,0.00217,0.07775,0.39623,0.39067,-0.04397,0.30769,0.10071,0.00317,0.07771
768,1777810880234,Neutral,0.39155,0.3582,-0.04079,0.30819,0.10169,0.00218,0.07773,0.39482,0.38093,-0.04302,0.30784,0.10101,0.00287,0.07772
769,1777810880268,Neutral,0.39016,0.35641,-0.04062,0.30798,0.10203,0.00201,0.07795,0.39342,0.37357,-0.0423,0.30788,0.10131,0.00262,0.07779
770,1777810880302,Neutral,0.38931,0.35051,-0.03982,0.30809,0.10214,0.00201,0.07831,0.39219,0.36665,-0.04156,0.30794,0.10156,0.00243,0.07794
771,1777810880367,Neutral,0.38887,0.34512,-0.03939,0.30804,0.10229,0.00206,0.07838,0.39119,0.36019,-0.04091,0.30797,0.10178,0.00232,0.07807
772,1777810880401,Neutral,0.38882,0.34428,-0.0391,0.30805,0.10241,0.00217,0.07849,0.39048,0.35542,-0.04036,0.308,0.10197,0.00228,0.0782
773,1777810880434,Neutral,0.38866,0.3447,-0.03894,0.30803,0.10247,0.00233,0.07849,0.38993,0.3522,-0.03994,0.30801,0.10212,0.00229,0.07829
774,1777810880467,Neutral,0.38787,0.34573,-0.03893,0.30798,0.10259,0.00241,0.07849,0.38932,0.35026,-0.03963,0.308,0.10226,0.00233,0.07835
775,1777810880502,Neutral,0.38739,0.3461,-0.03885,0.30801,0.10266,0.00231,0.0786,0.38874,0.34901,-0.0394,0.308,0.10238,0.00232,0.07842
776,1777810880535,Neutral,0.38718,0.3456,-0.03869,0.30798,0.10273,0.00211,0.07878,0.38827,0.34799,-0.03918,0.30799,0.10249,0.00226,0.07853
777,1777810880601,Neutral,0.38675,0.34106,-0.03858,0.3088,0.10289,0.00217,0.07904,0.38781,0.34591,-0.039,0.30824,0.10261,0.00223,0.07868
778,1777810880634,Neutral,0.38659,0.3323,-0.03832,0.30875,0.10305,0.00204,0.07928,0.38745,0.34183,-0.0388,0.30839,0.10274,0.00217,0.07886
779,1777810880667,Neutral,0.38643,0.32295,-0.03804,0.30897,0.10313,0.00239,0.0792,0.38714,0.33616,-0.03857,0.30856,0.10286,0.00224,0.07896
780,1777810880700,Neutral,0.38626,0.31207,-0.03759,0.30905,0.10315,0.0023,0.07937,0.38688,0.32894,-0.03828,0.30871,0.10295,0.00226,0.07908
781,1777810880735,Neutral,0.38618,0.30236,-0.03684,0.30911,0.1032,0.00191,0.07941,0.38667,0.32096,-0.03784,0.30883,0.10302,0.00215,0.07918
782,1777810880768,Neutral,0.38589,0.29464,-0.03624,0.30935,0.10324,0.0022,0.07932,0.38644,0.31307,-0.03736,0.30899,0.10309,0.00217,0.07922
783,1777810880834,Neutral,0.38471,0.27704,-0.03486,0.30953,0.10368,0.00289,0.07953,0.38592,0.30226,-0.03661,0.30915,0.10327,0.00238,0.07932
784,1777810880867,Neutral,0.38477,0.26147,-0.03351,0.30944,0.10369,0.00427,0.07938,0.38557,0.29002,-0.03568,0.30924,0.10339,0.00295,0.07934
785,1777810880901,Neutral,0.38496,0.24624,-0.03237,0.30966,0.10381,0.00439,0.07952,0.38539,0.27689,-0.03469,0.30937,0.10352,0.00338,0.07939
786,1777810880934,Neutral,0.3852,0.23448,-0.0313,0.30943,0.10384,0.00462,0.07956,0.38533,0.26417,-0.03367,0.30939,0.10362,0.00375,0.07944
787,1777810881001,Neutral,0.3856,0.20064,-0.02963,0.30987,0.10421,0.00536,0.08121,0.38541,0.24511,-0.03246,0.30953,0.10379,0.00424,0.07997
788,1777810881034,Neutral,0.38546,0.19252,-0.02884,0.30998,0.10441,0.00472,0.08138,0.38543,0.22933,-0.03137,0.30966,0.10398,0.00438,0.08039
789,1777810881067,Neutral,0.38529,0.18247,-0.02829,0.30997,0.10462,0.00399,0.08213,0.38539,0.21527,-0.03045,0.30976,0.10417,0.00426,0.08091
790,1777810881101,Neutral,0.38542,0.17377,-0.02722,0.31046,0.10462,0.00351,0.08344,0.3854,0.20282,-0.02948,0.30997,0.10431,0.00404,0.08167
791,1777810881134,Neutral,0.38486,0.16819,-0.02704,0.31101,0.10487,0.00354,0.08403,0.38524,0.19243,-0.02875,0.31028,0.10447,0.00389,0.08238
792,1777810881167,Neutral,0.38538,0.16061,-0.02649,0.31148,0.105,0.00389,0.08445,0.38528,0.18289,-0.02807,0.31064,0.10463,0.00389,0.083
793,1777810881202,Neutral,0.38645,0.15364,-0.02566,0.3122,0.10505,0.00437,0.08457,0.38563,0.17411,-0.02735,0.31111,0.10476,0.00403,0.08347
794,1777810881235,Neutral,0.38749,0.14886,-0.02474,0.31255,0.10507,0.00404,0.08465,0.38619,0.16654,-0.02656,0.31154,0.10485,0.00403,0.08383
795,1777810881301,Neutral,0.38896,0.14177,-0.02397,0.31417,0.10505,0.00379,0.08458,0.38702,0.1591,-0.02579,0.31233,0.10491,0.00396,0.08405
796,1777810881333,Neutral,0.38961,0.14097,-0.02388,0.3146,0.10508,0.00373,0.08458,0.3878,0.15366,-0.02521,0.31301,0.10496,0.00389,0.08421
797,1777810881367,Neutral,0.39065,0.14088,-0.02372,0.31495,0.10508,0.00382,0.08451,0.38865,0.14983,-0.02476,0.31359,0.105,0.00387,0.0843
798,1777810881401,Neutral,0.39141,0.1403,-0.02357,0.31547,0.10512,0.0038,0.08446,0.38948,0.14697,-0.02441,0.31416,0.10503,0.00385,0.08435
799,1777810881435,Neutral,0.39172,0.13967,-0.02343,0.31592,0.10512,0.00389,0.0844,0.39015,0.14478,-0.02411,0.31469,0.10506,0.00386,0.08436
800,1777810881500,Neutral,0.39205,0.14052,-0.02343,0.31625,0.10504,0.00393,0.08439,0.39072,0.1435,-0.02391,0.31516,0.10505,0.00388,0.08437
801,1777810881534,Neutral,0.39198,0.14046,-0.02341,0.3165,0.10502,0.00397,0.08438,0.3911,0.14259,-0.02376,0.31556,0.10504,0.00391,0.08438
802,1777810881567,Neutral,0.39216,0.14271,-0.02354,0.31656,0.10504,0.00421,0.08438,0.39142,0.14262,-0.02369,0.31586,0.10504,0.004,0.08438
803,1777810881601,Neutral,0.39246,0.17334,-0.02549,0.31616,0.10502,0.00583,0.08356,0.39173,0.15184,-0.02423,0.31595,0.10503,0.00455,0.08413
804,1777810881634,Neutral,0.39226,0.20209,-0.02651,0.31482,0.10494,0.00555,0.08304,0.39189,0.16691,-0.02491,0.31561,0.10501,0.00485,0.08381
805,1777810881668,Neutral,0.39193,0.25128,-0.02855,0.31288,0.10453,0.00422,0.08262,0.3919,0.19222,-0.02601,0.31479,0.10486,0.00466,0.08345
806,1777810881701,Neutral,0.3908,0.28126,-0.03004,0.30916,0.10435,0.00282,0.08249,0.39157,0.21893,-0.02722,0.3131,0.10471,0.00411,0.08316
807,1777810881734,Neutral,0.38988,0.30268,-0.03147,0.30871,0.10423,0.00218,0.08267,0.39106,0.24406,-0.02849,0.31179,0.10456,0.00353,0.08302
808,1777810881767,Neutral,0.3885,0.3163,-0.03292,0.30844,0.10408,0.0026,0.08253,0.39029,0.26573,-0.02982,0.31078,0.10442,0.00325,0.08287
809,1777810881801,Neutral,0.38706,0.31648,-0.03342,0.3084,0.10394,0.00272,0.08233,0.38932,0.28095,-0.0309,0.31007,0.10428,0.00309,0.08271
810,1777810881834,Neutral,0.3862,0.31082,-0.03368,0.30827,0.10399,0.00244,0.08233,0.38839,0.28992,-0.03173,0.30953,0.10419,0.0029,0.08259
811,1777810881866,Neutral,0.38547,0.3085,-0.03359,0.30803,0.10398,0.00253,0.08218,0.38751,0.29549,-0.03229,0.30908,0.10413,0.00279,0.08247
812,1777810881901,Neutral,0.38535,0.28708,-0.03368,0.30831,0.10396,0.00285,0.08214,0.38686,0.29297,-0.03271,0.30885,0.10408,0.00281,0.08237
813,1777810881935,Neutral,0.38545,0.2475,-0.03276,0.3083,0.10411,0.00292,0.08281,0.38644,0.27933,-0.03272,0.30868,0.10408,0.00284,0.0825
814,1777810882000,Neutral,0.38524,0.16592,-0.02793,0.31088,0.10509,0.00216,0.08398,0.38608,0.24531,-0.03129,0.30934,0.10439,0.00264,0.08295
815,1777810882034,Neutral,0.38646,0.12621,-0.02382,0.31517,0.10533,0.00316,0.08413,0.38619,0.20958,-0.02905,0.31109,0.10467,0.00279,0.0833
816,1777810882067,Neutral,0.38804,0.08225,-0.01942,0.31849,0.10523,0.00352,0.08393,0.38675,0.17138,-0.02616,0.31331,0.10484,0.00301,0.08349
817,1777810882099,Neutral,0.38889,0.04918,-0.01573,0.32309,0.10536,0.00363,0.08391,0.38739,0.13472,-0.02303,0.31624,0.10499,0.0032,0.08362
818,1777810882134,Neutral,0.38963,0.03159,-0.01299,0.32612,0.1054,0.00355,0.08366,0.38806,0.10378,-0.02002,0.31921,0.10511,0.0033,0.08363
819,1777810882168,Neutral,0.39057,0.03151,-0.0118,0.32625,0.10531,0.0035,0.08369,0.38881,0.0821,-0.01755,0.32132,0.10517,0.00336,0.08365
820,1777810882233,Neutral,0.39281,0.10406,-0.01645,0.32528,0.10515,0.00228,0.08389,0.39001,0.08869,-0.01722,0.32251,0.10517,0.00304,0.08372
821,1777810882266,Neutral,0.39274,0.19241,-0.02327,0.31832,0.10472,0.00393,0.08321,0.39083,0.11981,-0.01903,0.32125,0.10503,0.0033,0.08357
822,1777810882300,Neutral,0.39205,0.26339,-0.0277,0.3143,0.10434,0.00318,0.08288,0.3912,0.16288,-0.02163,0.31917,0.10482,0.00326,0.08336
823,1777810882333,Neutral,0.39082,0.29723,-0.03103,0.31168,0.10402,0.00422,0.08236,0.39108,0.20319,-0.02445,0.31692,0.10458,0.00355,0.08306
824,1777810882367,Neutral,0.38973,0.30508,-0.03258,0.3101,0.10384,0.00444,0.0818,0.39068,0.23375,-0.02689,0.31487,0.10436,0.00382,0.08268
825,1777810882401,Neutral,0.38903,0.30767,-0.03302,0.30958,0.10371,0.00442,0.08164,0.39018,0.25593,-0.02873,0.31329,0.10416,0.004,0.08237
826,1777810882466,Neutral,0.38751,0.30477,-0.03317,0.30939,0.10359,0.00426,0.08148,0.38938,0.27058,-0.03006,0.31212,0.10399,0.00408,0.0821
827,1777810882500,Neutral,0.38705,0.29533,-0.03307,0.30936,0.10359,0.00413,0.08148,0.38868,0.27801,-0.03097,0.31129,0.10387,0.00409,0.08192
828,1777810882533,Neutral,0.38659,0.27085,-0.0329,0.30826,0.10403,0.00342,0.08192,0.38805,0.27586,-0.03155,0.31038,0.10392,0.00389,0.08192
829,1777810882566,Neutral,0.38708,0.23545,-0.03135,0.30883,0.10451,0.00309,0.08344,0.38776,0.26374,-0.03149,0.30992,0.1041,0.00365,0.08237
830,1777810882601,Neutral,0.38794,0.18648,-0.02868,0.31108,0.10493,0.00332,0.08427,0.38782,0.24056,-0.03065,0.31027,0.10435,0.00355,0.08294
831,1777810882635,Neutral,0.38884,0.15131,-0.02693,0.31414,0.10544,0.00431,0.08472,0.38812,0.21379,-0.02953,0.31143,0.10467,0.00378,0.08347
832,1777810882700,Neutral,0.39118,0.10928,-0.02327,0.31975,0.10607,0.00578,0.08531,0.38904,0.18244,-0.02765,0.31392,0.10509,0.00438,0.08403
833,1777810882733,Neutral,0.39196,0.0917,-0.0211,0.32102,0.10617,0.00653,0.08533,0.38992,0.15521,-0.02569,0.31605,0.10542,0.00502,0.08442
834,1777810882766,Neutral,0.3927,0.0792,-0.01909,0.32196,0.10629,0.00703,0.08542,0.39075,0.13241,-0.02371,0.31783,0.10568,0.00563,0.08472
835,1777810882800,Neutral,0.39314,0.06531,-0.01667,0.32236,0.1063,0.00699,0.08549,0.39147,0.11228,-0.0216,0.31918,0.10587,0.00603,0.08495
836,1777810882834,Neutral,0.39329,0.06066,-0.01503,0.32251,0.10632,0.00631,0.08551,0.39201,0.09679,-0.01962,0.32018,0.106,0.00612,0.08512
837,1777810882867,Neutral,0.39321,0.05542,-0.01394,0.32271,0.10637,0.00593,0.08566,0.39237,0.08438,-0.01792,0.32094,0.10611,0.00606,0.08528
838,1777810882900,Neutral,0.39345,0.05098,-0.01345,0.32315,0.1064,0.00575,0.08568,0.3927,0.07436,-0.01658,0.3216,0.1062,0.00597,0.0854
839,1777810882934,Neutral,0.39363,0.05115,-0.01293,0.32283,0.10639,0.00566,0.08565,0.39298,0.0674,-0.01548,0.32197,0.10626,0.00588,0.08548
840,1777810882966,Neutral,0.39386,0.04744,-0.01236,0.32285,0.10638,0.00552,0.08571,0.39324,0.06141,-0.01455,0.32223,0.10629,0.00577,0.08555
841,1777810883000,Neutral,0.39497,0.04611,-0.01185,0.3226,0.1062,0.00516,0.08548,0.39376,0.05682,-0.01374,0.32234,0.10627,0.00559,0.08553
842,1777810883033,Neutral,0.39595,0.04731,-0.01151,0.32255,0.10598,0.0051,0.08576,0.39442,0.05397,-0.01307,0.32241,0.10618,0.00544,0.0856
843,1777810883067,Neutral,0.39659,0.04948,-0.01112,0.32205,0.10571,0.00518,0.08613,0.39507,0.05262,-0.01249,0.3223,0.10604,0.00536,0.08576
844,1777810883101,Neutral,0.39633,0.05353,-0.01131,0.32212,0.10587,0.00471,0.08625,0.39545,0.05289,-0.01213,0.32225,0.10599,0.00517,0.08591
845,1777810883166,Neutral,0.39683,0.05254,-0.01125,0.32231,0.10606,0.00431,0.08599,0.39586,0.05279,-0.01187,0.32227,0.10601,0.00491,0.08593
846,1777810883200,Neutral,0.39653,0.04829,-0.01108,0.32239,0.10618,0.0042,0.08616,0.39606,0.05144,-0.01163,0.3223,0.10606,0.0047,0.086
847,1777810883265,Neutral,0.39575,0.03873,-0.01071,0.32308,0.10659,0.00397,0.08621,0.39597,0.04763,-0.01135,0.32254,0.10622,0.00448,0.08606
848,1777810883300,Neutral,0.39591,0.03678,-0.01071,0.32344,0.1066,0.00395,0.08602,0.39595,0.04437,-0.01116,0.32281,0.10633,0.00432,0.08605
849,1777810883334,Neutral,0.39596,0.03539,-0.01066,0.32362,0.10666,0.00393,0.08616,0.39595,0.04168,-0.01101,0.32305,0.10643,0.0042,0.08608
850,1777810883400,Neutral,0.39643,0.03533,-0.01072,0.32369,0.10679,0.00385,0.086,0.3961,0.03977,-0.01092,0.32324,0.10654,0.0041,0.08606
851,1777810883433,Neutral,0.39657,0.03559,-0.0108,0.32395,0.10678,0.00378,0.08581,0.39624,0.03852,-0.01088,0.32346,0.10661,0.004,0.08598
852,1777810883466,Neutral,0.39664,0.03552,-0.01084,0.32396,0.10681,0.00368,0.08573,0.39636,0.03762,-0.01087,0.32361,0.10667,0.00391,0.08591
853,1777810883500,Neutral,0.39645,0.03493,-0.01078,0.32392,0.10687,0.00366,0.08573,0.39638,0.03681,-0.01084,0.3237,0.10673,0.00383,0.08586
854,1777810883533,Neutral,0.39649,0.03482,-0.01087,0.32406,0.10681,0.00347,0.08564,0.39642,0.03622,-0.01085,0.32381,0.10675,0.00372,0.08579
855,1777810883567,Neutral,0.39661,0.0346,-0.01088,0.3241,0.10674,0.0034,0.08563,0.39648,0.03573,-0.01086,0.3239,0.10675,0.00363,0.08574
856,1777810883633,Neutral,0.39686,0.03324,-0.01064,0.32369,0.10676,0.00344,0.08567,0.39659,0.03498,-0.01079,0.32384,0.10675,0.00357,0.08572
857,1777810883666,Neutral,0.39688,0.03311,-0.01063,0.32374,0.10674,0.00345,0.08564,0.39668,0.03442,-0.01075,0.32381,0.10675,0.00354,0.0857
858,1777810883700,Neutral,0.39704,0.03286,-0.01064,0.32368,0.10673,0.00344,0.08553,0.39679,0.03395,-0.01071,0.32377,0.10674,0.00351,0.08565
859,1777810883733,Neutral,0.3971,0.03251,-0.01059,0.32405,0.10668,0.00342,0.08552,0.39688,0.03352,-0.01068,0.32385,0.10672,0.00348,0.08561
860,1777810883767,Neutral,0.39725,0.03251,-0.01054,0.32435,0.10662,0.00343,0.08549,0.39699,0.03322,-0.01063,0.324,0.10669,0.00346,0.08557
861,1777810883801,Neutral,0.39756,0.033,-0.01054,0.32376,0.1066,0.00341,0.08546,0.39716,0.03315,-0.01061,0.32393,0.10667,0.00345,0.08554
862,1777810883866,Neutral,0.39772,0.03837,-0.01077,0.32275,0.10658,0.00334,0.08534,0.39733,0.03472,-0.01066,0.32358,0.10664,0.00342,0.08548
863,1777810883900,Neutral,0.39773,0.03935,-0.01081,0.32256,0.10651,0.00312,0.08534,0.39745,0.03611,-0.0107,0.32327,0.1066,0.00333,0.08544
864,1777810883934,Neutral,0.39794,0.04508,-0.01095,0.32148,0.10643,0.00305,0.08527,0.39759,0.0388,-0.01078,0.32273,0.10655,0.00325,0.08539
865,1777810884000,Neutral,0.39805,0.05919,-0.01185,0.32099,0.10642,0.00288,0.08482,0.39773,0.04492,-0.0111,0.32221,0.10651,0.00314,0.08522
866,1777810884034,Neutral,0.3978,0.075,-0.01298,0.32047,0.10638,0.00315,0.08461,0.39775,0.05394,-0.01166,0.32169,0.10647,0.00314,0.08503
867,1777810884099,Neutral,0.39908,0.13105,-0.01896,0.31742,0.10616,0.00467,0.08418,0.39815,0.07707,-0.01385,0.32041,0.10638,0.0036,0.08478
868,1777810884133,Neutral,0.39906,0.16158,-0.02143,0.31392,0.1056,0.0057,0.08371,0.39842,0.10243,-0.01613,0.31846,0.10615,0.00423,0.08446
869,1777810884166,Neutral,0.39942,0.18716,-0.02248,0.31176,0.10501,0.0058,0.08365,0.39872,0.12785,-0.01803,0.31645,0.1058,0.0047,0.08422
870,1777810884199,Neutral,0.39954,0.20093,-0.02345,0.31071,0.1046,0.00538,0.08327,0.39897,0.14977,-0.01966,0.31473,0.10544,0.0049,0.08393
871,1777810884234,Neutral,0.39946,0.2219,-0.02526,0.30979,0.10403,0.0049,0.08207,0.39912,0.17141,-0.02134,0.31325,0.10502,0.0049,0.08337
872,1777810884267,Neutral,0.39885,0.25742,-0.02859,0.30857,0.10332,0.00411,0.08057,0.39904,0.19721,-0.02351,0.31184,0.10451,0.00466,0.08253
873,1777810884300,Neutral,0.39578,0.30476,-0.03052,0.3086,0.10297,0.00361,0.07987,0.39806,0.22948,-0.02562,0.31087,0.10404,0.00435,0.08173
874,1777810884333,Neutral,0.39218,0.32873,-0.03233,0.30868,0.1029,0.00476,0.07984,0.3963,0.25925,-0.02763,0.31021,0.1037,0.00447,0.08117
875,1777810884366,Neutral,0.38929,0.36675,-0.03423,0.30898,0.1026,0.00516,0.07923,0.3942,0.2915,-0.02961,0.30984,0.10337,0.00468,0.08058
876,1777810884399,Neutral,0.38685,0.39248,-0.03567,0.30889,0.10261,0.00587,0.07878,0.39199,0.3218,-0.03143,0.30956,0.10314,0.00504,0.08004
877,1777810884433,Neutral,0.38579,0.41068,-0.03656,0.30892,0.10258,0.00637,0.07855,0.39013,0.34846,-0.03297,0.30937,0.10297,0.00544,0.0796
878,1777810884499,Neutral,0.38468,0.41093,-0.0369,0.30944,0.10249,0.00568,0.07814,0.3885,0.3672,-0.03415,0.30939,0.10283,0.00551,0.07916
879,1777810884533,Neutral,0.3844,0.40588,-0.03792,0.30943,0.10261,0.00608,0.07793,0.38727,0.37881,-0.03528,0.3094,0.10276,0.00568,0.07879
880,1777810884565,Neutral,0.38394,0.40248,-0.03827,0.30938,0.10282,0.00619,0.07801,0.38627,0.38591,-0.03618,0.30939,0.10278,0.00583,0.07856
881,1777810884630,Neutral,0.38336,0.38667,-0.03764,0.30947,0.10305,0.00624,0.07837,0.3854,0.38614,-0.03662,0.30942,0.10286,0.00596,0.0785
882,1777810884665,Neutral,0.38314,0.38479,-0.03742,0.30967,0.10312,0.00618,0.07834,0.38472,0.38573,-0.03686,0.30949,0.10294,0.00602,0.07845
883,1777810884700,Neutral,0.38227,0.36925,-0.03735,0.30966,0.10327,0.00612,0.07822,0.38398,0.38079,-0.03701,0.30954,0.10304,0.00605,0.07838
884,1777810884734,Neutral,0.35545,0.34749,-0.03696,0.31,0.10878,0.00623,0.07836,0.37542,0.3708,-0.03699,0.30968,0.10476,0.0061,0.07837
885,1777810884798,Neutral,0.12285,0.30924,-0.03509,0.30985,0.14905,0.00362,0.07937,0.29965,0.35233,-0.03642,0.30973,0.11805,0.00536,0.07867
886,1777810884832,Neutral,0.08486,0.2692,-0.03229,0.30929,0.15551,0.00341,0.08049,0.23521,0.32739,-0.03518,0.3096,0.12929,0.00478,0.07922
887,1777810884866,Neutral,0.13115,0.23249,-0.0285,0.30976,0.1489,0.00362,0.08201,0.20399,0.29892,-0.03318,0.30965,0.13517,0.00443,0.08006
888,1777810884899,Neutral,0.14576,0.18883,-0.02525,0.31074,0.14804,0.00361,0.08357,0.18652,0.26589,-0.0308,0.30998,0.13903,0.00418,0.08111
889,1777810884933,Neutral,0.19965,0.14731,-0.02121,0.31263,0.13911,0.00385,0.08457,0.19046,0.23032,-0.02792,0.31077,0.13905,0.00408,0.08215
890,1777810884967,Neutral,0.24534,0.08334,-0.01482,0.31876,0.13204,0.00543,0.08555,0.20692,0.18623,-0.02399,0.31317,0.13695,0.00449,0.08317
891,1777810885000,Neutral,0.27546,0.03146,-0.00868,0.32452,0.12741,0.0074,0.08568,0.22748,0.1398,-0.0194,0.31657,0.13409,0.00536,0.08392
892,1777810885066,Neutral,0.3145,0.00561,-0.00034,0.3334,0.12186,0.00748,0.08558,0.25359,0.09954,-0.01368,0.32162,0.13042,0.006,0.08442
893,1777810885099,Neutral,0.32608,0.00946,-0.00074,0.33843,0.12007,0.00802,0.08365,0.27534,0.07252,-0.0098,0.32666,0.12731,0.0066,0.08419
894,1777810885166,Neutral,0.32314,0.00706,-0.00139,0.34122,0.121,0.00748,0.08371,0.28968,0.05288,-0.00728,0.33103,0.12542,0.00687,0.08404
895,1777810885200,Neutral,0.30224,0.00659,-0.00254,0.34373,0.12555,0.00792,0.08284,0.29345,0.03899,-0.00586,0.33484,0.12546,0.00718,0.08368
896,1777810885265,Neutral,0.0525,0.00243,-0.00306,0.34388,0.17349,0.00884,0.08285,0.22116,0.02802,-0.00502,0.33755,0.13987,0.00768,0.08343
897,1777810885299,Neutral,0.03362,0.00176,-0.0035,0.34404,0.17756,0.00872,0.083,0.1649,0.02015,-0.00456,0.3395,0.15117,0.00799,0.0833
898,1777810885332,Neutral,0.05337,0.00159,-0.00374,0.34409,0.17189,0.00861,0.08302,0.13144,0.01458,-0.00431,0.34088,0.15739,0.00818,0.08322
899,1777810885399,Neutral,0.15043,0.00207,-0.00408,0.34571,0.15405,0.0082,0.08302,0.13714,0.01083,-0.00424,0.34232,0.15639,0.00819,0.08316
900,1777810885433,Neutral,0.19921,0.00242,-0.00425,0.34699,0.14557,0.00807,0.08284,0.15576,0.00831,-0.00425,0.34372,0.15314,0.00815,0.08306
901,1777810885499,Neutral,0.25799,0.00285,-0.00462,0.34981,0.13623,0.00766,0.08243,0.18643,0.00667,-0.00436,0.34555,0.14807,0.008,0.08287
902,1777810885532,Neutral,0.2632,0.00327,-0.00474,0.35082,0.13656,0.00739,0.08216,0.20946,0.00565,-0.00447,0.34713,0.14461,0.00782,0.08266
903,1777810885599,Neutral,0.2678,0.00334,-0.00494,0.35148,0.13652,0.00723,0.08195,0.22696,0.00495,-0.00461,0.34844,0.14218,0.00764,0.08245
904,1777810885633,Neutral,0.27131,0.00321,-0.005,0.35165,0.13631,0.00716,0.08194,0.24027,0.00443,-0.00473,0.3494,0.14042,0.0075,0.08229
905,1777810885697,Neutral,0.27777,0.0033,-0.0051,0.35201,0.13563,0.00709,0.08126,0.25152,0.00409,-0.00484,0.35018,0.13899,0.00738,0.08198
906,1777810885731,Neutral,0.28159,0.00338,-0.0052,0.3522,0.13512,0.00709,0.08127,0.26054,0.00388,-0.00495,0.35079,0.13783,0.00729,0.08177
907,1777810885765,Neutral,0.28615,0.00334,-0.00527,0.3523,0.13442,0.00708,0.08132,0.26822,0.00372,-0.00505,0.35124,0.13681,0.00723,0.08164
908,1777810885799,Neutral,0.28986,0.00321,-0.0054,0.35274,0.13384,0.00707,0.08114,0.27471,0.00356,-0.00515,0.35169,0.13591,0.00718,0.08149
909,1777810885832,Neutral,0.29314,0.00304,-0.00554,0.3531,0.13336,0.00704,0.08115,0.28024,0.00341,-0.00527,0.35211,0.13515,0.00714,0.08139
910,1777810885865,Neutral,0.2968,0.00289,-0.00557,0.3533,0.1327,0.00699,0.08115,0.28521,0.00325,-0.00536,0.35247,0.13441,0.0071,0.08132
911,1777810885900,Neutral,0.30199,0.00291,-0.00552,0.35341,0.13188,0.00685,0.08129,0.29024,0.00315,-0.00541,0.35275,0.13365,0.00702,0.08131
912,1777810885965,Neutral,0.31036,0.00257,-0.00541,0.35306,0.13011,0.00662,0.0809,0.29628,0.00298,-0.00541,0.35284,0.13259,0.0069,0.08119
913,1777810885999,Neutral,0.31247,0.00236,-0.00554,0.35316,0.12986,0.00661,0.08086,0.30114,0.00279,-0.00545,0.35294,0.13177,0.00682,0.08109
914,1777810886032,Neutral,0.31371,0.00227,-0.00562,0.35294,0.12967,0.00657,0.08099,0.30491,0.00263,-0.0055,0.35294,0.13114,0.00674,0.08106
915,1777810886065,Neutral,0.31415,0.00226,-0.00568,0.35261,0.12962,0.00663,0.08118,0.30768,0.00252,-0.00555,0.35284,0.13068,0.00671,0.0811
916,1777810886099,Neutral,0.31384,0.00225,-0.00568,0.35238,0.12957,0.00668,0.08132,0.30953,0.00244,-0.00559,0.3527,0.13035,0.0067,0.08116
917,1777810886133,Neutral,0.31187,0.00223,-0.00566,0.35222,0.12854,0.00678,0.08158,0.31023,0.00238,-0.00561,0.35256,0.12981,0.00672,0.08129
918,1777810886199,Neutral,0.29903,0.00215,-0.00568,0.35237,0.11289,0.007,0.0826,0.30687,0.00231,-0.00563,0.3525,0.12473,0.00681,0.08168
919,1777810886232,Neutral,0.2967,0.00202,-0.00567,0.35226,0.10395,0.007,0.08317,0.30382,0.00222,-0.00564,0.35243,0.1185,0.00687,0.08213
920,1777810886265,Neutral,0.29382,0.00198,-0.00551,0.35268,0.0989,0.00696,0.08331,0.30082,0.00215,-0.0056,0.3525,0.11262,0.00689,0.08248
921,1777810886299,Neutral,0.287,0.00209,-0.00526,0.35268,0.09529,0.00701,0.08309,0.29667,0.00213,-0.0055,0.35256,0.10742,0.00693,0.08267
922,1777810886333,Neutral,0.2894,0.00222,-0.00505,0.35194,0.09074,0.0069,0.08265,0.29449,0.00216,-0.00537,0.35237,0.10242,0.00692,0.08266
923,1777810886366,Neutral,0.30466,0.00224,-0.00486,0.35154,0.08653,0.00677,0.08206,0.29754,0.00218,-0.00521,0.35212,0.09765,0.00688,0.08248
924,1777810886430,Neutral,0.3246,0.00216,-0.00479,0.35113,0.08222,0.00651,0.08201,0.30566,0.00218,-0.00508,0.35182,0.09302,0.00677,0.08234
925,1777810886464,Neutral,0.32943,0.00217,-0.00469,0.35125,0.08077,0.00643,0.08193,0.31279,0.00217,-0.00497,0.35165,0.08935,0.00667,0.08222
926,1777810886497,Neutral,0.33197,0.00213,-0.00467,0.35177,0.07978,0.00638,0.08189,0.31854,0.00216,-0.00488,0.35169,0.08648,0.00658,0.08212
927,1777810886530,Neutral,0.33427,0.00213,-0.00465,0.35189,0.07892,0.00633,0.08178,0.32326,0.00215,-0.00481,0.35175,0.08421,0.00651,0.08202
928,1777810886564,Neutral,0.33648,0.00216,-0.00463,0.35202,0.07818,0.00631,0.08157,0.32723,0.00215,-0.00476,0.35183,0.0824,0.00645,0.08188
929,1777810886598,Neutral,0.33829,0.00217,-0.00454,0.35186,0.07781,0.00619,0.08152,0.33055,0.00216,-0.00469,0.35184,0.08102,0.00637,0.08178
930,1777810886632,Angry,0.34023,0.00213,-0.00441,0.35178,0.07735,0.00602,0.08154,0.33345,0.00215,-0.00461,0.35182,0.07992,0.00626,0.0817
931,1777810886665,Angry,0.34063,0.00223,-0.00426,0.35181,0.07713,0.00595,0.08163,0.3356,0.00217,-0.0045,0.35182,0.07908,0.00617,0.08168
932,1777810886731,Angry,0.33993,0.00214,-0.00428,0.3517,0.07691,0.00577,0.08171,0.3369,0.00217,-0.00444,0.35178,0.07843,0.00605,0.08169
933,1777810886799,Angry,0.33949,0.00218,-0.00416,0.35151,0.07694,0.00564,0.08194,0.33768,0.00217,-0.00435,0.3517,0.07798,0.00593,0.08176
934,1777810886833,Angry,0.33934,0.0022,-0.00415,0.35079,0.07693,0.00562,0.08205,0.33818,0.00218,-0.00429,0.35143,0.07767,0.00584,0.08185
935,1777810886897,Angry,0.34014,0.00222,-0.00407,0.35057,0.07695,0.00557,0.08209,0.33876,0.00219,-0.00423,0.35117,0.07745,0.00576,0.08192
936,1777810886930,Angry,0.33996,0.00222,-0.00408,0.35042,0.07695,0.00558,0.08208,0.33912,0.0022,-0.00418,0.35095,0.0773,0.0057,0.08197
937,1777810886964,Angry,0.34035,0.00228,-0.00408,0.35028,0.07699,0.00564,0.0821,0.33949,0.00222,-0.00415,0.35075,0.07721,0.00568,0.08201
938,1777810886998,Angry,0.34142,0.00234,-0.00412,0.35027,0.07695,0.0057,0.08206,0.34007,0.00226,-0.00414,0.3506,0.07713,0.00569,0.08202
939,1777810887032,Angry,0.34219,0.00239,-0.00417,0.35041,0.07695,0.00576,0.08211,0.34071,0.0023,-0.00415,0.35055,0.07708,0.00571,0.08205
940,1777810887066,Angry,0.34285,0.00237,-0.00416,0.35043,0.07696,0.00572,0.0822,0.34135,0.00232,-0.00415,0.35051,0.07704,0.00571,0.08209
941,1777810887131,Angry,0.34288,0.00236,-0.00415,0.35044,0.07709,0.00613,0.08233,0.34181,0.00233,-0.00415,0.35049,0.07706,0.00584,0.08217
942,1777810887198,Angry,0.34199,0.00223,-0.00404,0.3505,0.07751,0.00623,0.08251,0.34186,0.0023,-0.00412,0.35049,0.07719,0.00596,0.08227
943,1777810887232,Angry,0.34228,0.00223,-0.0041,0.35017,0.07756,0.00628,0.0825,0.34199,0.00228,-0.00411,0.35039,0.0773,0.00605,0.08234
944,1777810887265,Angry,0.34287,0.00221,-0.00398,0.3502,0.07759,0.00636,0.08268,0.34225,0.00226,-0.00407,0.35034,0.07739,0.00614,0.08244
945,1777810887299,Angry,0.34311,0.00218,-0.00396,0.34986,0.07762,0.00635,0.08285,0.34251,0.00224,-0.00404,0.35019,0.07746,0.00621,0.08256
946,1777810887365,Angry,0.34232,0.0023,-0.00362,0.34968,0.07797,0.00653,0.08314,0.34245,0.00225,-0.00391,0.35004,0.07761,0.0063,0.08274
947,1777810887398,Angry,0.34229,0.00232,-0.00356,0.34956,0.07807,0.00654,0.0832,0.3424,0.00228,-0.00381,0.34989,0.07775,0.00637,0.08287
948,1777810887432,Angry,0.3422,0.00235,-0.00353,0.34899,0.07813,0.00654,0.08337,0.34234,0.0023,-0.00372,0.34962,0.07786,0.00642,0.08302
949,1777810887499,Angry,0.34201,0.0026,-0.00335,0.34893,0.07821,0.00658,0.08361,0.34224,0.00239,-0.00361,0.34941,0.07797,0.00647,0.0832
950,1777810887564,Angry,0.34144,0.00253,-0.0034,0.34869,0.07842,0.00647,0.08385,0.342,0.00243,-0.00355,0.3492,0.0781,0.00647,0.0834
951,1777810887598,Angry,0.34129,0.00253,-0.0034,0.34859,0.07848,0.00654,0.08392,0.34179,0.00246,-0.0035,0.34902,0.07821,0.00649,0.08355
952,1777810887632,Angry,0.34139,0.00255,-0.00338,0.34834,0.07877,0.00656,0.08397,0.34167,0.00249,-0.00347,0.34881,0.07838,0.00651,0.08368
953,1777810887665,Angry,0.34132,0.00247,-0.00335,0.34787,0.07957,0.00656,0.08389,0.34157,0.00248,-0.00343,0.34853,0.07874,0.00653,0.08374
954,1777810887698,Angry,0.34156,0.00243,-0.00343,0.34765,0.08106,0.00661,0.08405,0.34156,0.00246,-0.00343,0.34826,0.07943,0.00655,0.08383
955,1777810887732,Angry,0.34141,0.00234,-0.00357,0.34723,0.08286,0.00667,0.08428,0.34152,0.00243,-0.00347,0.34795,0.08046,0.00659,0.08397
956,1777810887766,Angry,0.34099,0.00222,-0.00368,0.34714,0.08582,0.00669,0.08448,0.34136,0.00237,-0.00353,0.34771,0.08207,0.00662,0.08412
957,1777810887864,Angry,0.3441,0.00215,-0.00384,0.3464,0.09523,0.00717,0.08486,0.34218,0.0023,-0.00363,0.34732,0.08602,0.00678,0.08434
958,1777810887898,Angry,0.34495,0.00205,-0.00387,0.34509,0.09643,0.00708,0.08497,0.34301,0.00223,-0.0037,0.34665,0.08914,0.00687,0.08453
959,1777810887931,Angry,0.3448,0.0019,-0.00412,0.34451,0.09718,0.00686,0.08496,0.34355,0.00213,-0.00382,0.34601,0.09155,0.00687,0.08466
960,1777810887965,Angry,0.34504,0.00186,-0.00441,0.34467,0.09743,0.00677,0.08477,0.344,0.00205,-0.004,0.34561,0.09331,0.00684,0.08469
961,1777810888000,Angry,0.34512,0.00179,-0.00467,0.34461,0.09758,0.00674,0.08484,0.34433,0.00197,-0.0042,0.34531,0.09459,0.00681,0.08473
962,1777810888064,Angry,0.34584,0.00164,-0.00488,0.34406,0.09752,0.00614,0.0849,0.34479,0.00187,-0.0044,0.34493,0.09547,0.0066,0.08478
963,1777810888098,Angry,0.34569,0.0016,-0.00341,0.34297,0.09748,0.00276,0.08496,0.34506,0.00179,-0.00411,0.34435,0.09608,0.00545,0.08484
964,1777810888131,Angry,0.34522,0.00197,0.00034,0.34359,0.09745,0.00423,0.08491,0.34511,0.00184,-0.00277,0.34412,0.09649,0.00509,0.08486
965,1777810888164,Angry,0.34505,0.00301,0.00472,0.34612,0.09762,0.0133,0.08522,0.34509,0.00219,-0.00052,0.34472,0.09683,0.00755,0.08497
966,1777810888197,Contempt,0.34535,0.0039,0.01229,0.36298,0.09779,0.02965,0.08385,0.34517,0.0027,0.00332,0.3502,0.09712,0.01418,0.08463
967,1777810888230,Contempt,0.34569,0.0038,0.01654,0.37228,0.09753,0.03931,0.08277,0.34533,0.00303,0.00729,0.35682,0.09724,0.02172,0.08407
968,1777810888298,Contempt,0.34631,0.00399,0.01692,0.37532,0.096,0.04435,0.08166,0.34562,0.00332,0.01018,0.36237,0.09687,0.02851,0.08335
969,1777810888331,Happy,0.34592,0.00358,0.01648,0.37573,0.09559,0.04532,0.08129,0.34571,0.0034,0.01207,0.36638,0.09648,0.03355,0.08273
970,1777810888363,Happy,0.34525,0.00346,0.01618,0.37509,0.0954,0.0458,0.08105,0.34557,0.00342,0.0133,0.36899,0.09616,0.03723,0.08223
971,1777810888398,Happy,0.34448,0.00361,0.01598,0.37479,0.09532,0.04644,0.08077,0.34524,0.00347,0.01411,0.37073,0.09591,0.03999,0.08179
972,1777810888431,Happy,0.34369,0.00355,0.01555,0.37293,0.09541,0.04644,0.08048,0.34478,0.00349,0.01454,0.37139,0.09576,0.04193,0.0814
973,1777810888465,Happy,0.34372,0.0035,0.01486,0.37093,0.09537,0.04591,0.08019,0.34446,0.0035,0.01464,0.37125,0.09564,0.04312,0.08104
974,1777810888531,Happy,0.34404,0.00309,0.0142,0.36899,0.09528,0.0452,0.08006,0.34433,0.00337,0.01451,0.37057,0.09553,0.04375,0.08075
975,1777810888564,Happy,0.34406,0.00309,0.01388,0.3685,0.0952,0.04479,0.08002,0.34425,0.00329,0.01432,0.36995,0.09543,0.04406,0.08053
976,1777810888628,Happy,0.34381,0.00318,0.01346,0.36813,0.09506,0.04452,0.07974,0.34412,0.00326,0.01406,0.36941,0.09532,0.0442,0.08029
977,1777810888665,Happy,0.34372,0.00324,0.01331,0.36795,0.09488,0.04438,0.07965,0.344,0.00325,0.01383,0.36897,0.09519,0.04425,0.0801
978,1777810888728,Happy,0.34355,0.00318,0.01345,0.36779,0.09484,0.04426,0.07975,0.34386,0.00323,0.01372,0.36862,0.09509,0.04425,0.07999
979,1777810888763,Happy,0.34349,0.00312,0.01332,0.36748,0.09479,0.04437,0.07968,0.34375,0.0032,0.0136,0.36827,0.095,0.04429,0.0799
980,1777810888795,Happy,0.34335,0.00294,0.01323,0.36713,0.09466,0.04431,0.07968,0.34363,0.00312,0.01349,0.36793,0.0949,0.0443,0.07983
981,1777810888830,Happy,0.34281,0.00291,0.0132,0.36684,0.09461,0.04426,0.07953,0.34339,0.00306,0.0134,0.3676,0.09481,0.04429,0.07974
982,1777810888864,Happy,0.34246,0.00302,0.01315,0.36676,0.09465,0.04426,0.07946,0.34311,0.00305,0.01333,0.36735,0.09476,0.04428,0.07966
983,1777810888899,Happy,0.34231,0.00309,0.01312,0.36667,0.0946,0.04412,0.07946,0.34287,0.00306,0.01326,0.36715,0.09471,0.04423,0.0796
984,1777810888932,Happy,0.34219,0.00319,0.01295,0.36662,0.09453,0.04363,0.07948,0.34267,0.0031,0.01317,0.36699,0.09466,0.04405,0.07956
985,1777810888998,Happy,0.27032,0.00355,0.00922,0.36311,0.10992,0.03468,0.08039,0.32096,0.00323,0.01198,0.36582,0.09923,0.04124,0.07981
986,1777810889031,Contempt,0.24324,0.00331,0.00851,0.36239,0.11709,0.03176,0.08119,0.29765,0.00326,0.01094,0.36479,0.10459,0.03839,0.08022
987,1777810889064,Contempt,0.24132,0.00302,0.00791,0.36036,0.11817,0.02822,0.08226,0.28075,0.00319,0.01003,0.36346,0.10866,0.03534,0.08084
988,1777810889097,Contempt,0.24492,0.0028,0.00731,0.35775,0.11762,0.0258,0.08285,0.27,0.00307,0.00922,0.36175,0.11135,0.03248,0.08144
989,1777810889132,Contempt,0.24723,0.00243,0.00697,0.35745,0.11761,0.02413,0.08318,0.26317,0.00288,0.00854,0.36046,0.11323,0.02998,0.08196
990,1777810889166,Contempt,0.2495,0.00246,0.00694,0.35749,0.11749,0.02359,0.08336,0.25907,0.00275,0.00806,0.35957,0.11451,0.02806,0.08238
991,1777810889230,Contempt,0.25611,0.00251,0.00703,0.35919,0.11694,0.02322,0.08341,0.25818,0.00268,0.00775,0.35945,0.11524,0.02661,0.08269
992,1777810889264,Contempt,0.25836,0.00254,0.00726,0.36001,0.11663,0.02345,0.08344,0.25823,0.00264,0.0076,0.35962,0.11566,0.02566,0.08291
993,1777810889297,Contempt,0.26003,0.00258,0.00733,0.36008,0.11652,0.02342,0.08339,0.25877,0.00262,0.00752,0.35976,0.11591,0.02499,0.08306
994,1777810889331,Contempt,0.26098,0.00256,0.00731,0.35995,0.11634,0.02333,0.08339,0.25944,0.0026,0.00746,0.35982,0.11604,0.02449,0.08316
995,1777810889365,Contempt,0.26188,0.0026,0.00739,0.36009,0.11626,0.0233,0.0834,0.26017,0.0026,0.00744,0.3599,0.11611,0.02413,0.08323
996,1777810889399,Contempt,0.2624,0.00268,0.00744,0.36013,0.1162,0.02327,0.0834,0.26084,0.00262,0.00744,0.35997,0.11614,0.02388,0.08328
997,1777810889463,Contempt,0.26283,0.00262,0.00744,0.35967,0.11619,0.02314,0.08335,0.26144,0.00262,0.00744,0.35988,0.11615,0.02365,0.0833
998,1777810889498,Contempt,0.27376,0.00268,0.00745,0.35956,0.11254,0.02298,0.08313,0.26513,0.00264,0.00744,0.35978,0.11507,0.02345,0.08325
999,1777810889530,Contempt,0.30591,0.00269,0.00738,0.35937,0.10355,0.02287,0.08278,0.27737,0.00266,0.00742,0.35966,0.11161,0.02328,0.08311
1000,1777810889564,Contempt,0.33073,0.00257,0.00705,0.35921,0.09707,0.02273,0.08236,0.29338,0.00263,0.00731,0.35952,0.10725,0.02311,0.08288
1001,1777810889598,Contempt,0.34124,0.00266,0.00658,0.35893,0.09414,0.02283,0.08188,0.30773,0.00264,0.00709,0.35934,0.10332,0.02303,0.08258
1002,1777810889631,Contempt,0.34211,0.00272,0.00645,0.35906,0.09398,0.02284,0.08169,0.31805,0.00266,0.0069,0.35926,0.10052,0.02297,0.08232
1003,1777810889664,Contempt,0.34457,0.00285,0.00628,0.35894,0.09382,0.02281,0.08164,0.326,0.00272,0.00671,0.35916,0.09851,0.02292,0.08211
1004,1777810889697,Contempt,0.34794,0.00294,0.00622,0.35894,0.09368,0.0229,0.08163,0.33258,0.00279,0.00657,0.3591,0.09706,0.02292,0.08197
1005,1777810889730,Contempt,0.34942,0.00302,0.00615,0.35913,0.0943,0.02298,0.08161,0.33764,0.00286,0.00644,0.35911,0.09623,0.02294,0.08186
1006,1777810889764,Contempt,0.35035,0.00316,0.00586,0.35885,0.09409,0.02303,0.08141,0.34145,0.00295,0.00627,0.35903,0.09559,0.02297,0.08173
1007,1777810889830,Contempt,0.34931,0.00312,0.00578,0.35855,0.09484,0.02303,0.08143,0.34381,0.003,0.00612,0.35889,0.09536,0.02299,0.08164
1008,1777810889865,Contempt,0.34891,0.00312,0.00575,0.35853,0.09498,0.02307,0.08142,0.34534,0.00304,0.00601,0.35878,0.09525,0.02301,0.08157
1009,1777810889930,Contempt,0.34806,0.00311,0.00581,0.35834,0.09532,0.02329,0.08143,0.34615,0.00306,0.00595,0.35865,0.09527,0.02309,0.08153
1010,1777810889964,Contempt,0.34777,0.00315,0.00568,0.35792,0.09541,0.02334,0.08147,0.34664,0.00309,0.00587,0.35843,0.09531,0.02317,0.08151
1011,1777810889997,Contempt,0.34747,0.00313,0.00564,0.35789,0.09571,0.02335,0.08147,0.34689,0.0031,0.0058,0.35827,0.09543,0.02322,0.0815
1012,1777810890065,Contempt,0.34713,0.00317,0.00554,0.35731,0.0958,0.0234,0.08149,0.34696,0.00312,0.00572,0.35798,0.09554,0.02328,0.0815
1013,1777810890097,Contempt,0.34724,0.00326,0.00549,0.35722,0.09581,0.02343,0.0816,0.34704,0.00316,0.00565,0.35775,0.09562,0.02332,0.08153
1014,1777810890164,Contempt,0.34699,0.00342,0.00515,0.35658,0.09592,0.02324,0.08156,0.34703,0.00324,0.0055,0.3574,0.09571,0.0233,0.08154
1015,1777810890197,Contempt,0.34707,0.00345,0.00508,0.35641,0.09571,0.02313,0.08155,0.34704,0.0033,0.00538,0.3571,0.09571,0.02325,0.08154
1016,1777810890230,Contempt,0.34688,0.00346,0.00511,0.35643,0.09574,0.02327,0.08155,0.34699,0.00335,0.0053,0.3569,0.09572,0.02325,0.08154
1017,1777810890263,Contempt,0.34665,0.00344,0.00524,0.35684,0.096,0.0235,0.0815,0.34689,0.00338,0.00528,0.35688,0.0958,0.02333,0.08153
1018,1777810890298,Contempt,0.3456,0.00345,0.00522,0.35625,0.09593,0.02344,0.0815,0.3465,0.0034,0.00526,0.3567,0.09584,0.02336,0.08152
1019,1777810890331,Contempt,0.34538,0.00354,0.0052,0.35633,0.096,0.0234,0.0815,0.34617,0.00344,0.00524,0.35659,0.09589,0.02337,0.08152
1020,1777810890364,Contempt,0.34533,0.0036,0.00517,0.35616,0.09607,0.02338,0.08154,0.34592,0.00349,0.00522,0.35646,0.09595,0.02337,0.08152
1021,1777810890397,Contempt,0.34558,0.00357,0.00517,0.35639,0.09611,0.02344,0.08153,0.34582,0.00352,0.0052,0.35644,0.09599,0.0234,0.08152
1022,1777810890464,Contempt,0.34554,0.00361,0.00513,0.35641,0.09602,0.02339,0.08157,0.34573,0.00354,0.00518,0.35643,0.096,0.02339,0.08154
1023,1777810890497,Contempt,0.34547,0.00363,0.00511,0.35634,0.09602,0.02337,0.08158,0.34565,0.00357,0.00516,0.3564,0.09601,0.02339,0.08155
1024,1777810890531,Contempt,0.34551,0.00362,0.0051,0.35634,0.09611,0.02337,0.08157,0.34561,0.00358,0.00514,0.35638,0.09604,0.02338,0.08155
1025,1777810890565,Contempt,0.34566,0.00363,0.00516,0.35646,0.09612,0.02354,0.08149,0.34563,0.0036,0.00515,0.35641,0.09606,0.02343,0.08154
1026,1777810890628,Contempt,0.34549,0.00352,0.00516,0.35713,0.0965,0.02351,0.0813,0.34558,0.00357,0.00515,0.35662,0.09619,0.02345,0.08147
1027,1777810890663,Contempt,0.34617,0.00348,0.00504,0.35699,0.09629,0.02346,0.08121,0.34576,0.00354,0.00512,0.35673,0.09622,0.02345,0.08139
1028,1777810890696,Contempt,0.34644,0.0034,0.00496,0.35697,0.09643,0.0233,0.08126,0.34596,0.0035,0.00507,0.3568,0.09629,0.02341,0.08135
1029,1777810890730,Contempt,0.34702,0.00338,0.00491,0.35682,0.09635,0.02316,0.08129,0.34628,0.00346,0.00502,0.35681,0.09631,0.02333,0.08133
1030,1777810890764,Contempt,0.34727,0.00331,0.00487,0.35665,0.09642,0.0229,0.08125,0.34658,0.00342,0.00498,0.35676,0.09634,0.0232,0.08131
1031,1777810890798,Contempt,0.34704,0.00322,0.00463,0.35575,0.09637,0.02237,0.08125,0.34671,0.00336,0.00487,0.35646,0.09635,0.02295,0.08129
1032,1777810890863,Contempt,0.347,0.00333,0.00445,0.35532,0.09632,0.02205,0.08133,0.3468,0.00335,0.00475,0.35612,0.09634,0.02268,0.0813
1033,1777810890897,Contempt,0.34727,0.00336,0.00451,0.35526,0.0964,0.02205,0.08143,0.34694,0.00335,0.00467,0.35586,0.09636,0.02249,0.08134
1034,1777810890930,Contempt,0.34758,0.00338,0.00446,0.3553,0.09649,0.02197,0.08146,0.34714,0.00336,0.00461,0.35569,0.0964,0.02233,0.08138
1035,1777810890964,Contempt,0.34779,0.00337,0.00433,0.35449,0.09651,0.02164,0.08152,0.34733,0.00336,0.00453,0.35533,0.09643,0.02212,0.08142
1036,1777810890997,Contempt,0.34781,0.0034,0.00419,0.3541,0.09654,0.02132,0.08157,0.34748,0.00337,0.00443,0.35496,0.09646,0.02188,0.08147
1037,1777810891031,Contempt,0.34789,0.00335,0.00404,0.3532,0.09658,0.02078,0.08168,0.3476,0.00337,0.00431,0.35443,0.0965,0.02155,0.08153
1038,1777810891063,Contempt,0.34781,0.00325,0.00398,0.35187,0.09676,0.02006,0.08177,0.34766,0.00333,0.00421,0.35366,0.09658,0.0211,0.0816
1039,1777810891097,Contempt,0.34772,0.00318,0.0044,0.35138,0.09691,0.01878,0.08172,0.34768,0.00329,0.00427,0.35298,0.09668,0.02041,0.08164
1040,1777810891129,Contempt,0.34781,0.00307,0.0059,0.35151,0.09697,0.01575,0.08178,0.34772,0.00322,0.00476,0.35254,0.09677,0.01901,0.08168
1041,1777810891164,Contempt,0.34738,0.00479,0.01085,0.35139,0.09688,0.00487,0.07908,0.34762,0.00369,0.00659,0.35219,0.0968,0.01477,0.0809
1042,1777810891197,Contempt,0.34707,0.06157,0.0148,0.37342,0.09613,0.00223,0.06827,0.34746,0.02106,0.00905,0.35856,0.0966,0.01101,0.07711
1043,1777810891230,Contempt,0.34514,0.10828,0.0156,0.40192,0.09554,0.00429,0.06084,0.34676,0.04722,0.01101,0.37157,0.09628,0.00899,0.07223
1044,1777810891264,Happy,0.33978,0.14035,0.01784,0.42099,0.09554,0.00434,0.05767,0.34466,0.07516,0.01306,0.3864,0.09606,0.0076,0.06786
1045,1777810891329,Happy,0.33292,0.17613,0.02252,0.45129,0.09543,0.00719,0.05415,0.34114,0.10545,0.0159,0.40586,0.09587,0.00748,0.06375
1046,1777810891364,Happy,0.33113,0.18337,0.02328,0.46139,0.09562,0.006,0.05392,0.33814,0.12883,0.01811,0.42252,0.0958,0.00703,0.0608
1047,1777810891396,Happy,0.33009,0.18715,0.02325,0.46614,0.09547,0.00633,0.05379,0.33572,0.14632,0.01966,0.43561,0.0957,0.00682,0.0587
1048,1777810891430,Happy,0.32526,0.1952,0.02319,0.46892,0.09558,0.00578,0.05265,0.33258,0.16099,0.02072,0.4456,0.09566,0.00651,0.05689
1049,1777810891464,Happy,0.32316,0.19959,0.02322,0.47043,0.09548,0.00531,0.0519,0.32976,0.17257,0.02147,0.45305,0.09561,0.00615,0.05539
1050,1777810891498,Happy,0.32065,0.20072,0.02358,0.47193,0.09547,0.00456,0.05136,0.32702,0.18101,0.0221,0.45871,0.09557,0.00567,0.05418
1051,1777810891563,Happy,0.31794,0.20203,0.02393,0.4734,0.09557,0.00453,0.05155,0.3243,0.18732,0.02265,0.46312,0.09557,0.00533,0.05339
1052,1777810891597,Happy,0.31713,0.20306,0.02378,0.47441,0.09558,0.00422,0.05148,0.32215,0.19204,0.02299,0.46651,0.09557,0.005,0.05282
1053,1777810891629,Happy,0.31666,0.20476,0.02348,0.47444,0.0957,0.004,0.0515,0.3205,0.19585,0.02314,0.46888,0.09561,0.0047,0.05242
1054,1777810891663,Happy,0.31652,0.20424,0.02354,0.47532,0.09576,0.00417,0.05158,0.31931,0.19837,0.02326,0.47081,0.09566,0.00454,0.05217
1055,1777810891697,Happy,0.31641,0.20486,0.02326,0.47531,0.09581,0.00402,0.05141,0.31844,0.20032,0.02326,0.47216,0.0957,0.00439,0.05194
1056,1777810891730,Happy,0.31592,0.20506,0.02312,0.47603,0.09592,0.0041,0.05138,0.31768,0.20174,0.02322,0.47332,0.09577,0.0043,0.05178
1057,1777810891795,Happy,0.31436,0.20841,0.02191,0.47662,0.09599,0.00347,0.05111,0.31669,0.20374,0.02283,0.47431,0.09584,0.00405,0.05158
1058,1777810891829,Happy,0.31316,0.20946,0.02147,0.47672,0.09614,0.00321,0.05142,0.31563,0.20546,0.02242,0.47503,0.09593,0.0038,0.05153
1059,1777810891896,Happy,0.31165,0.20918,0.02145,0.4766,0.09653,0.00289,0.05136,0.31444,0.20657,0.02213,0.4755,0.09611,0.00353,0.05148
1060,1777810891930,Happy,0.31176,0.20806,0.0215,0.47679,0.09656,0.00278,0.05142,0.31364,0.20702,0.02194,0.47589,0.09624,0.0033,0.05146
1061,1777810891964,Happy,0.3117,0.20482,0.02169,0.47675,0.09665,0.00285,0.05144,0.31306,0.20636,0.02187,0.47615,0.09637,0.00317,0.05146
1062,1777810891997,Happy,0.3118,0.20225,0.02172,0.47678,0.09668,0.0029,0.05162,0.31268,0.20513,0.02182,0.47634,0.09646,0.00309,0.0515
1063,1777810892063,Happy,0.31194,0.19918,0.02164,0.47556,0.0972,0.00321,0.05167,0.31246,0.20334,0.02177,0.4761,0.09668,0.00312,0.05155
1064,1777810892097,Happy,0.31168,0.19788,0.02159,0.47521,0.09737,0.00327,0.05179,0.31222,0.20171,0.02172,0.47583,0.09689,0.00317,0.05163
1065,1777810892164,Happy,0.3115,0.1977,0.02092,0.47284,0.0978,0.00362,0.05227,0.31201,0.2005,0.02148,0.47493,0.09716,0.0033,0.05182
1066,1777810892197,Happy,0.31131,0.19632,0.02088,0.472,0.09789,0.00327,0.05277,0.3118,0.19925,0.0213,0.47405,0.09738,0.00329,0.05211
1067,1777810892263,Happy,0.31117,0.19234,0.02124,0.4698,0.09804,0.00339,0.05351,0.31161,0.19718,0.02128,0.47278,0.09758,0.00332,0.05253
1068,1777810892296,Happy,0.3115,0.19158,0.02129,0.46776,0.09807,0.00347,0.05383,0.31158,0.1955,0.02129,0.47127,0.09773,0.00337,0.05292
1069,1777810892329,Happy,0.31201,0.19017,0.02057,0.46493,0.09807,0.00265,0.05415,0.31171,0.1939,0.02107,0.46937,0.09783,0.00315,0.05329
1070,1777810892363,Happy,0.31278,0.1832,0.00875,0.4441,0.09809,0.00451,0.0552,0.31203,0.19069,0.01737,0.46179,0.09791,0.00356,0.05386
1071,1777810892396,Disgusted,0.31511,0.16619,-0.0039,0.40642,0.09836,0.00492,0.06294,0.31295,0.18334,0.01099,0.44518,0.09804,0.00397,0.05658
1072,1777810892430,Disgusted,0.31724,0.13392,-0.0089,0.36947,0.09918,0.00663,0.07423,0.31424,0.16852,0.00502,0.42247,0.09838,0.00477,0.06188
1073,1777810892463,Disgusted,0.32547,0.06391,-0.00131,0.35433,0.09976,0.00521,0.08193,0.31761,0.13713,0.00312,0.40202,0.0988,0.0049,0.06789
1074,1777810892496,Disgusted,0.33406,0.02605,-0.00035,0.3447,0.10002,0.00505,0.0837,0.32254,0.10381,0.00208,0.38483,0.09916,0.00494,0.07264
1075,1777810892529,Neutral,0.33947,0.01289,-0.00035,0.34039,0.10031,0.0046,0.08473,0.32762,0.07653,0.00135,0.37149,0.09951,0.00484,0.07626
1076,1777810892563,Neutral,0.34085,0.0094,-0.00068,0.3381,0.10049,0.00455,0.0846,0.33159,0.05639,0.00074,0.36148,0.0998,0.00475,0.07877
1077,1777810892596,Neutral,0.34113,0.00801,-0.00106,0.33652,0.1007,0.00546,0.0846,0.33445,0.04188,0.0002,0.35399,0.10007,0.00496,0.08052
1078,1777810892629,Angry,0.34208,0.00553,-0.00201,0.33866,0.10056,0.00522,0.08418,0.33674,0.03097,-0.00046,0.34939,0.10022,0.00504,0.08162
1079,1777810892664,Angry,0.34291,0.00464,-0.00187,0.33897,0.10068,0.00538,0.08413,0.33859,0.02307,-0.00089,0.34627,0.10036,0.00514,0.08237
1080,1777810892728,Angry,0.34334,0.00359,-0.00208,0.34029,0.1009,0.00502,0.08337,0.34002,0.01723,-0.00124,0.34447,0.10052,0.00511,0.08267
1081,1777810892763,Angry,0.34459,0.00378,-0.00226,0.33938,0.1008,0.00448,0.08306,0.34139,0.0132,-0.00155,0.34294,0.1006,0.00492,0.08279
1082,1777810892828,Angry,0.34537,0.00367,-0.0027,0.33936,0.10094,0.00474,0.08302,0.34258,0.01034,-0.00189,0.34187,0.1007,0.00487,0.08286
1083,1777810892864,Angry,0.34562,0.00326,-0.00272,0.33929,0.10106,0.00485,0.08305,0.34349,0.00821,-0.00214,0.3411,0.10081,0.00486,0.08291
1084,1777810892897,Angry,0.34615,0.00325,-0.00285,0.3394,0.10101,0.0048,0.08305,0.34429,0.00672,-0.00235,0.34059,0.10087,0.00484,0.08296
1085,1777810892961,Angry,0.34628,0.00332,-0.00294,0.3398,0.101,0.0046,0.08297,0.34489,0.0057,-0.00253,0.34035,0.10091,0.00477,0.08296
1086,1777810892996,Angry,0.34675,0.00325,-0.00291,0.33984,0.10098,0.00457,0.08293,0.34545,0.00497,-0.00264,0.3402,0.10093,0.00471,0.08295
1087,1777810893063,Angry,0.34766,0.00178,-0.00276,0.33997,0.10126,0.00453,0.08307,0.34611,0.00401,-0.00268,0.34013,0.10103,0.00466,0.08299
1088,1777810893097,Angry,0.34874,0.00277,-0.0027,0.34039,0.10117,0.00527,0.08267,0.3469,0.00364,-0.00269,0.34021,0.10107,0.00484,0.08289
1089,1777810893163,Angry,0.34896,0.00548,-0.00348,0.35449,0.10148,0.00506,0.07902,0.34752,0.00419,-0.00292,0.34449,0.10119,0.00491,0.08173
1090,1777810893196,Angry,0.34874,0.00706,-0.0041,0.36282,0.10152,0.00397,0.07564,0.34788,0.00505,-0.00328,0.34999,0.10129,0.00463,0.07991
1091,1777810893263,Angry,0.35092,0.00941,-0.0048,0.3658,0.10163,0.00499,0.07013,0.34879,0.00636,-0.00373,0.35473,0.10139,0.00474,0.07697
1092,1777810893296,Angry,0.351,0.00871,-0.0056,0.36855,0.1017,0.0051,0.06834,0.34946,0.00706,-0.00429,0.35888,0.10149,0.00484,0.07438
1093,1777810893329,Angry,0.35102,0.00796,-0.00597,0.3744,0.10178,0.00532,0.06741,0.34992,0.00733,-0.0048,0.36354,0.10157,0.00499,0.07229
1094,1777810893363,Angry,0.35106,0.00827,-0.00669,0.37724,0.1018,0.00492,0.06594,0.35026,0.00761,-0.00537,0.36765,0.10164,0.00497,0.07038
1095,1777810893428,Angry,0.35209,0.00883,-0.00746,0.38356,0.10161,0.00514,0.06465,0.35081,0.00798,-0.00599,0.37242,0.10163,0.00502,0.06866
1096,1777810893463,Angry,0.35193,0.00876,-0.00779,0.38614,0.1016,0.00499,0.06383,0.35115,0.00821,-0.00653,0.37654,0.10162,0.00501,0.06721
1097,1777810893496,Angry,0.35186,0.00897,-0.00821,0.38716,0.10158,0.00473,0.06321,0.35136,0.00844,-0.00704,0.37972,0.10161,0.00493,0.06601
1098,1777810893563,Angry,0.35195,0.00858,-0.00871,0.38979,0.10157,0.00432,0.06268,0.35154,0.00848,-0.00754,0.38274,0.1016,0.00474,0.06501
1099,1777810893597,Angry,0.35176,0.00852,-0.00905,0.39149,0.10168,0.00421,0.06193,0.35161,0.00849,-0.00799,0.38537,0.10162,0.00458,0.06409
1100,1777810893662,Angry,0.35216,0.00837,-0.01,0.39381,0.1018,0.00361,0.0609,0.35177,0.00846,-0.00859,0.3879,0.10168,0.00429,0.06313
1101,1777810893695,Angry,0.35249,0.00829,-0.01004,0.39498,0.10202,0.00348,0.0605,0.35199,0.00841,-0.00903,0.39002,0.10178,0.00405,0.06234
1102,1777810893728,Angry,0.35359,0.00837,-0.01027,0.39565,0.10223,0.00337,0.06025,0.35247,0.00839,-0.0094,0.39171,0.10191,0.00384,0.06171
1103,1777810893762,Angry,0.35872,0.00845,-0.01033,0.3973,0.10301,0.0032,0.05987,0.35434,0.00841,-0.00968,0.39339,0.10224,0.00365,0.06116
1104,1777810893795,Angry,0.36515,0.00826,-0.01057,0.39868,0.10513,0.00309,0.05954,0.35758,0.00837,-0.00995,0.39498,0.10311,0.00348,0.06067
1105,1777810893829,Neutral,0.36977,0.00792,-0.01102,0.40019,0.10672,0.00292,0.05937,0.36124,0.00823,-0.01027,0.39654,0.10419,0.00331,0.06028
1106,1777810893895,Neutral,0.37384,0.00724,-0.01159,0.40235,0.10852,0.0027,0.05923,0.36502,0.00793,-0.01066,0.39828,0.10549,0.00313,0.05997
1107,1777810893960,Neutral,0.37426,0.00688,-0.0118,0.40354,0.10895,0.00271,0.05947,0.36779,0.00762,-0.01101,0.39986,0.10653,0.003,0.05982
1108,1777810893996,Neutral,0.37413,0.00673,-0.0119,0.40419,0.10907,0.00268,0.0595,0.36969,0.00735,-0.01127,0.40116,0.10729,0.00291,0.05972
1109,1777810894029,Neutral,0.37407,0.00664,-0.01196,0.40474,0.10904,0.00263,0.05958,0.37101,0.00714,-0.01148,0.40223,0.10781,0.00282,0.05968
1110,1777810894064,Neutral,0.37401,0.00666,-0.01201,0.4049,0.10895,0.00258,0.05958,0.37191,0.00699,-0.01164,0.40303,0.10816,0.00275,0.05965
1111,1777810894128,Neutral,0.37366,0.0067,-0.01204,0.40517,0.10866,0.00248,0.05949,0.37243,0.00691,-0.01176,0.40367,0.10831,0.00267,0.0596
1112,1777810894162,Neutral,0.3729,0.00669,-0.01205,0.40534,0.10825,0.0025,0.05937,0.37257,0.00684,-0.01185,0.40417,0.10829,0.00262,0.05953
1113,1777810894195,Neutral,0.37102,0.00671,-0.01211,0.40543,0.10797,0.00233,0.05933,0.37211,0.0068,-0.01193,0.40455,0.1082,0.00253,0.05947
1114,1777810894228,Neutral,0.37041,0.00676,-0.01233,0.40567,0.10766,0.00201,0.05927,0.3716,0.00679,-0.01205,0.40489,0.10804,0.00237,0.05941
1115,1777810894263,Neutral,0.36997,0.00661,-0.01232,0.40576,0.10757,0.002,0.05914,0.37111,0.00674,-0.01213,0.40515,0.1079,0.00226,0.05933
1116,1777810894327,Neutral,0.36962,0.00636,-0.01255,0.40665,0.10744,0.00161,0.05909,0.37066,0.00662,-0.01225,0.4056,0.10776,0.00206,0.05926
1117,1777810894360,Neutral,0.36918,0.00622,-0.0128,0.40676,0.10732,0.00154,0.05917,0.37022,0.0065,-0.01242,0.40595,0.10763,0.00191,0.05923
1118,1777810894394,Neutral,0.36794,0.00614,-0.01293,0.40713,0.10747,0.0014,0.05944,0.36953,0.0064,-0.01257,0.4063,0.10758,0.00176,0.05929
1119,1777810894428,Neutral,0.36796,0.00613,-0.01315,0.40739,0.1075,0.00146,0.05948,0.36906,0.00632,-0.01275,0.40663,0.10756,0.00167,0.05935
1120,1777810894462,Neutral,0.36767,0.00615,-0.01318,0.4076,0.108,0.00144,0.05926,0.36864,0.00627,-0.01288,0.40692,0.10769,0.0016,0.05932
1121,1777810894496,Neutral,0.36753,0.00615,-0.01322,0.40776,0.10878,0.00139,0.05924,0.36831,0.00623,-0.01298,0.40717,0.10802,0.00153,0.0593
1122,1777810894529,Neutral,0.36764,0.00614,-0.01322,0.40788,0.11005,0.00137,0.05918,0.36811,0.00621,-0.01305,0.40739,0.10863,0.00149,0.05926
1123,1777810894595,Neutral,0.36939,0.00616,-0.01328,0.40799,0.11306,0.00142,0.05918,0.36849,0.00619,-0.01312,0.40757,0.10996,0.00146,0.05924
1124,1777810894662,Neutral,0.37165,0.00612,-0.01344,0.40797,0.11434,0.00151,0.0595,0.36944,0.00617,-0.01322,0.40769,0.11127,0.00148,0.05932
1125,1777810894695,Sad,0.37186,0.00613,-0.01344,0.40832,0.11499,0.00152,0.05951,0.37016,0.00616,-0.01329,0.40788,0.11239,0.00149,0.05937
1126,1777810894729,Sad,0.37144,0.00613,-0.01345,0.40858,0.11545,0.00162,0.05964,0.37055,0.00615,-0.01334,0.40809,0.11331,0.00153,0.05945
1127,1777810894763,Sad,0.37167,0.00605,-0.01345,0.40874,0.1157,0.00183,0.05972,0.37088,0.00612,-0.01337,0.40828,0.11403,0.00162,0.05953
1128,1777810894827,Sad,0.3708,0.00613,-0.01348,0.40914,0.11565,0.00202,0.05974,0.37086,0.00612,-0.0134,0.40854,0.11451,0.00174,0.05959
1129,1777810894862,Sad,0.37077,0.00609,-0.01353,0.40936,0.11576,0.00212,0.05983,0.37083,0.00611,-0.01344,0.40879,0.11489,0.00185,0.05966
1130,1777810894896,Sad,0.37089,0.00614,-0.01341,0.40904,0.11574,0.00237,0.05991,0.37085,0.00612,-0.01343,0.40886,0.11515,0.00201,0.05974
1131,1777810894963,Sad,0.37062,0.00574,-0.01352,0.40996,0.11578,0.00266,0.06051,0.37078,0.00601,-0.01346,0.40919,0.11533,0.0022,0.05997
1132,1777810894997,Sad,0.37083,0.00574,-0.01352,0.40993,0.11587,0.00273,0.06059,0.37079,0.00593,-0.01348,0.40941,0.1155,0.00236,0.06015
1133,1777810895062,Sad,0.37109,0.00575,-0.01348,0.40964,0.11587,0.00283,0.06082,0.37088,0.00588,-0.01348,0.40948,0.11561,0.0025,0.06035
1134,1777810895127,Sad,0.37167,0.00583,-0.01358,0.41014,0.11584,0.00294,0.06089,0.37112,0.00586,-0.01351,0.40968,0.11568,0.00264,0.06051
1135,1777810895162,Sad,0.37136,0.00581,-0.01359,0.41019,0.11591,0.00298,0.06103,0.37119,0.00584,-0.01353,0.40983,0.11575,0.00274,0.06067
1136,1777810895196,Sad,0.37135,0.0058,-0.01359,0.41016,0.11592,0.00299,0.06112,0.37124,0.00583,-0.01355,0.40993,0.1158,0.00281,0.0608
1137,1777810895229,Sad,0.3713,0.00579,-0.01362,0.41071,0.11593,0.00301,0.06129,0.37126,0.00582,-0.01357,0.41017,0.11584,0.00287,0.06095
1138,1777810895262,Sad,0.3713,0.00576,-0.01363,0.41083,0.11592,0.00305,0.06148,0.37127,0.0058,-0.01359,0.41037,0.11586,0.00292,0.06111
1139,1777810895295,Sad,0.37218,0.00574,-0.01357,0.41087,0.11574,0.00315,0.06155,0.37154,0.00578,-0.01358,0.41052,0.11583,0.00299,0.06124
1140,1777810895362,Sad,0.37198,0.00571,-0.01348,0.41079,0.11543,0.00303,0.06158,0.37167,0.00576,-0.01355,0.4106,0.11571,0.003,0.06134
1141,1777810895395,Sad,0.3721,0.00568,-0.01347,0.41088,0.11534,0.00302,0.06162,0.3718,0.00574,-0.01353,0.41068,0.1156,0.00301,0.06142
1142,1777810895428,Sad,0.37154,0.00562,-0.0135,0.41116,0.11531,0.00309,0.06169,0.37172,0.0057,-0.01352,0.41083,0.11551,0.00303,0.06151
1143,1777810895463,Sad,0.3715,0.00561,-0.01348,0.41114,0.11528,0.00311,0.0617,0.37166,0.00567,-0.01351,0.41092,0.11544,0.00306,0.06156
1144,1777810895528,Sad,0.37125,0.0054,-0.01346,0.41049,0.11512,0.00311,0.0617,0.37153,0.00559,-0.01349,0.41079,0.11534,0.00307,0.06161
1145,1777810895562,Sad,0.37137,0.00559,-0.01333,0.41032,0.11491,0.00317,0.06161,0.37149,0.00559,-0.01344,0.41065,0.11521,0.0031,0.06161
1146,1777810895626,Sad,0.37133,0.00552,-0.01341,0.41026,0.1148,0.00339,0.06162,0.37144,0.00557,-0.01343,0.41053,0.11509,0.00319,0.06161
1147,1777810895661,Sad,0.37138,0.00561,-0.0134,0.41016,0.11466,0.00347,0.06157,0.37142,0.00558,-0.01342,0.41042,0.11496,0.00327,0.0616
1148,1777810895696,Sad,0.37146,0.00551,-0.01356,0.41007,0.1145,0.00376,0.06156,0.37143,0.00556,-0.01346,0.41032,0.11482,0.00342,0.06159
1149,1777810895762,Sad,0.37168,0.00559,-0.01347,0.40941,0.11443,0.00387,0.06162,0.37151,0.00557,-0.01347,0.41005,0.11471,0.00356,0.0616
1150,1777810895795,Sad,0.37186,0.00564,-0.01337,0.40796,0.11432,0.00384,0.06162,0.37161,0.00559,-0.01344,0.40942,0.11459,0.00364,0.0616
1151,1777810895862,Sad,0.37145,0.00543,-0.01301,0.40723,0.11427,0.00368,0.06194,0.37156,0.00554,-0.01331,0.40876,0.11449,0.00365,0.0617
1152,1777810895896,Sad,0.3564,0.00512,-0.01304,0.40762,0.11779,0.00375,0.06166,0.36701,0.00541,-0.01323,0.40842,0.11548,0.00368,0.06169
1153,1777810895962,Sad,0.30666,0.00502,-0.01302,0.40831,0.12961,0.00381,0.0622,0.34891,0.0053,-0.01316,0.40839,0.11972,0.00372,0.06184
1154,1777810895995,Sad,0.29927,0.005,-0.013,0.4081,0.13142,0.00378,0.06224,0.33402,0.00521,-0.01311,0.4083,0.12323,0.00374,0.06196
1155,1777810896061,Neutral,0.30381,0.00506,-0.01301,0.40828,0.13087,0.00377,0.06226,0.32496,0.00517,-0.01308,0.40829,0.12552,0.00375,0.06205
1156,1777810896095,Neutral,0.30635,0.00507,-0.01302,0.40835,0.13051,0.00375,0.06229,0.31938,0.00514,-0.01306,0.40831,0.12702,0.00375,0.06212
1157,1777810896128,Neutral,0.30801,0.00515,-0.01305,0.40862,0.13032,0.00371,0.06229,0.31597,0.00514,-0.01306,0.40841,0.12801,0.00374,0.06218
1158,1777810896163,Neutral,0.30956,0.00515,-0.01301,0.40858,0.13024,0.00373,0.06236,0.31404,0.00515,-0.01304,0.40846,0.12868,0.00373,0.06223
1159,1777810896227,Neutral,0.30947,0.00519,-0.01301,0.40888,0.13042,0.00368,0.06243,0.31267,0.00516,-0.01304,0.40859,0.1292,0.00372,0.06229
1160,1777810896262,Neutral,0.30935,0.00517,-0.01304,0.40851,0.13042,0.00357,0.06249,0.31167,0.00516,-0.01304,0.40856,0.12957,0.00367,0.06235
1161,1777810896295,Neutral,0.31036,0.00512,-0.01298,0.40823,0.13039,0.00354,0.06255,0.31128,0.00515,-0.01302,0.40846,0.12981,0.00363,0.06241
1162,1777810896362,Neutral,0.31137,0.00498,-0.01288,0.40804,0.13029,0.00339,0.06259,0.31131,0.0051,-0.01298,0.40833,0.12996,0.00356,0.06247
1163,1777810896396,Neutral,0.31172,0.00493,-0.01285,0.40803,0.13026,0.00333,0.06261,0.31143,0.00505,-0.01294,0.40824,0.13005,0.00349,0.06251
1164,1777810896461,Neutral,0.31228,0.00493,-0.01264,0.40797,0.13023,0.00295,0.06266,0.31169,0.00501,-0.01285,0.40816,0.1301,0.00333,0.06255
1165,1777810896495,Neutral,0.3126,0.00492,-0.01264,0.40812,0.1302,0.00295,0.06269,0.31196,0.00499,-0.01279,0.40815,0.13013,0.00322,0.06259
1166,1777810896528,Neutral,0.3127,0.00489,-0.01263,0.40822,0.13015,0.00292,0.06271,0.31218,0.00496,-0.01274,0.40817,0.13014,0.00313,0.06263
1167,1777810896561,Neutral,0.31269,0.00486,-0.01261,0.40831,0.13009,0.00293,0.06274,0.31234,0.00493,-0.0127,0.40821,0.13012,0.00307,0.06266
1168,1777810896596,Neutral,0.31314,0.0048,-0.01261,0.40847,0.12999,0.00295,0.06295,0.31258,0.00489,-0.01267,0.40829,0.13008,0.00303,0.06275
1169,1777810896661,Neutral,0.31474,0.00472,-0.01263,0.40845,0.12965,0.00296,0.06325,0.31323,0.00484,-0.01266,0.40834,0.12995,0.00301,0.0629
1170,1777810896695,Neutral,0.31536,0.00472,-0.01262,0.40843,0.12952,0.00294,0.06323,0.31387,0.0048,-0.01265,0.40837,0.12982,0.00299,0.063
1171,1777810896727,Neutral,0.31591,0.00468,-0.01257,0.40811,0.12937,0.00284,0.06328,0.31448,0.00477,-0.01263,0.40829,0.12969,0.00294,0.06308
1172,1777810896761,Neutral,0.31617,0.00466,-0.01248,0.40784,0.12924,0.00272,0.06328,0.31499,0.00474,-0.01258,0.40815,0.12955,0.00288,0.06314
1173,1777810896795,Neutral,0.3165,0.00465,-0.01249,0.40764,0.12915,0.00271,0.06328,0.31544,0.00471,-0.01255,0.408,0.12943,0.00283,0.06318
1174,1777810896828,Neutral,0.31652,0.00466,-0.01256,0.40761,0.12906,0.00275,0.06323,0.31576,0.0047,-0.01255,0.40788,0.12932,0.0028,0.0632
1175,1777810896862,Neutral,0.31735,0.00466,-0.0126,0.40779,0.12883,0.00276,0.06328,0.31624,0.00468,-0.01257,0.40785,0.12918,0.00279,0.06322
1176,1777810896926,Neutral,0.31797,0.00464,-0.01267,0.40829,0.1288,0.00282,0.06333,0.31676,0.00467,-0.0126,0.40799,0.12906,0.0028,0.06325
1177,1777810896960,Neutral,0.31784,0.00456,-0.01265,0.40828,0.1288,0.00283,0.06347,0.31708,0.00464,-0.01261,0.40807,0.12898,0.00281,0.06332
1178,1777810896994,Neutral,0.31739,0.00448,-0.01269,0.4083,0.1288,0.0029,0.06349,0.31717,0.00459,-0.01263,0.40814,0.12893,0.00284,0.06337
1179,1777810897027,Neutral,0.31712,0.00438,-0.01266,0.40802,0.12876,0.00293,0.06362,0.31716,0.00453,-0.01264,0.40811,0.12888,0.00287,0.06345
1180,1777810897062,Neutral,0.31712,0.00424,-0.0126,0.40774,0.12876,0.00295,0.06386,0.31715,0.00444,-0.01263,0.408,0.12884,0.00289,0.06357
1181,1777810897096,Neutral,0.3171,0.00399,-0.01252,0.40734,0.12876,0.00302,0.06411,0.31713,0.0043,-0.0126,0.4078,0.12882,0.00293,0.06373
1182,1777810897161,Neutral,0.31653,0.00393,-0.01246,0.40724,0.12876,0.00303,0.06457,0.31695,0.00419,-0.01255,0.40763,0.1288,0.00296,0.06398
1183,1777810897194,Neutral,0.31294,0.00383,-0.01236,0.40694,0.12879,0.00307,0.06492,0.31575,0.00408,-0.0125,0.40743,0.12879,0.00299,0.06426
1184,1777810897261,Neutral,0.31161,0.00341,-0.01104,0.39815,0.12622,0.00384,0.06681,0.31451,0.00388,-0.01206,0.40464,0.12802,0.00325,0.06503
1185,1777810897327,Neutral,0.34481,0.00346,-0.00503,0.34994,0.11901,0.00714,0.07795,0.3236,0.00375,-0.00995,0.38823,0.12532,0.00441,0.0689
1186,1777810897359,Neutral,0.35167,0.00366,-0.00058,0.31939,0.11691,0.00691,0.08178,0.33202,0.00372,-0.00714,0.36758,0.1228,0.00516,0.07277
1187,1777810897393,Sad,0.35926,0.00353,0.002,0.31037,0.11498,0.0071,0.0864,0.34019,0.00367,-0.0044,0.35042,0.12045,0.00574,0.07686
1188,1777810897427,Sad,0.36372,0.00269,0.00309,0.30452,0.11363,0.00644,0.0881,0.34725,0.00337,-0.00215,0.33665,0.1184,0.00595,0.08023
1189,1777810897461,Sad,0.3646,0.00321,0.00261,0.30886,0.11322,0.00649,0.08889,0.35245,0.00333,-0.00072,0.32831,0.11685,0.00611,0.08283
1190,1777810897495,Sad,0.36514,0.00397,0.00237,0.31229,0.11292,0.0064,0.08882,0.35626,0.00352,0.0002,0.32351,0.11567,0.0062,0.08463
1191,1777810897527,Sad,0.36556,0.00455,0.00187,0.31472,0.11272,0.00631,0.08835,0.35905,0.00383,0.0007,0.32087,0.11478,0.00623,0.08574
1192,1777810897562,Sad,0.36528,0.00411,0.00187,0.31756,0.11265,0.00661,0.08757,0.36092,0.00391,0.00105,0.31988,0.11414,0.00634,0.08629
1193,1777810897627,Sad,0.36675,0.00342,0.003,0.3194,0.11233,0.00701,0.08644,0.36267,0.00377,0.00164,0.31973,0.1136,0.00654,0.08634
1194,1777810897661,Sad,0.36658,0.00328,0.00377,0.32047,0.11233,0.00731,0.08609,0.36384,0.00362,0.00228,0.31995,0.11322,0.00677,0.08626
1195,1777810897694,Neutral,0.32662,0.00315,0.0045,0.32115,0.12076,0.00817,0.08629,0.35267,0.00348,0.00295,0.32031,0.11548,0.00719,0.08627
1196,1777810897727,Neutral,0.21965,0.00343,0.00465,0.32159,0.14169,0.00865,0.08678,0.31277,0.00346,0.00346,0.32069,0.12334,0.00763,0.08642
1197,1777810897762,Neutral,0.08708,0.00376,0.00512,0.32245,0.16444,0.00876,0.08714,0.24506,0.00355,0.00396,0.32122,0.13567,0.00797,0.08664
1198,1777810897796,Contempt,0.05788,0.0038,0.00557,0.32313,0.16892,0.00905,0.0874,0.1889,0.00363,0.00444,0.32179,0.14565,0.00829,0.08687
1199,1777810897861,Contempt,0.0945,0.00406,0.00574,0.32537,0.16446,0.00852,0.0876,0.16058,0.00376,0.00483,0.32287,0.15129,0.00836,0.08709
1200,1777810897894,Contempt,0.16108,0.00413,0.00568,0.3264,0.1509,0.00832,0.08749,0.16073,0.00387,0.00508,0.32393,0.15117,0.00835,0.08721
1201,1777810897960,Contempt,0.27683,0.00405,0.00548,0.32787,0.1297,0.00828,0.08681,0.19556,0.00392,0.0052,0.32511,0.14473,0.00833,0.08709
1202,1777810897995,Contempt,0.30844,0.00373,0.00532,0.32821,0.12377,0.00821,0.08606,0.22942,0.00386,0.00524,0.32604,0.13844,0.00829,0.08678
1203,1777810898028,Contempt,0.32224,0.00318,0.00514,0.32829,0.12139,0.00797,0.08574,0.25727,0.00366,0.00521,0.32671,0.13333,0.0082,0.08647
1204,1777810898094,Contempt,0.33905,0.00271,0.00461,0.3288,0.1181,0.00805,0.08519,0.2818,0.00337,0.00503,0.32734,0.12876,0.00815,0.08608
1205,1777810898160,Contempt,0.34821,0.00233,0.00379,0.32906,0.11634,0.00799,0.08469,0.30173,0.00306,0.00466,0.32786,0.12503,0.0081,0.08567
1206,1777810898193,Contempt,0.35054,0.00216,0.00345,0.32935,0.11596,0.00797,0.08443,0.31637,0.00279,0.00429,0.3283,0.12231,0.00806,0.0853
1207,1777810898227,Contempt,0.35302,0.00213,0.00315,0.32957,0.11555,0.00795,0.08419,0.32736,0.00259,0.00395,0.32868,0.12028,0.00803,0.08497
1208,1777810898262,Neutral,0.35629,0.00208,0.00276,0.32983,0.11499,0.00783,0.08385,0.33604,0.00244,0.00359,0.32903,0.11869,0.00797,0.08463
1209,1777810898326,Neutral,0.35934,0.00219,0.00213,0.33027,0.11437,0.00763,0.08343,0.34303,0.00237,0.00315,0.3294,0.1174,0.00787,0.08427
1210,1777810898426,Sad,0.36137,0.00208,0.00148,0.33231,0.11385,0.00701,0.08306,0.34853,0.00228,0.00265,0.33027,0.11633,0.00761,0.08391
1211,1777810898461,Sad,0.3624,0.00216,0.00132,0.33258,0.11373,0.00682,0.08298,0.35269,0.00224,0.00225,0.33096,0.11555,0.00737,0.08363
1212,1777810898495,Sad,0.36331,0.00211,0.00116,0.33278,0.1135,0.00664,0.08293,0.35588,0.0022,0.00192,0.33151,0.11493,0.00715,0.08342
1213,1777810898560,Sad,0.36462,0.00215,0.00091,0.33322,0.11317,0.0066,0.08285,0.3585,0.00219,0.00162,0.33202,0.11441,0.00699,0.08325
1214,1777810898593,Sad,0.36529,0.0021,0.00086,0.3334,0.11299,0.00655,0.08281,0.36054,0.00216,0.00139,0.33244,0.11398,0.00686,0.08312
1215,1777810898626,Sad,0.3656,0.00211,0.00083,0.33352,0.11284,0.00652,0.08276,0.36206,0.00215,0.00122,0.33276,0.11364,0.00676,0.08301
1216,1777810898659,Sad,0.36585,0.00209,0.00079,0.33362,0.11271,0.0065,0.08275,0.36319,0.00213,0.00109,0.33302,0.11336,0.00668,0.08293
1217,1777810898694,Sad,0.3663,0.00211,0.00076,0.33356,0.11259,0.00643,0.08279,0.36413,0.00212,0.00099,0.33318,0.11313,0.0066,0.08289
1218,1777810898728,Sad,0.36717,0.00212,0.00076,0.33366,0.11238,0.00639,0.08277,0.36504,0.00212,0.00092,0.33332,0.1129,0.00654,0.08285
1219,1777810898794,Sad,0.36886,0.00219,0.00062,0.33343,0.11196,0.00632,0.08278,0.36619,0.00214,0.00083,0.33336,0.11262,0.00647,0.08283
1220,1777810898859,Sad,0.36996,0.0022,0.0005,0.33333,0.11163,0.00632,0.0828,0.36732,0.00216,0.00073,0.33335,0.11232,0.00643,0.08282
1221,1777810898892,Sad,0.37079,0.00226,0.00022,0.33328,0.11149,0.00631,0.08274,0.36836,0.00219,0.00058,0.33333,0.11207,0.00639,0.0828
1222,1777810898926,Neutral,0.37125,0.00219,6e-05,0.33342,0.11142,0.0063,0.08274,0.36923,0.00219,0.00042,0.33335,0.11188,0.00636,0.08278
1223,1777810898960,Neutral,0.37124,0.00218,2e-05,0.33351,0.11135,0.0063,0.08275,0.36983,0.00218,0.0003,0.3334,0.11172,0.00635,0.08277
1224,1777810898993,Neutral,0.37164,0.00223,-5e-05,0.33369,0.11125,0.00629,0.0826,0.37038,0.0022,0.0002,0.33349,0.11158,0.00633,0.08272
1225,1777810899026,Neutral,0.37171,0.00221,-0.00031,0.33374,0.11113,0.00636,0.08266,0.37078,0.0022,5e-05,0.33356,0.11144,0.00634,0.0827
1226,1777810899059,Neutral,0.37197,0.0022,-0.00043,0.33392,0.11115,0.00632,0.08271,0.37114,0.0022,-0.0001,0.33367,0.11136,0.00633,0.0827
1227,1777810899093,Neutral,0.37237,0.00212,-0.00044,0.33426,0.111,0.00625,0.08288,0.3715,0.00218,-0.0002,0.33385,0.11125,0.00631,0.08276
1228,1777810899126,Neutral,0.37279,0.00197,-0.00065,0.33433,0.11079,0.00618,0.08275,0.37189,0.00211,-0.00033,0.33399,0.11111,0.00627,0.08275
1229,1777810899160,Neutral,0.37348,0.00195,-0.00078,0.33474,0.1106,0.00616,0.08251,0.37237,0.00207,-0.00047,0.33422,0.11096,0.00624,0.08268
1230,1777810899195,Neutral,0.37277,0.00198,-0.00089,0.33467,0.11029,0.00615,0.08249,0.37249,0.00204,-0.00059,0.33435,0.11076,0.00621,0.08262
1231,1777810899260,Neutral,0.37509,0.00198,-0.0015,0.3344,0.10886,0.00498,0.08178,0.37327,0.00202,-0.00087,0.33437,0.11019,0.00584,0.08237
1232,1777810899293,Neutral,0.37501,0.00373,-0.00216,0.33339,0.10853,0.00296,0.08188,0.37379,0.00253,-0.00125,0.33407,0.10969,0.00498,0.08222
1233,1777810899360,Neutral,0.37473,0.03496,-0.00695,0.32789,0.10762,0.00494,0.08232,0.37407,0.01226,-0.00296,0.33222,0.10907,0.00497,0.08225
1234,1777810899392,Neutral,0.37546,0.06217,-0.0079,0.32455,0.10724,0.00506,0.0837,0.37449,0.02723,-0.00444,0.32992,0.10852,0.00499,0.08269
1235,1777810899427,Neutral,0.37632,0.07457,-0.00752,0.31935,0.10723,0.0058,0.08491,0.37504,0.04144,-0.00537,0.32675,0.10813,0.00523,0.08335
1236,1777810899493,Neutral,0.378,0.11774,-0.01112,0.31698,0.10709,0.0055,0.08511,0.37593,0.06433,-0.00709,0.32382,0.10782,0.00531,0.08388
1237,1777810899526,Neutral,0.37795,0.12772,-0.01318,0.3162,0.10711,0.0045,0.08519,0.37653,0.08334,-0.00892,0.32153,0.10761,0.00507,0.08427
1238,1777810899593,Neutral,0.37856,0.13349,-0.01524,0.31488,0.10701,0.00414,0.0852,0.37714,0.09839,-0.01081,0.31954,0.10743,0.00479,0.08455
1239,1777810899627,Neutral,0.37867,0.13498,-0.0161,0.31469,0.10696,0.00425,0.08511,0.3776,0.10937,-0.0124,0.31808,0.10729,0.00463,0.08472
1240,1777810899661,Neutral,0.37907,0.13557,-0.01645,0.31465,0.10691,0.00451,0.08515,0.37804,0.11723,-0.01362,0.31705,0.10717,0.00459,0.08485
1241,1777810899726,Neutral,0.37998,0.13794,-0.01702,0.31373,0.1067,0.00451,0.08512,0.37862,0.12344,-0.01464,0.31606,0.10703,0.00457,0.08493
1242,1777810899759,Neutral,0.38038,0.13859,-0.01722,0.31343,0.10667,0.00468,0.08509,0.37915,0.12799,-0.01541,0.31527,0.10692,0.0046,0.08498
1243,1777810899793,Neutral,0.3812,0.13963,-0.01764,0.31325,0.10659,0.00482,0.08508,0.37977,0.13148,-0.01608,0.31466,0.10682,0.00467,0.08501
1244,1777810899826,Neutral,0.38125,0.14032,-0.01799,0.31311,0.10664,0.00474,0.08492,0.38021,0.13413,-0.01665,0.3142,0.10677,0.00469,0.08498
1245,1777810899859,Neutral,0.38137,0.14095,-0.01835,0.31319,0.10663,0.00462,0.08486,0.38056,0.13618,-0.01716,0.31389,0.10673,0.00467,0.08494
1246,1777810899895,Neutral,0.38161,0.14189,-0.0187,0.31319,0.1067,0.00439,0.08487,0.38087,0.13789,-0.01762,0.31368,0.10672,0.00458,0.08492
1247,1777810899958,Neutral,0.38344,0.14373,-0.01924,0.31308,0.10647,0.00407,0.08474,0.38164,0.13964,-0.01811,0.3135,0.10664,0.00443,0.08487
1248,1777810899991,Neutral,0.38346,0.14421,-0.01945,0.31303,0.10648,0.00392,0.08467,0.38219,0.14101,-0.01851,0.31336,0.10659,0.00428,0.08481
1249,1777810900025,Neutral,0.38362,0.14434,-0.01958,0.3131,0.1065,0.0039,0.08468,0.38262,0.14201,-0.01883,0.31328,0.10656,0.00416,0.08477
1250,1777810900058,Neutral,0.38371,0.14449,-0.01969,0.31308,0.10649,0.00374,0.08465,0.38295,0.14275,-0.01909,0.31322,0.10654,0.00404,0.08473
1251,1777810900127,Neutral,0.38381,0.14592,-0.02004,0.31234,0.10648,0.00392,0.08465,0.38321,0.1437,-0.01937,0.31296,0.10653,0.004,0.08471
1252,1777810900193,Neutral,0.38363,0.14644,-0.02035,0.31185,0.10652,0.00398,0.08468,0.38333,0.14452,-0.01967,0.31263,0.10652,0.00399,0.0847
1253,1777810900259,Neutral,0.38366,0.14651,-0.02041,0.31176,0.1065,0.00389,0.0847,0.38343,0.14512,-0.01989,0.31237,0.10652,0.00396,0.0847
1254,1777810900326,Neutral,0.38368,0.1555,-0.02058,0.31128,0.10634,0.00403,0.08456,0.38351,0.14823,-0.0201,0.31204,0.10646,0.00398,0.08466
1255,1777810900361,Neutral,0.38448,0.16446,-0.0209,0.31092,0.10595,0.00355,0.08462,0.3838,0.1531,-0.02034,0.31171,0.10631,0.00385,0.08465
1256,1777810900426,Neutral,0.38538,0.18956,-0.02267,0.31043,0.10518,0.00411,0.08403,0.38427,0.16404,-0.02104,0.31132,0.10597,0.00393,0.08446
1257,1777810900459,Neutral,0.38529,0.20745,-0.02449,0.31058,0.1047,0.00502,0.08372,0.38458,0.17706,-0.02207,0.3111,0.10559,0.00426,0.08424
1258,1777810900492,Neutral,0.38575,0.21747,-0.02518,0.31032,0.10443,0.00609,0.08318,0.38493,0.18919,-0.02301,0.31087,0.10524,0.00481,0.08392
1259,1777810900525,Neutral,0.386,0.21985,-0.02545,0.31018,0.10422,0.00673,0.08299,0.38525,0.19839,-0.02374,0.31066,0.10494,0.00538,0.08364
1260,1777810900560,Neutral,0.38635,0.21863,-0.0252,0.31004,0.10421,0.00636,0.08303,0.38558,0.20446,-0.02418,0.31047,0.10472,0.00568,0.08346
1261,1777810900595,Neutral,0.38653,0.21903,-0.02521,0.30991,0.10412,0.00644,0.08282,0.38587,0.20883,-0.02449,0.3103,0.10454,0.00591,0.08327
1262,1777810900660,Neutral,0.38749,0.21575,-0.02491,0.30955,0.10406,0.00623,0.08276,0.38635,0.21091,-0.02461,0.31008,0.1044,0.006,0.08312
1263,1777810900693,Neutral,0.38763,0.21539,-0.02495,0.30929,0.10402,0.00614,0.08264,0.38674,0.21225,-0.02471,0.30984,0.10428,0.00604,0.08297
1264,1777810900726,Neutral,0.38781,0.21495,-0.02509,0.30927,0.10402,0.00615,0.08252,0.38706,0.21306,-0.02483,0.30967,0.1042,0.00608,0.08284
1265,1777810900759,Neutral,0.38833,0.2158,-0.02521,0.30918,0.10401,0.00613,0.08241,0.38744,0.21388,-0.02494,0.30952,0.10415,0.00609,0.08271
1266,1777810900793,Neutral,0.38877,0.21545,-0.02525,0.3091,0.10401,0.00613,0.08227,0.38784,0.21435,-0.02503,0.3094,0.1041,0.0061,0.08258
1267,1777810900826,Neutral,0.38969,0.21501,-0.0253,0.30918,0.10391,0.0062,0.08217,0.38839,0.21455,-0.02511,0.30933,0.10405,0.00613,0.08245
1268,1777810900859,Neutral,0.39027,0.2145,-0.02524,0.3093,0.10396,0.00617,0.08208,0.38896,0.21454,-0.02515,0.30932,0.10402,0.00615,0.08234
1269,1777810900892,Neutral,0.39101,0.21478,-0.02531,0.30947,0.10397,0.00612,0.08202,0.38957,0.21461,-0.0252,0.30937,0.10401,0.00614,0.08225
1270,1777810900959,Neutral,0.39137,0.21175,-0.02484,0.31008,0.10388,0.0062,0.08161,0.39011,0.21375,-0.02509,0.30958,0.10397,0.00616,0.08206
1271,1777810901027,Neutral,0.39324,0.20922,-0.02455,0.3101,0.10382,0.00631,0.08198,0.39105,0.21239,-0.02493,0.30974,0.10392,0.0062,0.08203
1272,1777810901059,Neutral,0.39384,0.20852,-0.02451,0.31029,0.10377,0.00639,0.08181,0.39189,0.21123,-0.0248,0.3099,0.10388,0.00626,0.08197
1273,1777810901126,Neutral,0.39425,0.20752,-0.02433,0.30997,0.10367,0.00647,0.0818,0.3926,0.21012,-0.02466,0.30992,0.10382,0.00632,0.08192
1274,1777810901192,Neutral,0.32921,0.20492,-0.02439,0.3092,0.11585,0.00677,0.08271,0.37358,0.20856,-0.02458,0.30971,0.10743,0.00646,0.08216
1275,1777810901225,Neutral,0.21513,0.20002,-0.02453,0.3098,0.1385,0.00682,0.0833,0.32604,0.206,-0.02456,0.30973,0.11675,0.00657,0.0825
1276,1777810901259,Neutral,0.07129,0.18816,-0.02466,0.31112,0.1651,0.00704,0.08394,0.24962,0.20064,-0.02459,0.31015,0.13125,0.00671,0.08293
1277,1777810901293,Neutral,0.04968,0.17229,-0.02364,0.31157,0.17049,0.00784,0.08431,0.18964,0.19214,-0.02431,0.31057,0.14302,0.00705,0.08335
1278,1777810901359,Neutral,0.09041,0.07568,-0.01365,0.31819,0.1666,0.00804,0.08577,0.15987,0.1572,-0.02111,0.31286,0.1501,0.00735,0.08407
1279,1777810901392,Neutral,0.12564,0.07204,-0.01296,0.32003,0.16315,0.00795,0.08508,0.1496,0.13165,-0.01866,0.31501,0.15401,0.00753,0.08438
1280,1777810901425,Neutral,0.14915,0.04605,-0.00902,0.32509,0.16037,0.00814,0.08578,0.14947,0.10597,-0.01577,0.31803,0.15592,0.00771,0.0848
1281,1777810901459,Neutral,0.16706,0.01413,-0.00623,0.33007,0.15541,0.00914,0.08381,0.15474,0.07842,-0.01291,0.32164,0.15577,0.00814,0.0845
1282,1777810901492,Neutral,0.18725,0.00862,-0.00712,0.33086,0.15369,0.00861,0.08273,0.1645,0.05748,-0.01117,0.32441,0.15514,0.00828,0.08397
1283,1777810901526,Neutral,0.19437,0.01685,-0.00766,0.33527,0.15102,0.00636,0.08374,0.17346,0.04529,-0.01012,0.32767,0.15391,0.0077,0.0839
1284,1777810901559,Neutral,0.19011,0.00952,-0.00626,0.34055,0.15046,0.0076,0.08473,0.17845,0.03456,-0.00896,0.33153,0.15287,0.00767,0.08415
1285,1777810901592,Neutral,0.17868,0.00183,-0.00412,0.34429,0.15306,0.00618,0.08229,0.17852,0.02474,-0.00751,0.33536,0.15293,0.00722,0.08359
1286,1777810901625,Neutral,0.17586,0.00308,-0.00615,0.34538,0.15344,0.00761,0.07875,0.17773,0.01824,-0.0071,0.33837,0.15308,0.00734,0.08214
1287,1777810901659,Neutral,0.16784,0.00208,-0.00433,0.3449,0.15502,0.00826,0.07913,0.17476,0.01339,-0.00627,0.34033,0.15366,0.00762,0.08124
1288,1777810901726,Neutral,0.19373,0.00161,-0.00591,0.35548,0.15374,0.00606,0.07975,0.18045,0.00986,-0.00616,0.34487,0.15369,0.00715,0.08079
1289,1777810901759,Neutral,0.21689,0.00095,-0.00338,0.35502,0.15171,0.00804,0.08108,0.19138,0.00719,-0.00533,0.34792,0.1531,0.00742,0.08088
1290,1777810901825,Neutral,0.20421,0.00235,-0.00377,0.34848,0.15212,0.01008,0.08293,0.19523,0.00574,-0.00486,0.34809,0.1528,0.00821,0.08149
1291,1777810901858,Neutral,0.2128,0.00157,-0.00358,0.34985,0.1515,0.00965,0.08095,0.2005,0.00448,-0.00448,0.34861,0.15241,0.00864,0.08133
1292,1777810901891,Neutral,0.21571,0.00146,-0.00312,0.35052,0.15153,0.00993,0.08137,0.20506,0.00358,-0.00407,0.34919,0.15215,0.00903,0.08134
1293,1777810901924,Neutral,0.2193,0.00117,-0.00371,0.35097,0.15093,0.00916,0.08243,0.20933,0.00285,-0.00396,0.34972,0.15178,0.00907,0.08167
1294,1777810901959,Neutral,0.22129,0.0034,-0.00484,0.34646,0.15076,0.00848,0.08313,0.21292,0.00302,-0.00422,0.34874,0.15148,0.00889,0.08211
1295,1777810901993,Neutral,0.21328,0.00165,-0.00677,0.35182,0.15125,0.00637,0.08387,0.21303,0.00261,-0.00499,0.34966,0.15141,0.00814,0.08264
1296,1777810902057,Neutral,0.20536,0.00648,-0.00952,0.35182,0.15228,0.00629,0.08208,0.21073,0.00377,-0.00635,0.35031,0.15167,0.00758,0.08247
1297,1777810902091,Neutral,0.20929,0.00365,-0.0085,0.35221,0.15073,0.00479,0.08178,0.2103,0.00373,-0.00699,0.35088,0.15139,0.00674,0.08226
1298,1777810902125,Neutral,0.20146,0.00354,-0.00609,0.34768,0.1509,0.00661,0.08459,0.20765,0.00368,-0.00672,0.34992,0.15124,0.0067,0.08296
1299,1777810902157,Neutral,0.21352,0.00265,-0.00531,0.34674,0.14925,0.00335,0.08209,0.20941,0.00337,-0.0063,0.34897,0.15064,0.0057,0.0827
1300,1777810902192,Neutral,0.21926,0.00264,-0.00541,0.34821,0.14819,0.0031,0.08206,0.21236,0.00315,-0.00603,0.34874,0.14991,0.00492,0.08251
1301,1777810902226,Neutral,0.21818,0.00281,-0.00513,0.34856,0.14891,0.00234,0.08231,0.21411,0.00305,-0.00576,0.34868,0.14961,0.00415,0.08245
1302,1777810902258,Neutral,0.21191,0.00282,-0.00378,0.34772,0.14928,0.00103,0.08422,0.21345,0.00298,-0.00517,0.34839,0.14951,0.00321,0.08298
1303,1777810902291,Neutral,0.21115,0.00344,-0.00353,0.34873,0.14856,0.00042,0.08481,0.21276,0.00312,-0.00468,0.34849,0.14922,0.00237,0.08353
1304,1777810902324,Neutral,0.21495,0.00332,-0.00398,0.34692,0.14693,0.00041,0.08312,0.21342,0.00318,-0.00447,0.34802,0.14854,0.00178,0.08341
1305,1777810902357,Neutral,0.20955,0.00333,-0.004,0.34668,0.14606,5e-05,0.08352,0.21226,0.00322,-0.00433,0.34762,0.14779,0.00126,0.08344
1306,1777810902390,Neutral,0.20889,0.00431,-0.00382,0.34653,0.14631,0.00011,0.08415,0.21125,0.00355,-0.00417,0.34729,0.14735,0.00092,0.08366
1307,1777810902425,Neutral,0.20874,0.00504,-0.00376,0.34502,0.14672,0.00045,0.08398,0.2105,0.004,-0.00405,0.34661,0.14716,0.00078,0.08375
1308,1777810902459,Neutral,0.20639,0.00575,-0.00384,0.34518,0.14661,0.00093,0.0838,0.20926,0.00452,-0.00399,0.34618,0.147,0.00082,0.08377
1309,1777810902525,Neutral,0.21503,0.00452,-0.0019,0.34477,0.14392,0.00109,0.08182,0.21099,0.00452,-0.00336,0.34576,0.14607,0.0009,0.08318
1310,1777810902592,Neutral,0.22248,0.00457,-0.00108,0.34855,0.14232,0.00575,0.08231,0.21444,0.00454,-0.00268,0.3466,0.14495,0.00236,0.08292
1311,1777810902659,Neutral,0.22201,0.00264,-0.00031,0.34419,0.14129,0.00186,0.08256,0.21671,0.00397,-0.00197,0.34587,0.14385,0.00221,0.08281
1312,1777810902692,Neutral,0.22407,0.00354,-0.00049,0.3423,0.14068,0.00027,0.08319,0.21892,0.00384,-0.00153,0.3448,0.1429,0.00163,0.08293
1313,1777810902756,Neutral,0.22657,0.00328,-0.0008,0.34148,0.14083,0.00121,0.08362,0.22121,0.00367,-0.00131,0.3438,0.14228,0.0015,0.08314
1314,1777810902790,Neutral,0.22244,0.00188,-0.00094,0.34129,0.14052,0.00094,0.08528,0.22158,0.00314,-0.0012,0.34305,0.14175,0.00133,0.08378
1315,1777810902824,Neutral,0.21838,0.00194,-0.00059,0.34098,0.14067,0.00078,0.08598,0.22062,0.00278,-0.00101,0.34243,0.14142,0.00117,0.08444
1316,1777810902857,Neutral,0.21323,0.00197,-0.00021,0.34066,0.14148,0.00116,0.08585,0.2184,0.00254,-0.00077,0.3419,0.14144,0.00116,0.08486
1317,1777810902892,Neutral,0.20753,0.00193,-0.00029,0.34034,0.14232,0.00181,0.08562,0.21514,0.00235,-0.00063,0.34143,0.14171,0.00136,0.08509
1318,1777810902926,Neutral,0.2144,0.0014,0.00022,0.34132,0.14058,0.00153,0.08552,0.21492,0.00207,-0.00037,0.34139,0.14137,0.00141,0.08522
