frame,timestamp,emotion,ear_avg_raw,mar_raw,smile_coeff_raw,mouth_width_raw,brow_dist_raw,mouth_asymmetry_raw,upper_lip_raise_raw,ear_avg_smooth,mar_smooth,smile_coeff_smooth,mouth_width_smooth,brow_dist_smooth,mouth_asymmetry_smooth,upper_lip_raise_smooth
1,1777970342003,Neutral,0.28639,0.00675,-0.01343,0.33386,0.15003,0.00787,0.08465,0.28639,0.00675,-0.01343,0.33386,0.15003,0.00787,0.08465
2,1777970342069,Neutral,0.27965,0.00417,-0.01244,0.33414,0.13894,0.00424,0.07795,0.28437,0.00597,-0.01313,0.33394,0.1467,0.00678,0.08264
3,1777970342103,Neutral,0.28697,0.00374,-0.0131,0.33275,0.13649,0.00186,0.0745,0.28515,0.0053,-0.01312,0.33358,0.14364,0.00531,0.0802
4,1777970342136,Neutral,0.28553,0.00325,-0.013,0.33545,0.13467,0.00258,0.07357,0.28526,0.00469,-0.01308,0.33414,0.14095,0.00449,0.07821
5,1777970342171,Neutral,0.28568,0.00336,-0.01248,0.33506,0.13446,0.00263,0.07266,0.28539,0.00429,-0.0129,0.33442,0.139,0.00393,0.07655
6,1777970342204,Neutral,0.28442,0.00307,-0.01176,0.33579,0.1345,0.00361,0.07325,0.2851,0.00392,-0.01256,0.33483,0.13765,0.00384,0.07556
7,1777970342236,Neutral,0.28964,0.00343,-0.01132,0.33876,0.13449,0.00471,0.07336,0.28646,0.00378,-0.01219,0.33601,0.1367,0.0041,0.0749
8,1777970342269,Neutral,0.28947,0.00387,-0.01184,0.33857,0.13539,0.00617,0.07311,0.28736,0.0038,-0.01208,0.33678,0.13631,0.00472,0.07436
9,1777970342303,Neutral,0.28737,0.00376,-0.01176,0.33967,0.13508,0.00828,0.07434,0.28736,0.00379,-0.01199,0.33765,0.13594,0.00579,0.07435
10,1777970342337,Neutral,0.28968,0.00324,-0.01225,0.33846,0.13484,0.00888,0.07453,0.28806,0.00363,-0.01206,0.33789,0.13561,0.00672,0.07441
11,1777970342369,Neutral,0.29338,0.0034,-0.01214,0.33728,0.13496,0.00914,0.07509,0.28966,0.00356,-0.01209,0.33771,0.13542,0.00744,0.07461
12,1777970342404,Neutral,0.30056,0.00209,-0.0111,0.33916,0.13565,0.00748,0.07553,0.29293,0.00312,-0.01179,0.33814,0.13549,0.00745,0.07489
13,1777970342436,Sad,0.30091,0.00162,-0.00947,0.33566,0.13799,0.00675,0.07549,0.29532,0.00267,-0.01109,0.3374,0.13624,0.00724,0.07507
14,1777970342469,Sad,0.30022,0.00229,-0.00817,0.33563,0.13864,0.00506,0.07627,0.29679,0.00256,-0.01022,0.33687,0.13696,0.00659,0.07543
15,1777970342503,Sad,0.30122,0.00208,-0.00706,0.3323,0.13802,0.00435,0.07775,0.29812,0.00241,-0.00927,0.3355,0.13728,0.00592,0.07612
16,1777970342536,Sad,0.30302,0.00223,-0.0076,0.33558,0.13811,0.00623,0.07616,0.29959,0.00236,-0.00877,0.33552,0.13753,0.00601,0.07614
17,1777970342571,Sad,0.30474,0.00232,-0.00661,0.33404,0.13626,0.00504,0.07672,0.30114,0.00235,-0.00812,0.33508,0.13715,0.00572,0.07631
18,1777970342604,Sad,0.28555,0.00285,-0.00586,0.33122,0.13604,0.00301,0.07829,0.29646,0.0025,-0.00744,0.33392,0.13682,0.00491,0.0769
19,1777970342637,Sad,0.29852,0.00241,-0.00598,0.33236,0.13325,0.00305,0.07771,0.29708,0.00247,-0.007,0.33345,0.13575,0.00435,0.07715
20,1777970342669,Sad,0.30728,0.00182,-0.0052,0.33136,0.13073,0.00324,0.07748,0.30014,0.00228,-0.00646,0.33282,0.13424,0.00402,0.07725
21,1777970342737,Sad,0.3164,0.00274,-0.0054,0.33086,0.1282,0.00389,0.07829,0.30502,0.00242,-0.00614,0.33223,0.13243,0.00398,0.07756
22,1777970342771,Sad,0.32051,0.00277,-0.0057,0.33063,0.12642,0.004,0.07702,0.30967,0.00252,-0.00601,0.33175,0.13063,0.00399,0.0774
23,1777970342803,Sad,0.32461,0.00269,-0.00549,0.33097,0.12541,0.00436,0.07674,0.31415,0.00257,-0.00585,0.33152,0.12906,0.0041,0.0772
24,1777970342836,Sad,0.32495,0.00246,-0.00621,0.33045,0.12504,0.00401,0.07684,0.31739,0.00254,-0.00596,0.3312,0.12785,0.00407,0.07709
25,1777970342872,Sad,0.3236,0.00244,-0.00614,0.33045,0.12528,0.00414,0.07685,0.31925,0.00251,-0.00601,0.33097,0.12708,0.00409,0.07702
26,1777970342904,Sad,0.32272,0.00226,-0.00576,0.33053,0.12571,0.00441,0.07724,0.32029,0.00243,-0.00594,0.33084,0.12667,0.00419,0.07709
27,1777970342936,Sad,0.32316,0.00256,-0.00549,0.33127,0.12558,0.00462,0.07763,0.32115,0.00247,-0.0058,0.33097,0.12634,0.00431,0.07725
28,1777970342969,Sad,0.32171,0.0028,-0.00557,0.33157,0.12561,0.00495,0.07785,0.32132,0.00257,-0.00573,0.33115,0.12612,0.0045,0.07743
29,1777970343003,Sad,0.3221,0.00288,-0.00597,0.33098,0.1255,0.00466,0.07715,0.32155,0.00266,-0.0058,0.3311,0.12594,0.00455,0.07734
30,1777970343038,Sad,0.32264,0.00263,-0.00683,0.33048,0.12493,0.00363,0.07604,0.32188,0.00265,-0.00611,0.33091,0.12564,0.00427,0.07695
31,1777970343069,Sad,0.32145,0.00173,-0.00725,0.33092,0.12459,0.00375,0.07602,0.32175,0.00237,-0.00645,0.33091,0.12532,0.00412,0.07667
32,1777970343103,Sad,0.32493,0.00183,-0.00735,0.33046,0.12366,0.00311,0.07567,0.3227,0.00221,-0.00672,0.33078,0.12482,0.00382,0.07637
33,1777970343135,Sad,0.32689,0.00188,-0.00697,0.32811,0.12321,0.0033,0.07525,0.32396,0.00211,-0.0068,0.32998,0.12434,0.00366,0.07604
34,1777970343168,Sad,0.3249,0.00165,-0.00696,0.3266,0.12279,0.00376,0.07513,0.32424,0.00197,-0.00685,0.32896,0.12387,0.00369,0.07576
35,1777970343203,Sad,0.32419,0.00201,-0.00756,0.32746,0.1223,0.00462,0.07492,0.32423,0.00198,-0.00706,0.32851,0.1234,0.00397,0.07551
36,1777970343236,Sad,0.3238,0.00197,-0.00772,0.32694,0.12261,0.00529,0.07515,0.3241,0.00198,-0.00726,0.32804,0.12317,0.00437,0.0754
37,1777970343271,Sad,0.32389,0.00138,-0.008,0.32564,0.12257,0.0047,0.07528,0.32404,0.0018,-0.00748,0.32732,0.12299,0.00447,0.07537
38,1777970343303,Sad,0.32458,0.00151,-0.00814,0.32674,0.12256,0.00556,0.07582,0.3242,0.00171,-0.00768,0.32715,0.12286,0.00479,0.0755
39,1777970343338,Sad,0.32391,0.0014,-0.00735,0.32565,0.12213,0.00569,0.07687,0.32411,0.00162,-0.00758,0.3267,0.12264,0.00506,0.07591
40,1777970343370,Sad,0.32542,0.00168,-0.00821,0.3244,0.12135,0.00555,0.07747,0.32451,0.00164,-0.00777,0.32601,0.12225,0.00521,0.07638
41,1777970343405,Sad,0.32716,0.00164,-0.0083,0.32165,0.1206,0.00574,0.07733,0.3253,0.00164,-0.00793,0.3247,0.12176,0.00537,0.07666
42,1777970343438,Sad,0.32799,0.00437,-0.00861,0.32057,0.11925,0.00433,0.07868,0.32611,0.00246,-0.00813,0.32346,0.121,0.00506,0.07727
43,1777970343470,Sad,0.32968,0.00461,-0.0084,0.31873,0.11802,0.0037,0.07959,0.32718,0.0031,-0.00821,0.32204,0.12011,0.00465,0.07797
44,1777970343505,Neutral,0.33069,0.00347,-0.00788,0.31914,0.11718,0.00302,0.08053,0.32823,0.00321,-0.00811,0.32117,0.11923,0.00416,0.07874
45,1777970343537,Neutral,0.33212,0.00322,-0.00797,0.31887,0.11691,0.00335,0.08029,0.3294,0.00321,-0.00807,0.32048,0.11854,0.00392,0.0792
46,1777970343571,Neutral,0.33326,0.00365,-0.00848,0.31881,0.11682,0.00388,0.08023,0.33056,0.00334,-0.00819,0.31998,0.11802,0.00391,0.07951
47,1777970343605,Neutral,0.33169,0.00365,-0.00857,0.31863,0.11699,0.00376,0.07992,0.3309,0.00344,-0.00831,0.31958,0.11771,0.00386,0.07963
48,1777970343638,Neutral,0.32631,0.00372,-0.00896,0.31934,0.11836,0.00385,0.0799,0.32952,0.00352,-0.0085,0.3195,0.11791,0.00386,0.07971
49,1777970343671,Neutral,0.32379,0.00302,-0.01003,0.31967,0.11911,0.00375,0.07886,0.3278,0.00337,-0.00896,0.31955,0.11827,0.00383,0.07946
50,1777970343705,Neutral,0.32261,0.00255,-0.0112,0.32071,0.11958,0.00398,0.07772,0.32624,0.00312,-0.00963,0.3199,0.11866,0.00387,0.07893
51,1777970343737,Neutral,0.3222,0.00253,-0.01244,0.32157,0.11969,0.00506,0.0762,0.32503,0.00294,-0.01047,0.3204,0.11897,0.00423,0.07812
52,1777970343771,Neutral,0.32071,0.00227,-0.01227,0.32221,0.12006,0.00541,0.07562,0.32374,0.00274,-0.01101,0.32094,0.1193,0.00458,0.07737
53,1777970343804,Sad,0.31927,0.00233,-0.01226,0.32279,0.12054,0.00512,0.07489,0.3224,0.00262,-0.01139,0.3215,0.11967,0.00474,0.07662
54,1777970343838,Sad,0.31832,0.00226,-0.01236,0.3225,0.12108,0.00576,0.07369,0.32117,0.00251,-0.01168,0.3218,0.12009,0.00505,0.07574
55,1777970343869,Sad,0.31759,0.00242,-0.01239,0.32273,0.12173,0.00595,0.07376,0.3201,0.00248,-0.01189,0.32208,0.12058,0.00532,0.07515
56,1777970343902,Sad,0.31699,0.00232,-0.01219,0.32144,0.12203,0.00567,0.07362,0.31916,0.00243,-0.01198,0.32189,0.12102,0.00542,0.07469
57,1777970343935,Sad,0.31651,0.00239,-0.01205,0.32225,0.12217,0.00526,0.07353,0.31837,0.00242,-0.012,0.322,0.12136,0.00538,0.07434
58,1777970343971,Sad,0.31601,0.0024,-0.01192,0.32093,0.12256,0.00509,0.07358,0.31766,0.00242,-0.01198,0.32168,0.12172,0.00529,0.07411
59,1777970344004,Sad,0.31507,0.00238,-0.01184,0.31933,0.12298,0.00507,0.07362,0.31688,0.00241,-0.01194,0.32097,0.1221,0.00522,0.07396
60,1777970344036,Sad,0.31527,0.00243,-0.01172,0.3198,0.12318,0.00487,0.07361,0.3164,0.00241,-0.01187,0.32062,0.12242,0.00512,0.07386
61,1777970344069,Sad,0.31558,0.00239,-0.01168,0.32068,0.12323,0.00481,0.07367,0.31615,0.00241,-0.01182,0.32064,0.12266,0.00502,0.0738
62,1777970344102,Sad,0.31567,0.00239,-0.01171,0.32324,0.12312,0.00479,0.07363,0.31601,0.0024,-0.01178,0.32142,0.1228,0.00496,0.07375
63,1777970344136,Sad,0.31271,0.00234,-0.01164,0.3227,0.12271,0.00481,0.0739,0.31502,0.00238,-0.01174,0.3218,0.12277,0.00491,0.0738
64,1777970344170,Sad,0.3126,0.00278,-0.0115,0.32307,0.12196,0.00473,0.07446,0.31429,0.0025,-0.01167,0.32218,0.12253,0.00486,0.074
65,1777970344205,Sad,0.31385,0.00279,-0.01149,0.32364,0.12122,0.00455,0.07492,0.31416,0.00259,-0.01161,0.32262,0.12214,0.00477,0.07427
66,1777970344238,Sad,0.3162,0.00265,-0.01102,0.32027,0.12029,0.00398,0.07573,0.31477,0.00261,-0.01144,0.32192,0.12158,0.00453,0.07471
67,1777970344271,Sad,0.318,0.00298,-0.01018,0.3183,0.11972,0.00369,0.07636,0.31574,0.00272,-0.01106,0.32083,0.12102,0.00428,0.07521
68,1777970344304,Sad,0.31945,0.00279,-0.00955,0.31791,0.11945,0.00335,0.07718,0.31685,0.00274,-0.01061,0.31996,0.12055,0.004,0.0758
69,1777970344336,Sad,0.31986,0.00298,-0.00931,0.31665,0.1193,0.0031,0.07754,0.31775,0.00281,-0.01022,0.31897,0.12017,0.00373,0.07632
70,1777970344370,Sad,0.32093,0.0027,-0.00883,0.3177,0.11913,0.00323,0.07769,0.31871,0.00278,-0.0098,0.31859,0.11986,0.00358,0.07673
71,1777970344403,Sad,0.32158,0.00306,-0.00883,0.31814,0.11895,0.00305,0.07773,0.31957,0.00286,-0.00951,0.31845,0.11959,0.00342,0.07703
72,1777970344436,Neutral,0.32196,0.00325,-0.0088,0.31706,0.11886,0.00254,0.07744,0.32028,0.00298,-0.0093,0.31804,0.11937,0.00315,0.07715
73,1777970344469,Neutral,0.32167,0.00341,-0.00892,0.31699,0.11869,0.00227,0.07731,0.3207,0.00311,-0.00919,0.31772,0.11916,0.00289,0.0772
74,1777970344504,Neutral,0.3224,0.0031,-0.00887,0.31653,0.11849,0.00237,0.07741,0.32121,0.00311,-0.00909,0.31737,0.11896,0.00273,0.07726
75,1777970344537,Neutral,0.3222,0.00308,-0.0089,0.31627,0.11835,0.00215,0.07774,0.32151,0.0031,-0.00903,0.31704,0.11878,0.00256,0.0774
76,1777970344570,Neutral,0.32162,0.00302,-0.00898,0.31744,0.11842,0.00213,0.07776,0.32154,0.00308,-0.00902,0.31716,0.11867,0.00243,0.07751
77,1777970344604,Neutral,0.32254,0.00276,-0.00889,0.3192,0.11835,0.00221,0.07767,0.32184,0.00298,-0.00898,0.31777,0.11858,0.00236,0.07756
78,1777970344637,Neutral,0.32325,0.00248,-0.0088,0.32046,0.11824,0.0023,0.07774,0.32227,0.00283,-0.00893,0.31858,0.11847,0.00235,0.07762
79,1777970344672,Neutral,0.32366,0.00237,-0.00875,0.32021,0.11817,0.00242,0.07792,0.32268,0.00269,-0.00887,0.31907,0.11838,0.00237,0.07771
80,1777970344704,Neutral,0.32486,0.00242,-0.00879,0.31992,0.118,0.00239,0.07783,0.32334,0.00261,-0.00885,0.31932,0.11827,0.00237,0.07774
81,1777970344738,Neutral,0.32531,0.00248,-0.00886,0.31931,0.11794,0.00242,0.07757,0.32393,0.00257,-0.00885,0.31932,0.11817,0.00239,0.07769
82,1777970344770,Neutral,0.32551,0.00263,-0.00895,0.31773,0.11776,0.00256,0.07743,0.3244,0.00259,-0.00888,0.31884,0.11804,0.00244,0.07761
83,1777970344804,Neutral,0.32603,0.00275,-0.00914,0.31736,0.11769,0.00242,0.07748,0.32489,0.00264,-0.00896,0.3184,0.11794,0.00243,0.07757
84,1777970344837,Neutral,0.32688,0.00275,-0.0093,0.31685,0.11759,0.00218,0.07751,0.32549,0.00267,-0.00906,0.31793,0.11783,0.00236,0.07755
85,1777970344870,Neutral,0.32788,0.00281,-0.00938,0.31692,0.11744,0.00196,0.07754,0.32621,0.00271,-0.00916,0.31763,0.11772,0.00224,0.07755
86,1777970344905,Neutral,0.32772,0.00278,-0.00945,0.31709,0.11724,0.00189,0.07745,0.32666,0.00273,-0.00925,0.31747,0.11757,0.00213,0.07752
87,1777970344936,Neutral,0.32808,0.00275,-0.00951,0.31762,0.11716,0.00173,0.07738,0.32709,0.00274,-0.00933,0.31751,0.11745,0.00201,0.07748
88,1777970344969,Neutral,0.32819,0.00266,-0.00951,0.31794,0.11706,0.00168,0.07727,0.32742,0.00272,-0.00938,0.31764,0.11733,0.00191,0.07741
89,1777970345002,Neutral,0.32796,0.00265,-0.00949,0.31741,0.11699,0.00165,0.07728,0.32758,0.0027,-0.00941,0.31757,0.11723,0.00183,0.07737
90,1777970345037,Neutral,0.32763,0.00263,-0.00947,0.31744,0.11699,0.00157,0.07722,0.32759,0.00268,-0.00943,0.31753,0.11716,0.00175,0.07733
91,1777970345071,Neutral,0.32768,0.00255,-0.0095,0.31727,0.11689,0.00172,0.07718,0.32762,0.00264,-0.00945,0.31745,0.11708,0.00174,0.07728
92,1777970345104,Neutral,0.327,0.00256,-0.00945,0.3169,0.11692,0.00159,0.07725,0.32743,0.00261,-0.00945,0.31729,0.11703,0.0017,0.07728
93,1777970345138,Neutral,0.3268,0.00265,-0.00933,0.31665,0.11684,0.00162,0.07717,0.32724,0.00262,-0.00941,0.3171,0.11697,0.00167,0.07724
94,1777970345171,Neutral,0.32657,0.00265,-0.00929,0.31676,0.11673,0.00162,0.0771,0.32704,0.00263,-0.00938,0.317,0.1169,0.00166,0.0772
95,1777970345204,Neutral,0.32654,0.00255,-0.00927,0.31693,0.11652,0.00168,0.07704,0.32689,0.00261,-0.00935,0.31697,0.11679,0.00166,0.07715
96,1777970345237,Neutral,0.32695,0.00245,-0.00924,0.31676,0.11641,0.00173,0.07708,0.32691,0.00256,-0.00931,0.31691,0.11667,0.00168,0.07713
97,1777970345270,Neutral,0.32693,0.00224,-0.00915,0.31685,0.11641,0.00169,0.0771,0.32692,0.00246,-0.00926,0.31689,0.11659,0.00169,0.07712
98,1777970345303,Neutral,0.32677,0.00232,-0.00913,0.31699,0.11656,0.00162,0.07723,0.32687,0.00242,-0.00922,0.31692,0.11658,0.00167,0.07715
99,1777970345336,Neutral,0.32687,0.00234,-0.00913,0.31721,0.11664,0.00154,0.07733,0.32687,0.0024,-0.00919,0.31701,0.1166,0.00163,0.07721
100,1777970345372,Neutral,0.32677,0.00224,-0.00905,0.31745,0.11671,0.00147,0.07747,0.32684,0.00235,-0.00915,0.31714,0.11663,0.00158,0.07729
101,1777970345403,Neutral,0.32666,0.00212,-0.00901,0.31763,0.11681,0.00144,0.07758,0.32679,0.00228,-0.00911,0.31729,0.11669,0.00154,0.07738
102,1777970345438,Neutral,0.32622,0.00205,-0.00893,0.31741,0.11692,0.00135,0.07771,0.32661,0.00221,-0.00905,0.31732,0.11676,0.00148,0.07748
103,1777970345469,Neutral,0.32671,0.00205,-0.00887,0.31749,0.11683,0.00141,0.07768,0.32664,0.00216,-0.009,0.31738,0.11678,0.00146,0.07754
104,1777970345502,Neutral,0.32682,0.00218,-0.00886,0.31745,0.11681,0.00146,0.07768,0.3267,0.00217,-0.00896,0.3174,0.11679,0.00146,0.07758
105,1777970345537,Neutral,0.3273,0.0024,-0.00896,0.31769,0.11669,0.0012,0.07775,0.32688,0.00224,-0.00896,0.31748,0.11676,0.00138,0.07763
106,1777970345570,Neutral,0.3282,0.00256,-0.00914,0.31791,0.11661,0.00092,0.07803,0.32727,0.00234,-0.00901,0.31761,0.11671,0.00125,0.07775
107,1777970345605,Neutral,0.3284,0.00267,-0.0093,0.31821,0.11653,0.00093,0.0782,0.32761,0.00244,-0.0091,0.31779,0.11666,0.00115,0.07789
108,1777970345637,Neutral,0.32822,0.00275,-0.00932,0.31913,0.11641,0.00083,0.07818,0.32779,0.00253,-0.00916,0.31819,0.11658,0.00106,0.07797
109,1777970345671,Neutral,0.32814,0.00261,-0.00934,0.32024,0.11634,0.00088,0.07812,0.3279,0.00255,-0.00922,0.31881,0.11651,0.001,0.07802
110,1777970345704,Neutral,0.32747,0.00135,-0.01198,0.32186,0.11648,0.00162,0.07649,0.32777,0.00219,-0.01005,0.31972,0.1165,0.00119,0.07756
111,1777970345737,Neutral,0.32769,0.00154,-0.01497,0.32634,0.11663,0.00295,0.0721,0.32775,0.002,-0.01153,0.32171,0.11654,0.00171,0.07592
112,1777970345770,Neutral,0.32817,0.00307,-0.01812,0.33175,0.11678,0.00372,0.06655,0.32787,0.00232,-0.0135,0.32472,0.11661,0.00232,0.07311
113,1777970345804,Neutral,0.32856,0.00408,-0.02028,0.34142,0.11682,0.00501,0.06266,0.32808,0.00285,-0.01554,0.32973,0.11667,0.00313,0.06998
114,1777970345838,Neutral,0.32943,0.00361,-0.02314,0.34775,0.11683,0.00512,0.05795,0.32849,0.00308,-0.01782,0.33514,0.11672,0.00372,0.06637
115,1777970345869,Neutral,0.33007,0.00404,-0.02436,0.34872,0.11691,0.00353,0.0553,0.32896,0.00336,-0.01978,0.33921,0.11678,0.00367,0.06305
116,1777970345903,Neutral,0.3301,0.0041,-0.02476,0.35398,0.11702,0.00265,0.05532,0.3293,0.00359,-0.02127,0.34364,0.11685,0.00336,0.06073
117,1777970345937,Neutral,0.33119,0.00452,-0.02513,0.35645,0.11687,0.00107,0.05593,0.32987,0.00387,-0.02243,0.34748,0.11686,0.00267,0.05929
118,1777970345970,Neutral,0.3314,0.00448,-0.02509,0.35822,0.11687,0.00045,0.05586,0.33033,0.00405,-0.02323,0.3507,0.11686,0.00201,0.05826
119,1777970346004,Neutral,0.33051,0.00562,-0.02547,0.36409,0.11701,0.00022,0.05291,0.33038,0.00452,-0.0239,0.35472,0.11691,0.00147,0.05666
120,1777970346037,Neutral,0.32798,0.00636,-0.0251,0.36833,0.11738,0.00212,0.04723,0.32966,0.00508,-0.02426,0.3588,0.11705,0.00166,0.05383
121,1777970346071,Neutral,0.32687,0.00792,-0.02421,0.37241,0.11769,0.00203,0.04491,0.32882,0.00593,-0.02424,0.36289,0.11724,0.00177,0.05115
122,1777970346104,Neutral,0.32687,0.00813,-0.02439,0.37522,0.11791,0.0023,0.04173,0.32824,0.00659,-0.02429,0.36659,0.11744,0.00193,0.04833
123,1777970346138,Neutral,0.32579,0.00864,-0.02431,0.37726,0.11809,0.00294,0.04033,0.3275,0.0072,-0.0243,0.36979,0.11764,0.00223,0.04593
124,1777970346170,Neutral,0.32543,0.00869,-0.02486,0.3785,0.11826,0.00316,0.0393,0.32688,0.00765,-0.02446,0.3724,0.11782,0.00251,0.04394
125,1777970346203,Neutral,0.32505,0.00856,-0.02469,0.37967,0.11836,0.00331,0.03994,0.32633,0.00792,-0.02453,0.37458,0.11798,0.00275,0.04274
126,1777970346237,Neutral,0.32501,0.00872,-0.02491,0.3826,0.11866,0.00332,0.03998,0.32594,0.00816,-0.02465,0.37699,0.11819,0.00292,0.04191
127,1777970346270,Neutral,0.32441,0.00872,-0.02484,0.38559,0.11894,0.00307,0.0403,0.32548,0.00833,-0.0247,0.37957,0.11841,0.00297,0.04143
128,1777970346303,Neutral,0.3241,0.00855,-0.02464,0.38697,0.11911,0.00345,0.04076,0.32507,0.0084,-0.02468,0.38179,0.11862,0.00311,0.04123
129,1777970346336,Neutral,0.32356,0.00839,-0.02451,0.38728,0.11929,0.00344,0.04126,0.32461,0.0084,-0.02463,0.38344,0.11882,0.00321,0.04124
130,1777970346370,Neutral,0.32303,0.00838,-0.02447,0.389,0.11938,0.00346,0.04162,0.32414,0.00839,-0.02458,0.3851,0.11899,0.00328,0.04135
131,1777970346403,Neutral,0.3229,0.00844,-0.02466,0.39046,0.11936,0.00401,0.04189,0.32377,0.00841,-0.02461,0.38671,0.1191,0.0035,0.04151
132,1777970346437,Neutral,0.32286,0.0087,-0.02498,0.39114,0.11935,0.00461,0.04217,0.32349,0.00849,-0.02472,0.38804,0.11917,0.00384,0.04171
133,1777970346470,Neutral,0.32312,0.00883,-0.02539,0.3921,0.11925,0.00498,0.04228,0.32338,0.00859,-0.02492,0.38926,0.1192,0.00418,0.04188
134,1777970346503,Neutral,0.32291,0.0091,-0.02587,0.39268,0.11923,0.00543,0.0423,0.32324,0.00874,-0.0252,0.39028,0.11921,0.00455,0.042
135,1777970346537,Neutral,0.32294,0.00927,-0.0263,0.39284,0.11922,0.00512,0.04279,0.32315,0.0089,-0.02553,0.39105,0.11921,0.00472,0.04224
136,1777970346570,Neutral,0.32302,0.00926,-0.02668,0.39381,0.11919,0.00468,0.04316,0.32311,0.00901,-0.02588,0.39188,0.1192,0.00471,0.04251
137,1777970346604,Neutral,0.32322,0.00905,-0.02703,0.3945,0.11919,0.00431,0.04368,0.32314,0.00902,-0.02622,0.39266,0.1192,0.00459,0.04286
138,1777970346636,Neutral,0.32326,0.0089,-0.02731,0.39515,0.11918,0.00394,0.04415,0.32318,0.00899,-0.02655,0.39341,0.11919,0.00439,0.04325
139,1777970346670,Neutral,0.32306,0.00871,-0.0276,0.39613,0.11923,0.00367,0.0445,0.32314,0.0089,-0.02686,0.39422,0.11921,0.00418,0.04362
140,1777970346703,Neutral,0.32324,0.00837,-0.02756,0.39644,0.11926,0.00354,0.04486,0.32317,0.00874,-0.02707,0.39489,0.11922,0.00399,0.04399
141,1777970346737,Neutral,0.32354,0.0084,-0.02749,0.3965,0.11926,0.00323,0.04546,0.32328,0.00864,-0.0272,0.39537,0.11923,0.00376,0.04443
142,1777970346770,Neutral,0.32361,0.0081,-0.02771,0.39647,0.11917,0.00255,0.04578,0.32338,0.00848,-0.02735,0.3957,0.11921,0.0034,0.04484
143,1777970346803,Neutral,0.32376,0.00777,-0.02781,0.39642,0.11914,0.00224,0.04592,0.32349,0.00827,-0.02749,0.39592,0.11919,0.00305,0.04516
144,1777970346837,Neutral,0.32365,0.00726,-0.02789,0.39637,0.11912,0.00198,0.04601,0.32354,0.00796,-0.02761,0.39605,0.11917,0.00273,0.04541
145,1777970346868,Neutral,0.32366,0.00718,-0.02793,0.39618,0.11905,0.00195,0.04616,0.32358,0.00773,-0.0277,0.39609,0.11913,0.0025,0.04564
146,1777970346901,Neutral,0.32393,0.00718,-0.02801,0.39625,0.11895,0.00189,0.04629,0.32368,0.00756,-0.0278,0.39614,0.11908,0.00231,0.04583
147,1777970346934,Neutral,0.32398,0.00731,-0.02796,0.39591,0.11899,0.00198,0.04655,0.32377,0.00749,-0.02784,0.39607,0.11905,0.00221,0.04605
148,1777970346970,Neutral,0.32427,0.00719,-0.02797,0.39537,0.11898,0.00212,0.04671,0.32392,0.0074,-0.02788,0.39586,0.11903,0.00219,0.04625
149,1777970347004,Neutral,0.32472,0.00693,-0.02782,0.3947,0.11902,0.00214,0.04683,0.32416,0.00726,-0.02786,0.39551,0.11903,0.00217,0.04642
150,1777970347036,Neutral,0.32509,0.00685,-0.02774,0.39412,0.11902,0.00205,0.04693,0.32444,0.00714,-0.02783,0.39509,0.11903,0.00214,0.04657
151,1777970347071,Neutral,0.32542,0.00676,-0.02775,0.39344,0.11908,0.00193,0.04711,0.32473,0.00702,-0.0278,0.3946,0.11904,0.00207,0.04673
152,1777970347103,Neutral,0.32574,0.00644,-0.02775,0.3928,0.11927,0.00181,0.04721,0.32503,0.00685,-0.02779,0.39406,0.11911,0.002,0.04688
153,1777970347136,Neutral,0.32606,0.00616,-0.02752,0.39244,0.11939,0.00182,0.0475,0.32534,0.00664,-0.02771,0.39357,0.11919,0.00194,0.04706
154,1777970347203,Neutral,0.32652,0.00595,-0.02721,0.39224,0.11978,0.00183,0.04809,0.3257,0.00643,-0.02756,0.39318,0.11937,0.00191,0.04737
155,1777970347237,Sad,0.31756,0.00575,-0.02717,0.39222,0.12171,0.00183,0.04822,0.32326,0.00623,-0.02744,0.39289,0.12007,0.00189,0.04763
156,1777970347269,Sad,0.26385,0.00547,-0.02718,0.39231,0.13255,0.00185,0.04863,0.30543,0.006,-0.02736,0.39272,0.12382,0.00187,0.04793
157,1777970347303,Neutral,0.23493,0.00546,-0.02718,0.39204,0.13815,0.00199,0.04873,0.28428,0.00584,-0.02731,0.39251,0.12812,0.00191,0.04817
158,1777970347336,Neutral,0.23979,0.00544,-0.02725,0.39203,0.13849,0.00213,0.04875,0.27093,0.00572,-0.02729,0.39237,0.13123,0.00198,0.04834
159,1777970347369,Neutral,0.24743,0.00544,-0.02727,0.3921,0.13762,0.0022,0.04871,0.26388,0.00564,-0.02729,0.39229,0.13314,0.00204,0.04845
160,1777970347402,Neutral,0.25362,0.00543,-0.02726,0.39216,0.13647,0.0021,0.0488,0.2608,0.00557,-0.02728,0.39225,0.13414,0.00206,0.04856
161,1777970347435,Neutral,0.25907,0.00545,-0.02724,0.39221,0.13558,0.00209,0.04881,0.26028,0.00554,-0.02727,0.39224,0.13457,0.00207,0.04863
162,1777970347470,Neutral,0.26168,0.00543,-0.02724,0.39246,0.13528,0.00207,0.04883,0.2607,0.00551,-0.02726,0.3923,0.13479,0.00207,0.04869
163,1777970347503,Neutral,0.26328,0.00546,-0.02722,0.39309,0.13501,0.00206,0.04886,0.26148,0.00549,-0.02725,0.39254,0.13485,0.00207,0.04874
164,1777970347537,Neutral,0.26582,0.00554,-0.02721,0.39377,0.13454,0.00206,0.04891,0.26278,0.00551,-0.02724,0.39291,0.13476,0.00206,0.0488
165,1777970347570,Neutral,0.26964,0.00571,-0.02721,0.39403,0.13393,0.00205,0.04897,0.26484,0.00557,-0.02723,0.39325,0.13451,0.00206,0.04885
166,1777970347603,Neutral,0.27171,0.00573,-0.02718,0.39441,0.13299,0.00202,0.04905,0.2669,0.00562,-0.02721,0.3936,0.13405,0.00205,0.04891
167,1777970347636,Neutral,0.27631,0.00574,-0.02712,0.39502,0.12985,0.00202,0.04909,0.26972,0.00566,-0.02718,0.39402,0.13279,0.00204,0.04896
168,1777970347670,Neutral,0.2948,0.00568,-0.02699,0.39503,0.12547,0.00198,0.04912,0.27725,0.00566,-0.02713,0.39432,0.13059,0.00202,0.04901
169,1777970347703,Neutral,0.30495,0.00551,-0.0268,0.39482,0.123,0.00168,0.04926,0.28556,0.00562,-0.02703,0.39447,0.12832,0.00192,0.04908
170,1777970347736,Neutral,0.31172,0.00539,-0.02674,0.39518,0.12167,0.00148,0.04937,0.29341,0.00555,-0.02694,0.39469,0.12632,0.00179,0.04917
171,1777970347769,Sad,0.31645,0.00541,-0.02673,0.39527,0.12079,0.00141,0.04951,0.30032,0.00551,-0.02688,0.39486,0.12466,0.00168,0.04927
172,1777970347803,Sad,0.31781,0.00539,-0.0267,0.3954,0.12043,0.00132,0.04953,0.30556,0.00547,-0.02682,0.39502,0.12339,0.00157,0.04935
173,1777970347835,Sad,0.31811,0.00539,-0.02657,0.39512,0.12039,0.00137,0.04967,0.30933,0.00545,-0.02675,0.39505,0.12249,0.00151,0.04945
174,1777970347869,Sad,0.31783,0.00539,-0.02651,0.39556,0.1204,0.00136,0.04986,0.31188,0.00543,-0.02668,0.39521,0.12186,0.00146,0.04957
175,1777970347903,Sad,0.31764,0.00543,-0.0265,0.3949,0.12029,0.00133,0.0499,0.31361,0.00543,-0.02663,0.39511,0.12139,0.00142,0.04967
176,1777970347935,Sad,0.3167,0.00547,-0.02645,0.39384,0.12038,0.00133,0.04995,0.31454,0.00544,-0.02657,0.39473,0.12109,0.00139,0.04975
177,1777970347968,Sad,0.31661,0.00541,-0.02647,0.39244,0.12045,0.00136,0.05002,0.31516,0.00543,-0.02654,0.39404,0.12089,0.00138,0.04983
178,1777970348003,Sad,0.31653,0.00538,-0.02648,0.39184,0.12045,0.0014,0.05005,0.31557,0.00542,-0.02652,0.39338,0.12076,0.00139,0.0499
179,1777970348036,Sad,0.31649,0.00543,-0.02631,0.3923,0.12058,0.00148,0.0501,0.31585,0.00542,-0.02646,0.39306,0.12071,0.00142,0.04996
180,1777970348070,Sad,0.31641,0.00547,-0.02617,0.39273,0.12066,0.00148,0.05021,0.31602,0.00543,-0.02637,0.39296,0.12069,0.00144,0.05003
181,1777970348102,Sad,0.31657,0.00563,-0.02611,0.39334,0.12066,0.00137,0.0502,0.31618,0.00549,-0.02629,0.39307,0.12068,0.00142,0.05008
182,1777970348136,Sad,0.31658,0.00568,-0.02589,0.39332,0.1207,0.00138,0.05024,0.3163,0.00555,-0.02617,0.39315,0.12069,0.00141,0.05013
183,1777970348170,Sad,0.31669,0.0057,-0.02557,0.3934,0.12071,0.00124,0.05043,0.31642,0.00559,-0.02599,0.39322,0.12069,0.00136,0.05022
184,1777970348202,Sad,0.31682,0.0057,-0.02551,0.39333,0.12069,0.00104,0.05047,0.31654,0.00562,-0.02585,0.39325,0.12069,0.00126,0.05029
185,1777970348236,Sad,0.31703,0.00563,-0.02545,0.3932,0.12059,0.00118,0.05038,0.31668,0.00563,-0.02573,0.39324,0.12066,0.00124,0.05032
186,1777970348269,Sad,0.31719,0.00549,-0.02536,0.39316,0.12055,0.00129,0.05051,0.31684,0.00559,-0.02562,0.39321,0.12063,0.00125,0.05038
187,1777970348302,Sad,0.31724,0.0058,-0.0252,0.39332,0.12052,0.00097,0.05066,0.31696,0.00565,-0.02549,0.39325,0.1206,0.00117,0.05046
188,1777970348335,Sad,0.3173,0.00586,-0.02495,0.39339,0.1205,0.00066,0.05104,0.31706,0.00571,-0.02533,0.39329,0.12057,0.00101,0.05064
189,1777970348369,Sad,0.31735,0.00597,-0.02469,0.39328,0.12044,0.00049,0.05184,0.31715,0.00579,-0.02514,0.39329,0.12053,0.00086,0.051
190,1777970348403,Sad,0.31759,0.00599,-0.02432,0.39334,0.1204,0.00042,0.05189,0.31728,0.00585,-0.02489,0.39331,0.12049,0.00073,0.05126
191,1777970348436,Sad,0.31772,0.00609,-0.02403,0.39352,0.12033,0.00037,0.05215,0.31741,0.00592,-0.02463,0.39337,0.12044,0.00062,0.05153
192,1777970348470,Sad,0.31814,0.00623,-0.02383,0.39343,0.12022,0.00035,0.05231,0.31763,0.00601,-0.02439,0.39339,0.12037,0.00054,0.05176
193,1777970348501,Sad,0.31843,0.0061,-0.02379,0.39323,0.12018,0.00046,0.05233,0.31787,0.00604,-0.02421,0.39334,0.12032,0.00052,0.05193
194,1777970348536,Sad,0.31844,0.00614,-0.02373,0.39301,0.12015,0.00047,0.05236,0.31804,0.00607,-0.02407,0.39324,0.12027,0.0005,0.05206
195,1777970348569,Sad,0.31879,0.00611,-0.02366,0.39275,0.11999,0.00051,0.0524,0.31826,0.00608,-0.02394,0.39309,0.12018,0.0005,0.05216
196,1777970348603,Sad,0.3193,0.00611,-0.02361,0.3924,0.11997,0.00052,0.05238,0.31858,0.00609,-0.02384,0.39289,0.12012,0.00051,0.05223
197,1777970348636,Sad,0.3197,0.00608,-0.02342,0.39201,0.11991,0.00051,0.05225,0.31891,0.00609,-0.02372,0.39262,0.12006,0.00051,0.05224
198,1777970348669,Sad,0.32037,0.00609,-0.02336,0.39173,0.1199,0.00042,0.05212,0.31935,0.00609,-0.02361,0.39236,0.12001,0.00048,0.0522
199,1777970348703,Sad,0.32035,0.00596,-0.02311,0.3905,0.11993,0.00037,0.05218,0.31965,0.00605,-0.02346,0.3918,0.11999,0.00045,0.05219
200,1777970348736,Sad,0.32078,0.0059,-0.02304,0.39022,0.11992,8e-05,0.05208,0.31999,0.006,-0.02333,0.39133,0.11997,0.00034,0.05216
201,1777970348768,Sad,0.32101,0.00566,-0.02299,0.38956,0.11986,0.0,0.05215,0.3203,0.0059,-0.02323,0.39079,0.11994,0.00024,0.05216
202,1777970348801,Sad,0.32123,0.00554,-0.02293,0.38893,0.11979,5e-05,0.05203,0.32058,0.00579,-0.02314,0.39023,0.11989,0.00018,0.05212
203,1777970348836,Sad,0.32148,0.00532,-0.02269,0.38767,0.11974,0.0004,0.05209,0.32085,0.00565,-0.023,0.38947,0.11985,0.00025,0.05211
204,1777970348870,Sad,0.32125,0.00369,-0.01778,0.38157,0.11969,0.00083,0.05842,0.32097,0.00506,-0.02144,0.3871,0.1198,0.00042,0.054
205,1777970348902,Sad,0.32184,0.00307,-0.0129,0.37017,0.1197,0.00085,0.06367,0.32123,0.00447,-0.01888,0.38202,0.11977,0.00055,0.0569
206,1777970348936,Sad,0.3231,0.00236,-0.00942,0.35655,0.11965,0.00098,0.06896,0.32179,0.00383,-0.01604,0.37438,0.11973,0.00068,0.06052
207,1777970348969,Sad,0.3254,0.00159,-0.00877,0.3447,0.11924,0.00314,0.07108,0.32287,0.00316,-0.01386,0.36547,0.11958,0.00142,0.06369
208,1777970349002,Neutral,0.32922,0.002,-0.00894,0.33257,0.11874,0.00387,0.07186,0.32478,0.00281,-0.01238,0.3556,0.11933,0.00215,0.06614
209,1777970349035,Neutral,0.3328,0.00288,-0.008,0.32727,0.11807,0.00418,0.07346,0.32718,0.00283,-0.01107,0.3471,0.11895,0.00276,0.06834
210,1777970349069,Neutral,0.33983,0.00301,-0.00731,0.3209,0.11694,0.00441,0.07469,0.33098,0.00288,-0.00994,0.33924,0.11835,0.00326,0.07024
211,1777970349102,Neutral,0.3477,0.00329,-0.00608,0.31182,0.11528,0.00368,0.07558,0.33599,0.00301,-0.00878,0.33102,0.11743,0.00338,0.07184
212,1777970349134,Neutral,0.3578,0.00415,-0.00572,0.30619,0.113,0.00424,0.07676,0.34254,0.00335,-0.00786,0.32357,0.1161,0.00364,0.07332
213,1777970349169,Neutral,0.37031,0.0071,-0.00666,0.30233,0.11028,0.00336,0.07662,0.35087,0.00447,-0.0075,0.3172,0.11435,0.00356,0.07431
214,1777970349202,Neutral,0.38526,0.0367,-0.00901,0.28905,0.10733,0.00512,0.07659,0.36119,0.01414,-0.00795,0.30875,0.11225,0.00402,0.07499
215,1777970349235,Neutral,0.3964,0.15565,-0.01647,0.28861,0.10452,0.00357,0.07555,0.37175,0.05659,-0.01051,0.30271,0.10993,0.00389,0.07516
216,1777970349268,Fear,0.4017,0.23068,-0.0223,0.28933,0.1025,0.00459,0.07413,0.38074,0.10882,-0.01405,0.2987,0.1077,0.0041,0.07485
217,1777970349301,Fear,0.40702,0.30513,-0.03091,0.28639,0.10024,0.00655,0.07286,0.38862,0.16771,-0.01911,0.29501,0.10546,0.00484,0.07425
218,1777970349335,Fear,0.41245,0.37317,-0.0385,0.28727,0.09821,0.00643,0.07029,0.39577,0.22935,-0.02492,0.29269,0.10329,0.00532,0.07307
219,1777970349368,Fear,0.41703,0.43439,-0.04534,0.2888,0.0964,0.00523,0.06907,0.40215,0.29086,-0.03105,0.29152,0.10122,0.00529,0.07187
220,1777970349402,Fear,0.4165,0.48864,-0.05176,0.28955,0.09604,0.00498,0.06906,0.40645,0.3502,-0.03726,0.29093,0.09967,0.00519,0.07102
221,1777970349435,Surprised,0.41659,0.51039,-0.05596,0.2898,0.09568,0.00274,0.06906,0.40949,0.39825,-0.04287,0.29059,0.09847,0.00446,0.07043
222,1777970349468,Surprised,0.41728,0.53425,-0.05875,0.28996,0.0954,0.00165,0.06921,0.41183,0.43905,-0.04764,0.2904,0.09755,0.00362,0.07007
223,1777970349501,Surprised,0.418,0.545,-0.05968,0.29039,0.09506,0.00213,0.06999,0.41368,0.47084,-0.05125,0.2904,0.0968,0.00317,0.07004
224,1777970349535,Surprised,0.41732,0.55166,-0.06106,0.29132,0.0951,0.00172,0.07042,0.41477,0.49509,-0.05419,0.29068,0.09629,0.00274,0.07015
225,1777970349569,Surprised,0.41721,0.55907,-0.06156,0.29109,0.09498,0.00248,0.07081,0.4155,0.51428,-0.0564,0.2908,0.0959,0.00266,0.07035
226,1777970349602,Surprised,0.41552,0.56719,-0.06223,0.29093,0.09496,0.00182,0.07117,0.41551,0.53015,-0.05815,0.29084,0.09562,0.00241,0.0706
227,1777970349635,Surprised,0.4077,0.57101,-0.0623,0.2907,0.09496,0.00263,0.07121,0.41317,0.54241,-0.0594,0.2908,0.09542,0.00247,0.07078
228,1777970349666,Surprised,0.40229,0.57381,-0.06245,0.2909,0.09505,0.00341,0.07155,0.4099,0.55183,-0.06031,0.29083,0.09531,0.00275,0.07101
229,1777970349700,Surprised,0.39991,0.5753,-0.06312,0.2907,0.09517,0.00367,0.07166,0.4069,0.55887,-0.06115,0.29079,0.09527,0.00303,0.07121
230,1777970349733,Surprised,0.39928,0.5767,-0.06357,0.29042,0.09517,0.00334,0.07145,0.40462,0.56422,-0.06188,0.29068,0.09524,0.00312,0.07128
231,1777970349767,Surprised,0.39985,0.57917,-0.06421,0.29048,0.09494,0.00365,0.0711,0.40319,0.5687,-0.06258,0.29062,0.09515,0.00328,0.07123
232,1777970349800,Surprised,0.40064,0.58635,-0.06567,0.29054,0.09472,0.00459,0.07099,0.40242,0.574,-0.06351,0.2906,0.09502,0.00367,0.07115
233,1777970349834,Surprised,0.40073,0.59027,-0.06575,0.29011,0.09464,0.00512,0.0709,0.40192,0.57888,-0.06418,0.29045,0.09491,0.00411,0.07108
234,1777970349869,Surprised,0.40122,0.59507,-0.06618,0.28977,0.09461,0.00512,0.07075,0.40171,0.58373,-0.06478,0.29025,0.09482,0.00441,0.07098
235,1777970349901,Surprised,0.40044,0.59415,-0.06632,0.2894,0.09466,0.00523,0.07075,0.40133,0.58686,-0.06524,0.28999,0.09477,0.00466,0.07091
236,1777970349934,Surprised,0.40021,0.5923,-0.06639,0.28927,0.09461,0.00536,0.07059,0.40099,0.58849,-0.06559,0.28978,0.09472,0.00487,0.07081
237,1777970349968,Surprised,0.3988,0.59234,-0.06638,0.28901,0.09481,0.00589,0.07051,0.40033,0.58965,-0.06582,0.28955,0.09475,0.00517,0.07072
238,1777970350001,Surprised,0.39797,0.59294,-0.06614,0.28905,0.09517,0.00627,0.07068,0.39962,0.59064,-0.06592,0.2894,0.09487,0.0055,0.07071
239,1777970350036,Surprised,0.39786,0.59174,-0.06609,0.28933,0.09549,0.00618,0.07077,0.39909,0.59097,-0.06597,0.28938,0.09506,0.00571,0.07073
240,1777970350068,Surprised,0.39609,0.58433,-0.06605,0.2909,0.09587,0.00612,0.07081,0.39819,0.58897,-0.06599,0.28983,0.0953,0.00583,0.07075
241,1777970350101,Surprised,0.39371,0.57736,-0.06572,0.29172,0.09639,0.00566,0.07091,0.39685,0.58549,-0.06591,0.2904,0.09563,0.00578,0.0708
242,1777970350135,Surprised,0.39009,0.56291,-0.06473,0.29216,0.09701,0.0055,0.07107,0.39482,0.57872,-0.06556,0.29093,0.09604,0.0057,0.07088
243,1777970350168,Surprised,0.38615,0.55359,-0.06432,0.29277,0.09755,0.00549,0.07129,0.39222,0.57118,-0.06519,0.29148,0.0965,0.00563,0.071
244,1777970350201,Surprised,0.38292,0.54756,-0.06398,0.29361,0.09803,0.00538,0.07152,0.38943,0.5641,-0.06483,0.29212,0.09696,0.00556,0.07116
245,1777970350235,Surprised,0.38077,0.53983,-0.06309,0.29351,0.09821,0.00533,0.07143,0.38683,0.55681,-0.0643,0.29254,0.09733,0.00549,0.07124
246,1777970350269,Surprised,0.37758,0.53527,-0.06264,0.29336,0.09865,0.00531,0.07143,0.38405,0.55035,-0.0638,0.29278,0.09773,0.00544,0.0713
247,1777970350300,Surprised,0.37474,0.52982,-0.06216,0.29332,0.09905,0.00522,0.07153,0.38126,0.54419,-0.06331,0.29294,0.09812,0.00537,0.07136
248,1777970350335,Surprised,0.37302,0.52411,-0.06153,0.29312,0.09929,0.00512,0.07134,0.37879,0.53817,-0.06278,0.293,0.09847,0.0053,0.07136
249,1777970350367,Surprised,0.37168,0.51959,-0.06117,0.29312,0.09953,0.0051,0.0711,0.37666,0.53259,-0.0623,0.29304,0.09879,0.00524,0.07128
250,1777970350401,Surprised,0.37133,0.51752,-0.06092,0.2927,0.09963,0.00508,0.0709,0.37506,0.52807,-0.06188,0.29293,0.09904,0.00519,0.07117
251,1777970350435,Surprised,0.3713,0.51591,-0.06091,0.29244,0.09966,0.00508,0.07073,0.37393,0.52442,-0.06159,0.29279,0.09923,0.00516,0.07104
252,1777970350467,Surprised,0.3713,0.50502,-0.06058,0.29189,0.09974,0.00519,0.07056,0.37314,0.5186,-0.06129,0.29252,0.09938,0.00517,0.07089
253,1777970350502,Surprised,0.3712,0.49806,-0.06032,0.29164,0.09993,0.00519,0.07037,0.37256,0.51244,-0.061,0.29225,0.09955,0.00517,0.07074
254,1777970350534,Surprised,0.37124,0.4975,-0.06062,0.29277,0.10026,0.00516,0.07049,0.37216,0.50796,-0.06088,0.29241,0.09976,0.00517,0.07066
255,1777970350568,Surprised,0.37205,0.49518,-0.06055,0.2941,0.10038,0.00497,0.07045,0.37213,0.50412,-0.06078,0.29292,0.09995,0.00511,0.0706
256,1777970350601,Surprised,0.37243,0.49348,-0.06064,0.29498,0.10061,0.00486,0.07033,0.37222,0.50093,-0.06074,0.29353,0.10014,0.00504,0.07052
257,1777970350634,Surprised,0.37259,0.48942,-0.06043,0.29618,0.10068,0.00474,0.07063,0.37233,0.49748,-0.06065,0.29433,0.1003,0.00495,0.07055
258,1777970350666,Surprised,0.37239,0.48834,-0.06037,0.29686,0.10096,0.00456,0.07085,0.37235,0.49474,-0.06057,0.29509,0.1005,0.00483,0.07064
259,1777970350700,Surprised,0.37256,0.4865,-0.06027,0.29754,0.10107,0.00441,0.07111,0.37241,0.49226,-0.06048,0.29582,0.10067,0.0047,0.07078
260,1777970350735,Surprised,0.36844,0.48465,-0.06039,0.29888,0.1019,0.00449,0.07115,0.37122,0.48998,-0.06045,0.29674,0.10104,0.00464,0.07089
261,1777970350768,Surprised,0.36267,0.48272,-0.0604,0.29977,0.10302,0.00464,0.07119,0.36866,0.4878,-0.06044,0.29765,0.10163,0.00464,0.07098
262,1777970350801,Surprised,0.36013,0.47764,-0.06031,0.30037,0.10351,0.00462,0.0711,0.3661,0.48476,-0.0604,0.29847,0.1022,0.00463,0.07102
263,1777970350835,Neutral,0.35805,0.4759,-0.06035,0.30086,0.10391,0.00467,0.07108,0.36368,0.4821,-0.06038,0.29918,0.10271,0.00464,0.07103
264,1777970350867,Neutral,0.35606,0.47191,-0.06028,0.30099,0.10432,0.00474,0.0709,0.3614,0.47904,-0.06035,0.29972,0.10319,0.00467,0.07099
265,1777970350901,Neutral,0.35531,0.46938,-0.06022,0.30133,0.10456,0.0047,0.07097,0.35957,0.47614,-0.06031,0.30021,0.1036,0.00468,0.07099
266,1777970350934,Neutral,0.35458,0.4645,-0.05988,0.30146,0.10471,0.00445,0.07095,0.35807,0.47265,-0.06018,0.30058,0.10393,0.00461,0.07098
267,1777970350968,Neutral,0.35337,0.45569,-0.05937,0.30109,0.10513,0.00416,0.07109,0.35666,0.46756,-0.05994,0.30073,0.10429,0.00448,0.07101
268,1777970351001,Neutral,0.35274,0.44494,-0.05843,0.30067,0.10541,0.00391,0.07112,0.35548,0.46078,-0.05949,0.30071,0.10463,0.00431,0.07104
269,1777970351035,Neutral,0.35227,0.43118,-0.058,0.3009,0.10593,0.00351,0.07153,0.35452,0.4519,-0.05904,0.30077,0.10502,0.00407,0.07119
270,1777970351067,Neutral,0.35233,0.40045,-0.05618,0.30117,0.10651,0.00316,0.07173,0.35386,0.43646,-0.05818,0.30089,0.10547,0.0038,0.07135
271,1777970351100,Neutral,0.35246,0.36735,-0.05294,0.30148,0.10716,0.00385,0.07228,0.35344,0.41573,-0.05661,0.30107,0.10597,0.00381,0.07163
272,1777970351134,Neutral,0.35241,0.32266,-0.04931,0.30255,0.10848,0.00307,0.07312,0.35313,0.38781,-0.05442,0.30151,0.10672,0.00359,0.07208
273,1777970351168,Neutral,0.35208,0.28162,-0.04619,0.30454,0.10955,0.00302,0.0724,0.35282,0.35595,-0.05195,0.30242,0.10757,0.00342,0.07217
274,1777970351201,Neutral,0.35189,0.256,-0.04381,0.30561,0.1109,0.00345,0.07225,0.35254,0.32596,-0.04951,0.30338,0.10857,0.00343,0.0722
275,1777970351234,Neutral,0.35116,0.24031,-0.04243,0.30608,0.11196,0.00314,0.07237,0.35213,0.30027,-0.04739,0.30419,0.10959,0.00334,0.07225
276,1777970351268,Neutral,0.35039,0.21224,-0.03942,0.30535,0.11284,0.00353,0.0724,0.3516,0.27386,-0.045,0.30454,0.11056,0.0034,0.07229
277,1777970351301,Neutral,0.34987,0.20698,-0.03928,0.3051,0.11344,0.00318,0.07234,0.35108,0.25379,-0.04328,0.30471,0.11143,0.00333,0.07231
278,1777970351334,Neutral,0.34952,0.21323,-0.04009,0.30525,0.11414,0.00299,0.07229,0.35061,0.24163,-0.04232,0.30487,0.11224,0.00323,0.0723
279,1777970351367,Neutral,0.34897,0.22234,-0.04049,0.30536,0.11478,0.0026,0.07213,0.35012,0.23584,-0.04177,0.30502,0.113,0.00304,0.07225
280,1777970351401,Neutral,0.34833,0.22897,-0.04066,0.30592,0.11511,0.00201,0.07216,0.34958,0.23378,-0.04144,0.30529,0.11363,0.00273,0.07223
281,1777970351435,Neutral,0.34784,0.23218,-0.04115,0.30658,0.11537,0.00196,0.07226,0.34906,0.2333,-0.04135,0.30568,0.11416,0.0025,0.07224
282,1777970351467,Neutral,0.34732,0.23226,-0.04116,0.30788,0.11566,0.00193,0.07232,0.34854,0.23299,-0.0413,0.30634,0.11461,0.00233,0.07226
283,1777970351501,Neutral,0.34655,0.2338,-0.04139,0.30893,0.11585,0.00182,0.07232,0.34794,0.23323,-0.04132,0.30712,0.11498,0.00218,0.07228
284,1777970351533,Neutral,0.34623,0.23413,-0.04159,0.30923,0.11612,0.00163,0.07237,0.34743,0.2335,-0.0414,0.30775,0.11532,0.00201,0.0723
285,1777970351567,Neutral,0.34114,0.234,-0.0416,0.30924,0.11636,0.00152,0.07237,0.34554,0.23365,-0.04146,0.3082,0.11563,0.00186,0.07232
286,1777970351601,Neutral,0.34008,0.23511,-0.04157,0.30903,0.11652,0.00124,0.07251,0.3439,0.23409,-0.0415,0.30845,0.1159,0.00168,0.07238
287,1777970351667,Neutral,0.34024,0.23309,-0.04088,0.30897,0.11675,0.00047,0.07266,0.3428,0.23379,-0.04131,0.3086,0.11615,0.00132,0.07246
288,1777970351700,Neutral,0.34046,0.23078,-0.04059,0.30888,0.11679,0.00029,0.07344,0.3421,0.23289,-0.04109,0.30869,0.11634,0.00101,0.07276
289,1777970351734,Neutral,0.34082,0.22664,-0.04043,0.30859,0.11685,1e-05,0.07428,0.34172,0.23101,-0.04089,0.30866,0.1165,0.00071,0.07322
290,1777970351767,Neutral,0.34136,0.21928,-0.04005,0.30845,0.11687,0.00027,0.0747,0.34161,0.22749,-0.04064,0.3086,0.11661,0.00058,0.07366
291,1777970351801,Neutral,0.34194,0.21372,-0.0396,0.3082,0.11694,0.00048,0.07498,0.34171,0.22336,-0.04033,0.30848,0.11671,0.00055,0.07406
292,1777970351833,Neutral,0.34251,0.20957,-0.03917,0.30816,0.11696,0.00072,0.075,0.34195,0.21922,-0.03998,0.30838,0.11678,0.0006,0.07434
293,1777970351866,Neutral,0.34269,0.20438,-0.03872,0.3083,0.117,0.0006,0.075,0.34217,0.21477,-0.0396,0.30836,0.11685,0.0006,0.07454
294,1777970351901,Neutral,0.34298,0.19854,-0.03811,0.30815,0.11707,0.00094,0.07503,0.34241,0.2099,-0.03916,0.3083,0.11692,0.0007,0.07469
295,1777970351934,Neutral,0.34313,0.19011,-0.03723,0.30773,0.11712,0.00078,0.07516,0.34263,0.20397,-0.03858,0.30813,0.11698,0.00073,0.07483
296,1777970351967,Neutral,0.3435,0.18263,-0.03624,0.30758,0.11726,0.00073,0.07532,0.34289,0.19756,-0.03788,0.30796,0.11706,0.00073,0.07498
297,1777970352001,Neutral,0.34363,0.17832,-0.03563,0.3073,0.11738,0.00053,0.07546,0.34311,0.19179,-0.0372,0.30776,0.11716,0.00067,0.07512
298,1777970352033,Neutral,0.34347,0.17677,-0.03501,0.30679,0.11743,0.00034,0.07548,0.34322,0.18728,-0.03654,0.30747,0.11724,0.00057,0.07523
299,1777970352067,Neutral,0.34355,0.17644,-0.03476,0.30681,0.11755,0.0002,0.07551,0.34332,0.18403,-0.03601,0.30727,0.11733,0.00046,0.07531
300,1777970352100,Neutral,0.34347,0.17344,-0.03447,0.30698,0.11764,0.00018,0.07556,0.34336,0.18085,-0.03555,0.30719,0.11742,0.00038,0.07539
301,1777970352134,Neutral,0.34393,0.16832,-0.03388,0.30712,0.11766,0.00015,0.07557,0.34353,0.17709,-0.03505,0.30716,0.11749,0.00031,0.07544
302,1777970352167,Neutral,0.34412,0.16803,-0.03356,0.30712,0.11778,6e-05,0.07547,0.34371,0.17437,-0.0346,0.30715,0.11758,0.00023,0.07545
303,1777970352200,Neutral,0.34434,0.16005,-0.03275,0.30775,0.11788,0.00022,0.07549,0.3439,0.17008,-0.03405,0.30733,0.11767,0.00023,0.07546
304,1777970352232,Neutral,0.34462,0.15776,-0.03222,0.30774,0.11795,0.00018,0.0755,0.34412,0.16638,-0.0335,0.30745,0.11775,0.00021,0.07548
305,1777970352265,Neutral,0.34476,0.15763,-0.03203,0.30759,0.1181,0.00024,0.07546,0.34431,0.16376,-0.03306,0.3075,0.11786,0.00022,0.07547
306,1777970352298,Neutral,0.34499,0.15418,-0.03138,0.30723,0.11823,0.00038,0.0755,0.34451,0.16088,-0.03255,0.30742,0.11797,0.00027,0.07548
307,1777970352332,Neutral,0.34489,0.15363,-0.03107,0.30749,0.11832,0.00019,0.07553,0.34462,0.15871,-0.03211,0.30744,0.11807,0.00025,0.0755
308,1777970352369,Neutral,0.3447,0.15192,-0.03071,0.30849,0.11845,0.00022,0.07561,0.34465,0.15667,-0.03169,0.30775,0.11819,0.00024,0.07553
309,1777970352400,Neutral,0.3444,0.14726,-0.03,0.30853,0.11854,0.00025,0.07565,0.34457,0.15385,-0.03118,0.30799,0.11829,0.00024,0.07557
310,1777970352434,Neutral,0.34455,0.14767,-0.02999,0.309,0.11857,0.0003,0.07566,0.34457,0.15199,-0.03082,0.30829,0.11838,0.00026,0.07559
311,1777970352467,Neutral,0.34513,0.14772,-0.02999,0.31,0.11856,0.00039,0.07561,0.34474,0.15071,-0.03057,0.3088,0.11843,0.0003,0.0756
312,1777970352500,Neutral,0.34528,0.14835,-0.02993,0.31068,0.11859,0.0004,0.07566,0.3449,0.15001,-0.03038,0.30937,0.11848,0.00033,0.07562
313,1777970352534,Neutral,0.34584,0.15088,-0.0299,0.31124,0.11877,0.00052,0.07568,0.34518,0.15027,-0.03024,0.30993,0.11856,0.00038,0.07564
314,1777970352566,Neutral,0.34599,0.153,-0.03003,0.31126,0.1188,0.00055,0.07567,0.34542,0.15109,-0.03018,0.31033,0.11864,0.00043,0.07565
315,1777970352601,Neutral,0.34615,0.15439,-0.0301,0.31114,0.1189,0.00051,0.07569,0.34564,0.15208,-0.03015,0.31057,0.11871,0.00046,0.07566
316,1777970352633,Neutral,0.34652,0.15566,-0.03009,0.31078,0.11901,0.00052,0.07569,0.3459,0.15315,-0.03013,0.31063,0.1188,0.00047,0.07567
317,1777970352668,Neutral,0.34728,0.1571,-0.0301,0.31061,0.11906,0.00052,0.07556,0.34632,0.15434,-0.03012,0.31063,0.11888,0.00049,0.07564
318,1777970352700,Neutral,0.34782,0.15845,-0.03015,0.3109,0.11906,0.00051,0.07553,0.34677,0.15557,-0.03013,0.31071,0.11893,0.0005,0.0756
319,1777970352733,Neutral,0.34799,0.15938,-0.03014,0.31074,0.11907,0.00047,0.07553,0.34714,0.15671,-0.03013,0.31072,0.11897,0.00049,0.07558
320,1777970352766,Neutral,0.3481,0.15998,-0.03014,0.31052,0.11907,0.00044,0.07554,0.34743,0.15769,-0.03013,0.31066,0.119,0.00047,0.07557
321,1777970352800,Neutral,0.34803,0.16093,-0.03014,0.31035,0.11902,0.00033,0.07554,0.34761,0.15866,-0.03013,0.31057,0.11901,0.00043,0.07556
322,1777970352834,Neutral,0.34806,0.16267,-0.03028,0.3103,0.11902,0.00034,0.07555,0.34774,0.15986,-0.03018,0.31049,0.11901,0.0004,0.07556
323,1777970352867,Neutral,0.34824,0.16337,-0.03031,0.31002,0.11893,0.00034,0.07553,0.34789,0.16091,-0.03022,0.31035,0.11899,0.00039,0.07555
324,1777970352901,Neutral,0.34811,0.16459,-0.03034,0.30951,0.11891,0.00036,0.07557,0.34796,0.16202,-0.03026,0.3101,0.11896,0.00038,0.07555
325,1777970352933,Neutral,0.34829,0.16524,-0.03035,0.3092,0.11892,0.00037,0.0756,0.34806,0.16298,-0.03028,0.30983,0.11895,0.00037,0.07557
326,1777970352967,Neutral,0.34831,0.16698,-0.03052,0.30901,0.11894,0.00038,0.0757,0.34813,0.16418,-0.03036,0.30958,0.11895,0.00038,0.07561
327,1777970352999,Neutral,0.34824,0.16824,-0.03062,0.30898,0.11899,0.00033,0.07567,0.34817,0.1654,-0.03044,0.3094,0.11896,0.00036,0.07562
328,1777970353033,Neutral,0.34787,0.16976,-0.03079,0.30899,0.11907,0.00029,0.07567,0.34808,0.16671,-0.03054,0.30928,0.11899,0.00034,0.07564
329,1777970353067,Neutral,0.34782,0.17041,-0.03084,0.30888,0.11907,0.0003,0.07564,0.348,0.16782,-0.03063,0.30916,0.11901,0.00033,0.07564
330,1777970353100,Neutral,0.34783,0.17355,-0.03097,0.3088,0.11906,0.00032,0.07565,0.34795,0.16954,-0.03073,0.30905,0.11903,0.00033,0.07564
331,1777970353134,Neutral,0.34818,0.17578,-0.03103,0.3089,0.11901,0.00037,0.07571,0.34802,0.17141,-0.03082,0.30901,0.11902,0.00034,0.07566
332,1777970353166,Neutral,0.34854,0.17779,-0.03109,0.30934,0.11898,0.00048,0.07574,0.34817,0.17333,-0.0309,0.3091,0.11901,0.00038,0.07568
333,1777970353199,Neutral,0.34836,0.17872,-0.03096,0.30973,0.11887,0.00051,0.07574,0.34823,0.17494,-0.03092,0.30929,0.11897,0.00042,0.0757
334,1777970353233,Neutral,0.34842,0.17955,-0.03093,0.30972,0.11879,0.00029,0.07573,0.34829,0.17632,-0.03092,0.30942,0.11891,0.00038,0.07571
335,1777970353266,Neutral,0.34842,0.17642,-0.03005,0.30979,0.11869,0.00044,0.07567,0.34833,0.17635,-0.03066,0.30953,0.11885,0.0004,0.0757
336,1777970353300,Neutral,0.34817,0.17915,-0.03034,0.30972,0.11863,0.00052,0.07571,0.34828,0.17719,-0.03057,0.30959,0.11878,0.00043,0.0757
337,1777970353334,Neutral,0.34808,0.18073,-0.03038,0.30975,0.11858,0.00059,0.07553,0.34822,0.17825,-0.03051,0.30964,0.11872,0.00048,0.07565
338,1777970353367,Neutral,0.34807,0.1839,-0.03044,0.30966,0.11853,0.00043,0.0756,0.34818,0.17995,-0.03049,0.30964,0.11866,0.00046,0.07564
339,1777970353400,Neutral,0.34824,0.18953,-0.03069,0.3092,0.1184,0.00064,0.07549,0.3482,0.18282,-0.03055,0.30951,0.11858,0.00052,0.07559
340,1777970353433,Neutral,0.34802,0.19289,-0.03082,0.30902,0.11828,0.00086,0.07547,0.34814,0.18584,-0.03063,0.30936,0.11849,0.00062,0.07556
341,1777970353466,Neutral,0.34817,0.19666,-0.03096,0.30891,0.11813,0.0011,0.07543,0.34815,0.18909,-0.03073,0.30923,0.11838,0.00077,0.07552
342,1777970353500,Neutral,0.34853,0.19678,-0.03088,0.30856,0.11797,0.00105,0.07541,0.34827,0.1914,-0.03077,0.30903,0.11826,0.00085,0.07549
343,1777970353534,Neutral,0.34865,0.20074,-0.03109,0.30837,0.11785,0.00125,0.07542,0.34838,0.1942,-0.03087,0.30883,0.11814,0.00097,0.07547
344,1777970353566,Neutral,0.34874,0.20449,-0.03115,0.30806,0.11771,0.00133,0.07548,0.34849,0.19729,-0.03095,0.3086,0.11801,0.00108,0.07547
345,1777970353601,Neutral,0.34886,0.20824,-0.03133,0.30792,0.11753,0.00135,0.07543,0.3486,0.20057,-0.03107,0.30839,0.11787,0.00116,0.07546
346,1777970353633,Neutral,0.34941,0.20845,-0.03109,0.3077,0.1175,0.00111,0.07576,0.34884,0.20294,-0.03107,0.30819,0.11776,0.00114,0.07555
347,1777970353666,Neutral,0.34935,0.21101,-0.03146,0.30758,0.11738,0.00083,0.07565,0.349,0.20536,-0.03119,0.308,0.11764,0.00105,0.07558
348,1777970353700,Neutral,0.34924,0.21243,-0.03157,0.30758,0.11733,0.00071,0.07579,0.34907,0.20748,-0.0313,0.30788,0.11755,0.00095,0.07564
349,1777970353733,Neutral,0.34934,0.21466,-0.03168,0.30741,0.11711,0.00052,0.07583,0.34915,0.20963,-0.03142,0.30774,0.11742,0.00082,0.0757
350,1777970353767,Neutral,0.34936,0.21576,-0.03139,0.30687,0.11693,0.00041,0.07585,0.34921,0.21147,-0.03141,0.30748,0.11727,0.0007,0.07574
351,1777970353799,Neutral,0.34957,0.21758,-0.03159,0.30607,0.1168,0.00073,0.07578,0.34932,0.21331,-0.03146,0.30706,0.11713,0.00071,0.07575
352,1777970353833,Neutral,0.34988,0.21962,-0.03184,0.30583,0.11644,0.00077,0.07576,0.34949,0.2152,-0.03157,0.30669,0.11692,0.00072,0.07576
353,1777970353866,Neutral,0.35023,0.22229,-0.03216,0.30555,0.11607,0.00083,0.07564,0.34971,0.21733,-0.03175,0.30635,0.11667,0.00076,0.07572
354,1777970353899,Neutral,0.35038,0.22339,-0.03226,0.3057,0.11573,0.00071,0.07552,0.34991,0.21915,-0.0319,0.30615,0.11639,0.00074,0.07566
355,1777970353932,Neutral,0.35069,0.22432,-0.0323,0.30572,0.11561,0.00086,0.07546,0.35014,0.2207,-0.03202,0.30602,0.11615,0.00078,0.0756
356,1777970353965,Neutral,0.34446,0.22332,-0.03189,0.30589,0.1179,0.0009,0.07549,0.34844,0.22149,-0.03198,0.30599,0.11668,0.00081,0.07557
357,1777970353999,Neutral,0.33245,0.22391,-0.03228,0.30599,0.1216,0.00125,0.07537,0.34364,0.22221,-0.03207,0.30599,0.11815,0.00095,0.07551
358,1777970354031,Sad,0.327,0.22413,-0.03242,0.30603,0.12314,0.00143,0.07532,0.33865,0.22279,-0.03217,0.306,0.11965,0.00109,0.07545
359,1777970354066,Sad,0.3256,0.22469,-0.03262,0.30601,0.12414,0.00166,0.07507,0.33474,0.22336,-0.03231,0.306,0.121,0.00126,0.07534
360,1777970354099,Sad,0.32692,0.22558,-0.0328,0.30625,0.12456,0.00177,0.07487,0.33239,0.22403,-0.03245,0.30608,0.12207,0.00141,0.0752
361,1777970354132,Sad,0.32736,0.22584,-0.03302,0.30641,0.1248,0.00168,0.0748,0.33088,0.22457,-0.03262,0.30618,0.12289,0.00149,0.07508
362,1777970354166,Sad,0.3291,0.226,-0.03321,0.30639,0.12465,0.00161,0.07473,0.33035,0.225,-0.0328,0.30624,0.12342,0.00153,0.07497
363,1777970354198,Sad,0.33047,0.22659,-0.0334,0.30654,0.12463,0.00185,0.07461,0.33038,0.22548,-0.03298,0.30633,0.12378,0.00163,0.07486
364,1777970354232,Sad,0.33159,0.22672,-0.03346,0.30637,0.12461,0.00191,0.07453,0.33074,0.22585,-0.03313,0.30634,0.12403,0.00171,0.07476
365,1777970354266,Sad,0.33308,0.22693,-0.0335,0.30653,0.12458,0.00184,0.0745,0.33144,0.22617,-0.03324,0.3064,0.12419,0.00175,0.07468
366,1777970354299,Sad,0.33423,0.22751,-0.03364,0.3065,0.12452,0.00186,0.07453,0.33228,0.22657,-0.03336,0.30643,0.12429,0.00178,0.07464
367,1777970354333,Sad,0.3344,0.22729,-0.03367,0.30664,0.12448,0.00183,0.07453,0.33291,0.22679,-0.03345,0.30649,0.12435,0.0018,0.0746
368,1777970354366,Sad,0.3348,0.22738,-0.03379,0.30683,0.12443,0.0018,0.0744,0.33348,0.22697,-0.03355,0.30659,0.12437,0.0018,0.07454
369,1777970354399,Sad,0.33079,0.22732,-0.03382,0.3071,0.12432,0.00186,0.07435,0.33267,0.22707,-0.03363,0.30674,0.12436,0.00182,0.07448
370,1777970354433,Sad,0.32766,0.22747,-0.0338,0.30666,0.12289,0.00181,0.07432,0.33117,0.22719,-0.03368,0.30672,0.12392,0.00181,0.07444
371,1777970354466,Sad,0.33281,0.22614,-0.03348,0.30648,0.12128,0.00158,0.07425,0.33166,0.22687,-0.03362,0.30665,0.12313,0.00174,0.07438
372,1777970354499,Sad,0.33727,0.22603,-0.03344,0.30587,0.11989,0.00155,0.07408,0.33334,0.22662,-0.03357,0.30641,0.12216,0.00169,0.07429
373,1777970354531,Sad,0.33922,0.22601,-0.03343,0.30582,0.11914,0.00154,0.07413,0.33511,0.22644,-0.03352,0.30623,0.12125,0.00164,0.07424
374,1777970354565,Sad,0.34093,0.22464,-0.03319,0.30592,0.1185,0.0014,0.07411,0.33685,0.2259,-0.03343,0.30614,0.12042,0.00157,0.0742
375,1777970354598,Sad,0.34231,0.22431,-0.03322,0.30595,0.11808,0.0013,0.07408,0.33849,0.22542,-0.03336,0.30608,0.11972,0.00149,0.07417
376,1777970354631,Neutral,0.34238,0.22351,-0.03308,0.30593,0.11772,0.0012,0.07417,0.33966,0.22485,-0.03328,0.30604,0.11912,0.0014,0.07417
377,1777970354665,Neutral,0.34332,0.22112,-0.03274,0.30571,0.11748,0.0011,0.07415,0.34076,0.22373,-0.03312,0.30594,0.11863,0.00131,0.07416
378,1777970354700,Neutral,0.34375,0.22067,-0.03263,0.30517,0.11735,0.00103,0.07447,0.34165,0.22281,-0.03297,0.30571,0.11824,0.00123,0.07425
379,1777970354732,Neutral,0.34357,0.21803,-0.03199,0.30499,0.11736,0.00096,0.07462,0.34223,0.22138,-0.03268,0.30549,0.11798,0.00115,0.07436
380,1777970354766,Neutral,0.34375,0.21654,-0.03168,0.30491,0.11726,0.00094,0.07489,0.34268,0.21993,-0.03238,0.30532,0.11776,0.00108,0.07452
381,1777970354799,Neutral,0.34393,0.21307,-0.03089,0.30483,0.1172,0.00099,0.07503,0.34306,0.21787,-0.03193,0.30517,0.11759,0.00106,0.07468
382,1777970354832,Neutral,0.34413,0.21186,-0.03071,0.30468,0.11714,0.00109,0.07524,0.34338,0.21607,-0.03157,0.30502,0.11746,0.00106,0.07484
383,1777970354865,Neutral,0.34393,0.21084,-0.03064,0.3049,0.11707,0.00098,0.0755,0.34354,0.2145,-0.03129,0.30499,0.11734,0.00104,0.07504
384,1777970354898,Neutral,0.34396,0.21196,-0.03083,0.30493,0.11699,0.00097,0.07533,0.34367,0.21374,-0.03115,0.30497,0.11724,0.00102,0.07513
385,1777970354965,Neutral,0.34448,0.21165,-0.03089,0.30499,0.11696,0.00109,0.07523,0.34391,0.21311,-0.03107,0.30497,0.11715,0.00104,0.07516
386,1777970354998,Neutral,0.34427,0.21131,-0.03094,0.30529,0.117,0.00104,0.07531,0.34402,0.21257,-0.03103,0.30507,0.11711,0.00104,0.0752
387,1777970355031,Neutral,0.34425,0.2107,-0.03098,0.30542,0.11696,0.00098,0.0754,0.34409,0.21201,-0.03102,0.30517,0.11706,0.00102,0.07526
388,1777970355064,Neutral,0.34445,0.20809,-0.03077,0.30558,0.11692,0.00085,0.07571,0.3442,0.21083,-0.03094,0.3053,0.11702,0.00097,0.0754
389,1777970355098,Neutral,0.34466,0.20149,-0.03011,0.30594,0.11692,0.00077,0.07623,0.34433,0.20803,-0.03069,0.30549,0.11699,0.00091,0.07565
390,1777970355131,Neutral,0.34435,0.19241,-0.02903,0.30607,0.117,0.00063,0.07651,0.34434,0.20335,-0.03019,0.30566,0.11699,0.00083,0.07591
391,1777970355166,Neutral,0.34421,0.18894,-0.02908,0.30625,0.11708,0.00063,0.07656,0.3443,0.19902,-0.02986,0.30584,0.11702,0.00077,0.0761
392,1777970355198,Neutral,0.34432,0.18156,-0.02895,0.30656,0.11712,0.00048,0.0766,0.34431,0.19379,-0.02959,0.30606,0.11705,0.00068,0.07625
393,1777970355232,Neutral,0.34438,0.17544,-0.02885,0.30745,0.11723,0.00047,0.07663,0.34433,0.18828,-0.02937,0.30647,0.1171,0.00062,0.07637
394,1777970355265,Neutral,0.34452,0.1756,-0.02891,0.30792,0.11736,0.00024,0.07654,0.34439,0.18448,-0.02923,0.30691,0.11718,0.0005,0.07642
395,1777970355299,Neutral,0.34465,0.17804,-0.02879,0.30794,0.11733,4e-05,0.07654,0.34447,0.18255,-0.0291,0.30722,0.11723,0.00036,0.07646
396,1777970355332,Neutral,0.34458,0.18634,-0.02885,0.30777,0.11722,0.00021,0.07656,0.3445,0.18368,-0.02902,0.30738,0.11722,0.00032,0.07649
397,1777970355366,Neutral,0.34477,0.19961,-0.0295,0.30714,0.11713,0.00021,0.07643,0.34458,0.18846,-0.02917,0.30731,0.11719,0.00029,0.07647
398,1777970355400,Neutral,0.34474,0.20631,-0.0297,0.307,0.11701,0.00015,0.07638,0.34463,0.19382,-0.02933,0.30722,0.11714,0.00025,0.07644
399,1777970355432,Neutral,0.3447,0.21259,-0.02999,0.30693,0.11685,0.00028,0.07628,0.34465,0.19945,-0.02953,0.30713,0.11705,0.00026,0.07639
400,1777970355466,Neutral,0.34494,0.21735,-0.03048,0.30695,0.11674,0.0002,0.07616,0.34474,0.20482,-0.02981,0.30708,0.11696,0.00024,0.07632
401,1777970355499,Neutral,0.34514,0.21907,-0.03087,0.30684,0.11671,0.00018,0.076,0.34486,0.20909,-0.03013,0.30701,0.11688,0.00022,0.07623
402,1777970355532,Neutral,0.34488,0.22043,-0.03087,0.30658,0.11669,0.00026,0.07594,0.34486,0.21249,-0.03035,0.30688,0.11683,0.00023,0.07614
403,1777970355565,Neutral,0.34492,0.22068,-0.03057,0.3064,0.11658,0.00044,0.07623,0.34488,0.21495,-0.03042,0.30673,0.11675,0.00029,0.07617
404,1777970355599,Neutral,0.34496,0.22016,-0.03013,0.30655,0.11652,0.00085,0.07665,0.3449,0.21651,-0.03033,0.30668,0.11668,0.00046,0.07631
405,1777970355633,Neutral,0.34453,0.22112,-0.03018,0.30638,0.11636,0.00068,0.07653,0.34479,0.21789,-0.03029,0.30659,0.11659,0.00053,0.07638
406,1777970355665,Neutral,0.34415,0.22404,-0.03058,0.30606,0.11617,0.00026,0.0765,0.3446,0.21974,-0.03037,0.30643,0.11646,0.00045,0.07641
407,1777970355699,Neutral,0.34417,0.2264,-0.03085,0.30559,0.11603,6e-05,0.07677,0.34447,0.22174,-0.03052,0.30618,0.11633,0.00033,0.07652
408,1777970355732,Neutral,0.34435,0.22711,-0.03091,0.30526,0.11602,0.0002,0.07685,0.34443,0.22335,-0.03063,0.3059,0.11624,0.00029,0.07662
409,1777970355765,Neutral,0.34421,0.22657,-0.03137,0.30584,0.1159,0.00053,0.07656,0.34437,0.22431,-0.03086,0.30588,0.11614,0.00036,0.0766
410,1777970355798,Neutral,0.34403,0.22687,-0.03156,0.30576,0.11581,0.0006,0.07641,0.34426,0.22508,-0.03107,0.30585,0.11604,0.00043,0.07654
411,1777970355832,Neutral,0.34417,0.22631,-0.03163,0.30627,0.11575,0.00053,0.07629,0.34424,0.22545,-0.03123,0.30597,0.11595,0.00046,0.07647
412,1777970355866,Neutral,0.34431,0.22645,-0.03178,0.30617,0.11566,0.00046,0.07625,0.34426,0.22575,-0.0314,0.30603,0.11586,0.00046,0.0764
413,1777970355898,Neutral,0.34469,0.22586,-0.03187,0.30618,0.1156,0.00043,0.07622,0.34439,0.22578,-0.03154,0.30608,0.11579,0.00045,0.07635
414,1777970355932,Neutral,0.34561,0.22245,-0.03205,0.30703,0.11554,0.00045,0.07613,0.34476,0.22478,-0.03169,0.30636,0.11571,0.00045,0.07628
415,1777970355965,Neutral,0.34761,0.21885,-0.03194,0.30808,0.11659,0.00029,0.07619,0.34561,0.223,-0.03176,0.30688,0.11597,0.0004,0.07625
416,1777970355998,Neutral,0.34518,0.21685,-0.03261,0.30901,0.11793,0.00056,0.07574,0.34548,0.22116,-0.03202,0.30752,0.11656,0.00045,0.0761
417,1777970356031,Neutral,0.34111,0.21176,-0.03263,0.3096,0.11895,0.00047,0.07551,0.34417,0.21834,-0.0322,0.30814,0.11728,0.00046,0.07592
418,1777970356065,Neutral,0.33925,0.20765,-0.03245,0.31031,0.1194,0.00022,0.07532,0.34269,0.21513,-0.03228,0.30879,0.11791,0.00038,0.07574
419,1777970356099,Neutral,0.3411,0.20599,-0.03246,0.31125,0.11926,0.00014,0.07532,0.34221,0.21239,-0.03233,0.30953,0.11832,0.00031,0.07562
420,1777970356165,Neutral,0.37289,0.20435,-0.03259,0.31188,0.1144,0.00014,0.07525,0.35142,0.20998,-0.03241,0.31024,0.11714,0.00026,0.07551
421,1777970356198,Neutral,0.38733,0.20386,-0.0327,0.31215,0.11229,0.00033,0.07521,0.36219,0.20814,-0.0325,0.31081,0.11569,0.00028,0.07542
422,1777970356231,Fear,0.39612,0.20323,-0.03271,0.31234,0.11136,0.00047,0.07533,0.37237,0.20667,-0.03256,0.31127,0.11439,0.00034,0.07539
423,1777970356265,Fear,0.40014,0.20286,-0.03275,0.31242,0.11097,0.00053,0.07537,0.3807,0.20552,-0.03262,0.31161,0.11336,0.00039,0.07539
424,1777970356298,Fear,0.40419,0.20251,-0.03291,0.31256,0.11057,0.00081,0.0754,0.38775,0.20462,-0.03271,0.3119,0.11252,0.00052,0.07539
425,1777970356332,Fear,0.40799,0.20183,-0.03279,0.31262,0.11009,0.00097,0.07559,0.39382,0.20378,-0.03273,0.31212,0.11179,0.00065,0.07545
426,1777970356365,Fear,0.41074,0.20154,-0.03278,0.31247,0.10983,0.00105,0.0756,0.3989,0.20311,-0.03275,0.31222,0.1112,0.00077,0.07549
427,1777970356399,Fear,0.41227,0.20117,-0.03279,0.31273,0.10968,0.00108,0.07567,0.40291,0.20253,-0.03276,0.31238,0.11075,0.00086,0.07555
428,1777970356432,Fear,0.41245,0.20126,-0.03278,0.31233,0.10967,0.00107,0.07565,0.40577,0.20215,-0.03277,0.31236,0.11042,0.00093,0.07558
429,1777970356465,Fear,0.40844,0.20107,-0.03264,0.31128,0.10965,0.00113,0.07549,0.40657,0.20182,-0.03273,0.31204,0.11019,0.00099,0.07555
430,1777970356498,Fear,0.40714,0.20142,-0.03265,0.31077,0.10969,0.00112,0.07537,0.40674,0.2017,-0.03271,0.31166,0.11004,0.00103,0.0755
431,1777970356531,Fear,0.4072,0.20186,-0.03271,0.31039,0.10967,0.00104,0.07526,0.40688,0.20175,-0.03271,0.31128,0.10993,0.00103,0.07543
432,1777970356565,Fear,0.40709,0.20247,-0.03274,0.31028,0.10971,0.00101,0.07517,0.40694,0.20197,-0.03272,0.31098,0.10987,0.00102,0.07535
433,1777970356598,Fear,0.4069,0.20294,-0.03283,0.30983,0.10975,0.00109,0.07517,0.40693,0.20226,-0.03275,0.31063,0.10983,0.00104,0.07529
434,1777970356632,Fear,0.40715,0.20381,-0.03298,0.30925,0.10989,0.00123,0.0752,0.407,0.20272,-0.03282,0.31022,0.10985,0.0011,0.07526
435,1777970356665,Fear,0.40775,0.20386,-0.03297,0.30884,0.10999,0.00131,0.07515,0.40722,0.20306,-0.03286,0.3098,0.10989,0.00116,0.07523
436,1777970356698,Fear,0.4079,0.20471,-0.03298,0.30878,0.11005,0.00131,0.07519,0.40743,0.20356,-0.0329,0.3095,0.10994,0.00121,0.07522
437,1777970356731,Fear,0.40817,0.20652,-0.03299,0.30846,0.11011,0.0013,0.07527,0.40765,0.20445,-0.03293,0.30919,0.10999,0.00124,0.07523
438,1777970356765,Fear,0.40807,0.20762,-0.03297,0.30825,0.11021,0.00129,0.07543,0.40777,0.2054,-0.03294,0.3089,0.11006,0.00125,0.07529
439,1777970356798,Fear,0.40797,0.20766,-0.03282,0.30816,0.11021,0.00128,0.07565,0.40783,0.20608,-0.0329,0.30868,0.1101,0.00126,0.0754
440,1777970356831,Fear,0.40813,0.20747,-0.03278,0.30795,0.11023,0.00128,0.0758,0.40792,0.20649,-0.03287,0.30846,0.11014,0.00127,0.07552
441,1777970356865,Fear,0.40758,0.20785,-0.03281,0.30791,0.11029,0.0013,0.07582,0.40782,0.2069,-0.03285,0.3083,0.11018,0.00128,0.07561
442,1777970356898,Fear,0.40681,0.20702,-0.03263,0.30797,0.11039,0.00131,0.07588,0.40752,0.20694,-0.03278,0.3082,0.11025,0.00128,0.07569
443,1777970356931,Fear,0.40571,0.20684,-0.03253,0.3077,0.1104,0.00129,0.07591,0.40698,0.20691,-0.03271,0.30805,0.11029,0.00129,0.07576
444,1777970356964,Fear,0.40523,0.20721,-0.03283,0.30757,0.11038,0.0012,0.07586,0.40645,0.207,-0.03275,0.30791,0.11032,0.00126,0.07579
445,1777970356997,Fear,0.40467,0.20756,-0.03303,0.30755,0.1104,0.00136,0.07586,0.40592,0.20717,-0.03283,0.3078,0.11034,0.00129,0.07581
446,1777970357032,Fear,0.4023,0.20758,-0.0331,0.30754,0.11091,0.00133,0.07584,0.40483,0.20729,-0.03291,0.30772,0.11051,0.0013,0.07582
447,1777970357065,Fear,0.40108,0.20732,-0.0331,0.30761,0.11117,0.00134,0.07585,0.40371,0.2073,-0.03297,0.30769,0.11071,0.00132,0.07583
448,1777970357098,Fear,0.39956,0.20724,-0.03315,0.3077,0.11145,0.00145,0.07586,0.40246,0.20728,-0.03302,0.30769,0.11093,0.00135,0.07584
449,1777970357131,Fear,0.39905,0.20745,-0.03318,0.30773,0.11152,0.00147,0.07588,0.40144,0.20733,-0.03307,0.3077,0.11111,0.00139,0.07585
450,1777970357164,Fear,0.39797,0.20742,-0.03316,0.30769,0.11169,0.00148,0.07587,0.4004,0.20736,-0.0331,0.3077,0.11128,0.00142,0.07586
451,1777970357197,Fear,0.39737,0.2073,-0.03315,0.30785,0.1117,0.00148,0.07585,0.39949,0.20734,-0.03311,0.30774,0.11141,0.00144,0.07586
452,1777970357231,Fear,0.39687,0.20725,-0.03316,0.30783,0.11172,0.00143,0.0758,0.3987,0.20731,-0.03313,0.30777,0.1115,0.00144,0.07584
453,1777970357265,Fear,0.39604,0.20734,-0.03317,0.30771,0.11181,0.00137,0.07576,0.3979,0.20732,-0.03314,0.30775,0.1116,0.00142,0.07582
454,1777970357297,Fear,0.39578,0.208,-0.03325,0.30731,0.11197,0.00135,0.07567,0.39727,0.20753,-0.03317,0.30762,0.11171,0.00139,0.07577
455,1777970357331,Fear,0.39558,0.20803,-0.03324,0.30748,0.11201,0.00125,0.07564,0.39676,0.20768,-0.03319,0.30758,0.1118,0.00135,0.07573
456,1777970357364,Fear,0.39565,0.20806,-0.03327,0.3076,0.11202,0.00127,0.07555,0.39643,0.20779,-0.03321,0.30758,0.11186,0.00133,0.07568
457,1777970357398,Fear,0.39538,0.20771,-0.03334,0.30752,0.11206,0.00138,0.0755,0.39611,0.20777,-0.03325,0.30756,0.11192,0.00134,0.07562
458,1777970357431,Fear,0.39492,0.20648,-0.03332,0.30755,0.1121,0.00143,0.07562,0.39576,0.20738,-0.03327,0.30756,0.11198,0.00137,0.07562
459,1777970357464,Fear,0.39454,0.20552,-0.03334,0.30746,0.11232,0.00146,0.07572,0.39539,0.20682,-0.0333,0.30753,0.11208,0.0014,0.07565
460,1777970357498,Fear,0.39413,0.20548,-0.0334,0.30733,0.11248,0.00147,0.07574,0.39501,0.20642,-0.03333,0.30747,0.1122,0.00142,0.07568
461,1777970357531,Fear,0.39375,0.20636,-0.03362,0.30729,0.11258,0.00153,0.07565,0.39463,0.2064,-0.03341,0.30742,0.11231,0.00145,0.07567
462,1777970357565,Fear,0.39324,0.20731,-0.03375,0.30721,0.11271,0.00164,0.07566,0.39422,0.20667,-0.03352,0.30735,0.11243,0.00151,0.07567
463,1777970357597,Fear,0.3929,0.20755,-0.03368,0.30694,0.1128,0.00162,0.0756,0.39382,0.20694,-0.03356,0.30723,0.11254,0.00154,0.07565
464,1777970357631,Fear,0.39268,0.20789,-0.0337,0.30675,0.11288,0.00158,0.07556,0.39348,0.20722,-0.03361,0.30708,0.11264,0.00155,0.07562
465,1777970357664,Fear,0.39199,0.20821,-0.03378,0.30658,0.11303,0.00156,0.07552,0.39303,0.20752,-0.03366,0.30693,0.11276,0.00155,0.07559
466,1777970357697,Fear,0.39181,0.20861,-0.03385,0.30653,0.11307,0.00151,0.07553,0.39267,0.20784,-0.03371,0.30681,0.11285,0.00154,0.07557
467,1777970357732,Fear,0.39145,0.20918,-0.03395,0.30645,0.11319,0.00146,0.07552,0.3923,0.20824,-0.03379,0.3067,0.11295,0.00152,0.07556
468,1777970357764,Fear,0.39108,0.20965,-0.03409,0.30633,0.11325,0.00143,0.0755,0.39193,0.20867,-0.03388,0.30659,0.11304,0.00149,0.07554
469,1777970357798,Fear,0.39068,0.2099,-0.03414,0.3062,0.11334,0.0014,0.07539,0.39156,0.20904,-0.03396,0.30647,0.11313,0.00146,0.0755
470,1777970357831,Fear,0.39045,0.20969,-0.03413,0.30626,0.11339,0.00139,0.07531,0.39122,0.20923,-0.03401,0.30641,0.11321,0.00144,0.07544
471,1777970357864,Fear,0.39014,0.20934,-0.0341,0.30637,0.11345,0.00141,0.07528,0.3909,0.20927,-0.03404,0.3064,0.11328,0.00143,0.07539
472,1777970357897,Fear,0.38957,0.20897,-0.03411,0.30637,0.11356,0.00142,0.07526,0.3905,0.20918,-0.03406,0.30639,0.11336,0.00143,0.07535
473,1777970357931,Fear,0.38879,0.20715,-0.03424,0.30642,0.11371,0.00141,0.07525,0.38999,0.20857,-0.03411,0.3064,0.11347,0.00142,0.07532
474,1777970357965,Fear,0.37044,0.20134,-0.03403,0.30671,0.11712,0.00133,0.07538,0.38412,0.2064,-0.03409,0.30649,0.11456,0.0014,0.07534
475,1777970357997,Fear,0.32548,0.18847,-0.03354,0.30674,0.1248,0.00048,0.07585,0.36653,0.20102,-0.03392,0.30657,0.11763,0.00112,0.07549
476,1777970358031,Sad,0.27161,0.17372,-0.03248,0.30751,0.13414,0.00019,0.07635,0.33805,0.19283,-0.03349,0.30685,0.12259,0.00084,0.07575
477,1777970358064,Neutral,0.18578,0.15998,-0.03254,0.30988,0.1483,0.0016,0.07695,0.29237,0.18297,-0.0332,0.30776,0.1303,0.00107,0.07611
478,1777970358097,Neutral,0.07742,0.12895,-0.02758,0.30967,0.16706,0.00519,0.07669,0.22789,0.16677,-0.03152,0.30833,0.14133,0.00231,0.07628
479,1777970358130,Neutral,0.03638,0.08279,-0.02157,0.31102,0.17539,0.0064,0.07686,0.17043,0.14158,-0.02853,0.30914,0.15155,0.00353,0.07646
480,1777970358164,Neutral,0.0273,0.04851,-0.01564,0.31406,0.17838,0.00794,0.0771,0.12749,0.11366,-0.02466,0.31061,0.1596,0.00486,0.07665
481,1777970358198,Neutral,0.035,0.02978,-0.01224,0.31732,0.17808,0.00872,0.07751,0.09974,0.08849,-0.02094,0.31262,0.16514,0.00602,0.07691
482,1777970358231,Neutral,0.04104,0.02083,-0.00761,0.32166,0.17816,0.00877,0.07791,0.08213,0.06819,-0.01694,0.31533,0.16905,0.00684,0.07721
483,1777970358265,Neutral,0.05118,0.01803,-0.00237,0.32659,0.17555,0.00866,0.07977,0.07285,0.05314,-0.01257,0.31871,0.171,0.00739,0.07798
484,1777970358297,Neutral,0.04674,0.01653,0.00266,0.32795,0.17584,0.00762,0.08229,0.06501,0.04216,-0.008,0.32148,0.17245,0.00746,0.07927
485,1777970358330,Neutral,0.10352,0.01346,0.00764,0.32801,0.16592,0.00494,0.08423,0.07657,0.03355,-0.00331,0.32344,0.17049,0.0067,0.08076
486,1777970358364,Neutral,0.16848,0.00613,0.014,0.32802,0.1551,0.00556,0.08558,0.10414,0.02533,0.00188,0.32481,0.16587,0.00636,0.0822
487,1777970358397,Neutral,0.20909,0.00295,0.01605,0.33097,0.14809,0.00597,0.08568,0.13562,0.01861,0.00613,0.32666,0.16054,0.00624,0.08325
488,1777970358432,Happy,0.23575,0.00598,0.0149,0.33237,0.14379,0.00674,0.08475,0.16566,0.01482,0.00876,0.32837,0.15551,0.00639,0.0837
489,1777970358464,Happy,0.2487,0.005,0.01255,0.3367,0.14193,0.00738,0.0819,0.19057,0.01188,0.0099,0.33087,0.15144,0.00669,0.08316
490,1777970358498,Happy,0.25558,0.0029,0.0108,0.33908,0.14114,0.00662,0.0801,0.21008,0.00918,0.01017,0.33333,0.14835,0.00667,0.08224
491,1777970358530,Happy,0.26149,0.00156,0.00992,0.34306,0.14037,0.00581,0.0783,0.2255,0.0069,0.01009,0.33625,0.14595,0.00641,0.08106
492,1777970358564,Happy,0.26375,0.00116,0.00861,0.3448,0.14042,0.00606,0.07837,0.23697,0.00518,0.00965,0.33882,0.14429,0.00631,0.08025
493,1777970358597,Happy,0.26583,0.00139,0.00751,0.34454,0.14001,0.00571,0.07821,0.24563,0.00404,0.00901,0.34053,0.14301,0.00613,0.07964
494,1777970358631,Happy,0.26806,0.00183,0.00588,0.34438,0.13962,0.00562,0.07834,0.25236,0.00338,0.00807,0.34169,0.14199,0.00597,0.07925
495,1777970358665,Happy,0.26972,0.0021,0.00482,0.34391,0.13925,0.00557,0.07835,0.25757,0.00299,0.00709,0.34235,0.14117,0.00585,0.07898
496,1777970358697,Neutral,0.27196,0.00164,0.00359,0.343,0.13883,0.0055,0.07824,0.26188,0.00259,0.00604,0.34255,0.14047,0.00575,0.07876
497,1777970358731,Neutral,0.27386,0.00136,0.00277,0.33991,0.13848,0.00562,0.07813,0.26548,0.00222,0.00506,0.34176,0.13987,0.00571,0.07857
498,1777970358764,Neutral,0.27677,0.0013,0.00214,0.3359,0.13799,0.00516,0.0777,0.26886,0.00194,0.00419,0.34,0.13931,0.00554,0.07831
499,1777970358797,Neutral,0.28117,0.00122,0.00068,0.33312,0.1372,0.00395,0.07733,0.27256,0.00173,0.00313,0.33793,0.13867,0.00506,0.07802
500,1777970358830,Neutral,0.28343,0.00128,-0.00091,0.33148,0.13622,0.00319,0.07718,0.27582,0.00159,0.00192,0.336,0.13794,0.0045,0.07777
501,1777970358864,Neutral,0.28366,0.00098,-0.0025,0.32984,0.13258,0.0026,0.07727,0.27817,0.00141,0.00059,0.33415,0.13633,0.00393,0.07762
502,1777970358898,Neutral,0.28257,0.00101,-0.00417,0.32918,0.12614,0.00206,0.07761,0.27949,0.00129,-0.00083,0.33266,0.13327,0.00337,0.07762
503,1777970358931,Neutral,0.27283,0.00103,-0.0061,0.32867,0.11727,0.00193,0.07811,0.27749,0.00121,-0.00241,0.33146,0.12847,0.00294,0.07776
504,1777970358965,Neutral,0.27495,0.00185,-0.00755,0.32873,0.10775,0.00126,0.07765,0.27673,0.0014,-0.00396,0.33064,0.12225,0.00244,0.07773
505,1777970358997,Neutral,0.27917,0.00207,-0.00918,0.32797,0.10146,0.0,0.07735,0.27746,0.0016,-0.00552,0.32984,0.11602,0.00171,0.07762
506,1777970359030,Neutral,0.28131,0.00148,-0.01081,0.32707,0.09599,0.00027,0.07677,0.27862,0.00156,-0.00711,0.32901,0.11001,0.00127,0.07736
507,1777970359064,Neutral,0.28183,0.00176,-0.01086,0.32671,0.09298,0.00032,0.07645,0.27958,0.00162,-0.00823,0.32832,0.1049,0.00099,0.07709
508,1777970359097,Neutral,0.28215,0.00202,-0.01049,0.32665,0.09072,0.00015,0.07641,0.28035,0.00174,-0.00891,0.32782,0.10065,0.00074,0.07689
509,1777970359131,Neutral,0.28529,0.00226,-0.01032,0.32604,0.08842,0.00035,0.07691,0.28183,0.0019,-0.00933,0.32729,0.09698,0.00062,0.07689
510,1777970359164,Neutral,0.28706,0.00261,-0.00989,0.32503,0.087,0.00012,0.07662,0.2834,0.00211,-0.0095,0.32661,0.09399,0.00047,0.07681
511,1777970359197,Neutral,0.29032,0.00161,-0.01006,0.32525,0.08541,0.00042,0.07738,0.28548,0.00196,-0.00967,0.3262,0.09141,0.00045,0.07698
512,1777970359230,Neutral,0.29661,0.00137,-0.00984,0.32557,0.08438,5e-05,0.07748,0.28882,0.00178,-0.00972,0.32601,0.0893,0.00033,0.07713
513,1777970359264,Neutral,0.29986,0.00158,-0.00929,0.32609,0.08398,0.00027,0.0776,0.29213,0.00172,-0.00959,0.32604,0.08771,0.00031,0.07727
514,1777970359297,Angry,0.30122,0.00148,-0.00933,0.32665,0.08362,0.00057,0.07757,0.29486,0.00165,-0.00951,0.32622,0.08648,0.00039,0.07736
515,1777970359330,Angry,0.30253,0.00135,-0.00888,0.3263,0.08351,0.00094,0.0774,0.29716,0.00156,-0.00932,0.32624,0.08559,0.00056,0.07737
516,1777970359365,Angry,0.30607,0.00138,-0.00885,0.32611,0.08325,0.00084,0.07771,0.29983,0.0015,-0.00918,0.32621,0.08489,0.00064,0.07747
517,1777970359396,Angry,0.30786,0.00153,-0.00919,0.32611,0.08298,0.00066,0.07777,0.30224,0.00151,-0.00919,0.32618,0.08431,0.00065,0.07756
518,1777970359431,Angry,0.30885,0.00182,-0.00918,0.32588,0.08261,0.00073,0.07784,0.30422,0.0016,-0.00918,0.32609,0.0838,0.00067,0.07764
519,1777970359463,Angry,0.30932,0.00175,-0.0091,0.32576,0.08249,0.00064,0.07796,0.30575,0.00165,-0.00916,0.32599,0.08341,0.00066,0.07774
520,1777970359497,Angry,0.31091,0.0016,-0.00885,0.32581,0.08245,0.00054,0.07819,0.3073,0.00163,-0.00907,0.32593,0.08312,0.00063,0.07787
521,1777970359530,Angry,0.31275,0.00161,-0.00872,0.32571,0.08239,0.00039,0.07834,0.30893,0.00163,-0.00896,0.32587,0.0829,0.00055,0.07801
522,1777970359563,Angry,0.31321,0.00148,-0.00872,0.32573,0.08225,0.00036,0.07853,0.31021,0.00158,-0.00889,0.32583,0.08271,0.0005,0.07817
523,1777970359598,Angry,0.31322,0.00148,-0.00875,0.32555,0.08231,0.00048,0.07868,0.31112,0.00155,-0.00885,0.32574,0.08259,0.00049,0.07832
524,1777970359630,Angry,0.31342,0.00151,-0.00867,0.32545,0.08252,0.00058,0.07875,0.31181,0.00154,-0.0088,0.32566,0.08257,0.00052,0.07845
525,1777970359664,Angry,0.313,0.00154,-0.00866,0.3256,0.0827,0.00055,0.07884,0.31216,0.00154,-0.00875,0.32564,0.08261,0.00053,0.07857
526,1777970359697,Angry,0.31152,0.00158,-0.00863,0.32562,0.08302,0.00055,0.07884,0.31197,0.00155,-0.00872,0.32563,0.08273,0.00054,0.07865
527,1777970359730,Angry,0.31093,0.00158,-0.00871,0.32563,0.08316,0.00048,0.07884,0.31166,0.00156,-0.00872,0.32563,0.08286,0.00052,0.0787
528,1777970359763,Angry,0.31121,0.00159,-0.00878,0.32568,0.08324,0.00042,0.07872,0.31153,0.00157,-0.00874,0.32565,0.08297,0.00049,0.07871
529,1777970359797,Angry,0.31114,0.00159,-0.00882,0.32582,0.0833,0.00039,0.07862,0.31141,0.00158,-0.00876,0.3257,0.08307,0.00046,0.07868
530,1777970359831,Angry,0.31099,0.00159,-0.00884,0.32595,0.08334,0.00032,0.07858,0.31128,0.00158,-0.00878,0.32577,0.08315,0.00042,0.07865
531,1777970359863,Angry,0.31099,0.00161,-0.00884,0.32568,0.08339,0.00032,0.0785,0.3112,0.00159,-0.0088,0.32575,0.08322,0.00039,0.07861
532,1777970359897,Angry,0.31067,0.00164,-0.00884,0.32586,0.08344,0.00032,0.07849,0.31104,0.0016,-0.00881,0.32578,0.08329,0.00037,0.07857
533,1777970359930,Angry,0.31055,0.00171,-0.0088,0.32575,0.08344,0.00045,0.07848,0.31089,0.00164,-0.00881,0.32577,0.08333,0.00039,0.07855
534,1777970359963,Angry,0.31023,0.00182,-0.00882,0.32571,0.08352,0.0005,0.07848,0.31069,0.00169,-0.00881,0.32575,0.08339,0.00043,0.07852
535,1777970359996,Angry,0.31034,0.00175,-0.00881,0.32559,0.08357,0.00046,0.07849,0.31059,0.00171,-0.00881,0.3257,0.08344,0.00044,0.07851
536,1777970360030,Angry,0.31049,0.00176,-0.00878,0.3257,0.08366,0.00052,0.07846,0.31056,0.00173,-0.0088,0.3257,0.08351,0.00046,0.0785
537,1777970360064,Angry,0.31042,0.00174,-0.00869,0.32552,0.08386,0.00045,0.07846,0.31052,0.00173,-0.00877,0.32565,0.08361,0.00046,0.07849
538,1777970360096,Angry,0.3098,0.00172,-0.00867,0.32549,0.08419,0.00044,0.07848,0.3103,0.00173,-0.00874,0.3256,0.08379,0.00045,0.07848
539,1777970360131,Angry,0.30006,0.00171,-0.00861,0.3255,0.08654,0.00048,0.07844,0.30723,0.00172,-0.0087,0.32557,0.08461,0.00046,0.07847
540,1777970360163,Neutral,0.13559,0.00154,-0.00866,0.3256,0.1196,0.00051,0.07915,0.25574,0.00167,-0.00869,0.32558,0.09511,0.00048,0.07868
541,1777970360196,Neutral,0.0472,0.00166,-0.00847,0.32692,0.14181,0.00147,0.07931,0.19318,0.00167,-0.00862,0.32598,0.10912,0.00077,0.07887
542,1777970360230,Neutral,0.04103,0.00247,-0.00934,0.32719,0.14931,0.0027,0.07979,0.14753,0.00191,-0.00884,0.32634,0.12117,0.00135,0.07914
543,1777970360263,Neutral,0.07518,0.0026,-0.01032,0.32753,0.14653,0.00242,0.07973,0.12583,0.00211,-0.00928,0.3267,0.12878,0.00167,0.07932
544,1777970360297,Neutral,0.08875,0.002,-0.0097,0.32755,0.14659,0.00141,0.07969,0.1147,0.00208,-0.00941,0.32696,0.13412,0.00159,0.07943
545,1777970360330,Neutral,0.12448,0.00179,-0.00889,0.32769,0.14128,5e-05,0.0798,0.11764,0.00199,-0.00925,0.32718,0.13627,0.00113,0.07954
546,1777970360364,Neutral,0.16901,0.00156,-0.00798,0.32787,0.13462,0.00053,0.07936,0.13305,0.00186,-0.00887,0.32738,0.13577,0.00095,0.07949
547,1777970360396,Neutral,0.20144,0.0013,-0.00774,0.3289,0.12993,0.00065,0.07888,0.15357,0.00169,-0.00853,0.32784,0.13402,0.00086,0.07931
548,1777970360430,Neutral,0.22495,0.00155,-0.0073,0.32941,0.12647,0.00033,0.0788,0.17498,0.00165,-0.00816,0.32831,0.13176,0.0007,0.07915
549,1777970360463,Neutral,0.24079,0.00162,-0.00711,0.32997,0.12414,0.0001,0.07867,0.19472,0.00164,-0.00785,0.32881,0.12947,0.00052,0.07901
550,1777970360497,Neutral,0.25068,0.00128,-0.00751,0.33051,0.12256,0.00183,0.07799,0.21151,0.00153,-0.00775,0.32932,0.1274,0.00091,0.0787
551,1777970360531,Neutral,0.25196,0.00602,-0.01042,0.33127,0.12021,0.00687,0.0669,0.22365,0.00288,-0.00855,0.32991,0.12524,0.0027,0.07516
552,1777970360563,Neutral,0.23331,0.02418,-0.01053,0.3338,0.11342,0.00373,0.05536,0.22654,0.00927,-0.00914,0.33107,0.12169,0.00301,0.06922
553,1777970360597,Neutral,0.20617,0.12022,-0.01713,0.33408,0.10247,0.00238,0.04231,0.22043,0.04255,-0.01154,0.33198,0.11593,0.00282,0.06115
554,1777970360630,Disgusted,0.20827,0.17858,-0.01831,0.33468,0.09221,0.0047,0.03639,0.21678,0.08336,-0.01357,0.33279,0.10881,0.00338,0.05372
555,1777970360663,Disgusted,0.2144,0.21063,-0.02032,0.33577,0.08573,0.00648,0.03264,0.21607,0.12154,-0.01559,0.33368,0.10189,0.00431,0.04739
556,1777970360696,Disgusted,0.21606,0.24343,-0.02372,0.33533,0.08133,0.00738,0.03232,0.21607,0.15811,-0.01803,0.33418,0.09572,0.00523,0.04287
557,1777970360730,Disgusted,0.22327,0.25739,-0.02324,0.33703,0.0786,0.00782,0.03578,0.21823,0.18789,-0.01959,0.33503,0.09059,0.00601,0.04074
558,1777970360764,Disgusted,0.22368,0.25703,-0.02324,0.34035,0.07669,0.00873,0.03601,0.21986,0.20863,-0.02069,0.33663,0.08642,0.00683,0.03932
559,1777970360796,Disgusted,0.22573,0.26308,-0.0249,0.33694,0.07534,0.00829,0.03629,0.22162,0.22497,-0.02195,0.33672,0.08309,0.00726,0.03841
560,1777970360830,Disgusted,0.2242,0.26671,-0.02586,0.33718,0.07429,0.00742,0.03565,0.2224,0.23749,-0.02312,0.33686,0.08045,0.00731,0.03759
561,1777970360863,Disgusted,0.22288,0.26925,-0.02692,0.33764,0.07372,0.0076,0.03586,0.22254,0.24702,-0.02426,0.33709,0.07843,0.0074,0.03707
562,1777970360896,Disgusted,0.22109,0.27287,-0.02861,0.33677,0.07334,0.00771,0.03379,0.22211,0.25477,-0.02557,0.337,0.0769,0.00749,0.03608
563,1777970360929,Disgusted,0.22136,0.27419,-0.0295,0.33695,0.07286,0.0076,0.03346,0.22188,0.2606,-0.02675,0.33698,0.07569,0.00753,0.0353
564,1777970360963,Disgusted,0.2205,0.27733,-0.03055,0.33656,0.07263,0.00769,0.03299,0.22147,0.26562,-0.02789,0.33685,0.07477,0.00757,0.03461
565,1777970361030,Disgusted,0.22034,0.27718,-0.03131,0.33802,0.07268,0.0082,0.03223,0.22113,0.26909,-0.02891,0.33721,0.07415,0.00776,0.03389
566,1777970361064,Disgusted,0.22028,0.27703,-0.0311,0.33794,0.07279,0.00876,0.03257,0.22088,0.27147,-0.02957,0.33743,0.07374,0.00806,0.03349
567,1777970361096,Disgusted,0.22079,0.27622,-0.03097,0.33808,0.07284,0.00905,0.03279,0.22085,0.2729,-0.02999,0.33762,0.07347,0.00836,0.03328
568,1777970361129,Disgusted,0.22275,0.27036,-0.03067,0.3377,0.07281,0.00947,0.0329,0.22142,0.27214,-0.03019,0.33764,0.07327,0.00869,0.03317
569,1777970361163,Disgusted,0.22622,0.26299,-0.03017,0.33714,0.07288,0.00977,0.03318,0.22286,0.26939,-0.03019,0.33749,0.07315,0.00902,0.03317
570,1777970361196,Disgusted,0.22982,0.25503,-0.02958,0.33798,0.07293,0.01038,0.03341,0.22495,0.26508,-0.03,0.33764,0.07309,0.00943,0.03324
571,1777970361230,Disgusted,0.23198,0.25367,-0.02974,0.33775,0.07289,0.01036,0.03418,0.22706,0.26166,-0.02993,0.33767,0.07303,0.00971,0.03352
572,1777970361263,Disgusted,0.23554,0.25324,-0.02972,0.33767,0.07287,0.01034,0.03455,0.2296,0.25914,-0.02987,0.33767,0.07298,0.00989,0.03383
573,1777970361297,Disgusted,0.23799,0.25238,-0.02959,0.3377,0.07292,0.01032,0.03505,0.23212,0.25711,-0.02978,0.33768,0.07296,0.01002,0.0342
574,1777970361330,Disgusted,0.24098,0.2519,-0.02981,0.33745,0.07301,0.01034,0.03553,0.23478,0.25555,-0.02979,0.33761,0.07298,0.01012,0.0346
575,1777970361363,Disgusted,0.24295,0.24901,-0.02998,0.33697,0.07311,0.01073,0.0372,0.23723,0.25358,-0.02985,0.33742,0.07302,0.0103,0.03538
576,1777970361396,Disgusted,0.24461,0.23662,-0.03186,0.33583,0.07323,0.00616,0.04229,0.23944,0.24849,-0.03045,0.33694,0.07308,0.00906,0.03745
577,1777970361429,Disgusted,0.24762,0.22478,-0.03489,0.33318,0.07384,0.00209,0.04744,0.2419,0.24138,-0.03178,0.33582,0.07331,0.00697,0.04045
578,1777970361464,Disgusted,0.24987,0.20954,-0.03514,0.33175,0.07492,0.00098,0.05279,0.24429,0.23183,-0.03279,0.3346,0.07379,0.00517,0.04415
579,1777970361496,Disgusted,0.25655,0.19119,-0.03342,0.32894,0.07674,0.00015,0.05882,0.24797,0.21964,-0.03298,0.3329,0.07468,0.00366,0.04855
580,1777970361530,Disgusted,0.26592,0.1673,-0.02862,0.32732,0.07959,0.00193,0.06602,0.25335,0.20394,-0.03167,0.33122,0.07615,0.00314,0.05379
581,1777970361563,Disgusted,0.2751,0.14953,-0.02583,0.32519,0.08347,0.00249,0.07098,0.25988,0.18761,-0.02992,0.32942,0.07835,0.00295,0.05895
582,1777970361596,Disgusted,0.28118,0.06219,-0.01259,0.32376,0.08779,0.00224,0.07742,0.26627,0.14999,-0.02472,0.32772,0.08118,0.00274,0.06449
583,1777970361629,Disgusted,0.28701,0.02463,-0.00796,0.32437,0.09184,0.00226,0.07899,0.27249,0.11238,-0.01969,0.32672,0.08438,0.00259,0.06884
584,1777970361663,Neutral,0.29331,0.01151,-0.00623,0.3248,0.09548,0.00172,0.08188,0.27874,0.08212,-0.01565,0.32614,0.08771,0.00233,0.07275
585,1777970361697,Neutral,0.29689,0.00736,-0.00613,0.32669,0.09758,0.00123,0.08311,0.28418,0.05969,-0.0128,0.3263,0.09067,0.002,0.07586
586,1777970361729,Neutral,0.30122,0.00478,-0.00741,0.3299,0.09968,0.00162,0.08192,0.28929,0.04322,-0.01118,0.32738,0.09337,0.00189,0.07768
587,1777970361763,Neutral,0.30495,0.00272,-0.00804,0.33368,0.10129,0.0034,0.08106,0.29399,0.03107,-0.01024,0.32927,0.09575,0.00234,0.07869
588,1777970361796,Angry,0.31015,0.00232,-0.00774,0.33345,0.10296,0.00445,0.08049,0.29884,0.02244,-0.00949,0.33052,0.09791,0.00297,0.07923
589,1777970361829,Angry,0.31107,0.00218,-0.00762,0.33332,0.10419,0.00439,0.08024,0.30251,0.01636,-0.00893,0.33136,0.09979,0.0034,0.07953
590,1777970361863,Angry,0.31093,0.00183,-0.00719,0.33411,0.10558,0.0045,0.08018,0.30504,0.012,-0.00841,0.33219,0.10153,0.00373,0.07973
591,1777970361896,Angry,0.30998,0.00153,-0.0067,0.33344,0.1071,0.0041,0.08003,0.30652,0.00886,-0.00789,0.33256,0.1032,0.00384,0.07982
592,1777970361930,Angry,0.30866,0.00153,-0.00634,0.33284,0.10844,0.00363,0.08016,0.30716,0.00666,-0.00743,0.33265,0.10477,0.00378,0.07992
593,1777970361963,Angry,0.30873,0.00124,-0.00614,0.33273,0.1098,0.00306,0.08031,0.30763,0.00504,-0.00704,0.33267,0.10628,0.00356,0.08004
594,1777970361996,Angry,0.30805,0.00092,-0.00604,0.33254,0.11069,0.00271,0.0801,0.30776,0.0038,-0.00674,0.33263,0.1076,0.00331,0.08006
595,1777970362029,Angry,0.30829,0.00107,-0.00608,0.332,0.11085,0.00257,0.08003,0.30792,0.00299,-0.00654,0.33244,0.10858,0.00308,0.08005
596,1777970362063,Angry,0.30993,0.00107,-0.00623,0.33215,0.11095,0.00235,0.07994,0.30852,0.00241,-0.00645,0.33236,0.10929,0.00286,0.08002
597,1777970362096,Angry,0.31231,0.00126,-0.00663,0.33054,0.11107,0.00232,0.07978,0.30966,0.00206,-0.0065,0.33181,0.10982,0.0027,0.07995
598,1777970362129,Angry,0.31505,0.00148,-0.00706,0.32784,0.11108,0.0017,0.07957,0.31127,0.00189,-0.00667,0.33062,0.1102,0.0024,0.07983
599,1777970362163,Angry,0.31697,0.00156,-0.00741,0.32508,0.111,0.00126,0.07933,0.31298,0.00179,-0.00689,0.32896,0.11044,0.00206,0.07968
600,1777970362196,Angry,0.31834,0.00168,-0.00792,0.32223,0.11094,0.00104,0.07895,0.31459,0.00176,-0.0072,0.32694,0.11059,0.00175,0.07946
601,1777970362230,Angry,0.31994,0.00175,-0.00824,0.32094,0.11087,0.00085,0.07873,0.31619,0.00176,-0.00751,0.32514,0.11067,0.00148,0.07924
602,1777970362263,Angry,0.32119,0.00158,-0.00851,0.32081,0.11095,0.00066,0.0787,0.31769,0.0017,-0.00781,0.32384,0.11076,0.00123,0.07908
603,1777970362296,Angry,0.32326,0.00123,-0.00878,0.32167,0.11102,0.00061,0.07865,0.31936,0.00156,-0.0081,0.32319,0.11083,0.00105,0.07895
604,1777970362329,Angry,0.32375,0.00123,-0.00897,0.3213,0.11105,0.00053,0.07852,0.32068,0.00146,-0.00836,0.32262,0.1109,0.00089,0.07882
605,1777970362362,Angry,0.32245,0.00138,-0.00918,0.32143,0.11149,0.00053,0.07834,0.32121,0.00144,-0.00861,0.32226,0.11108,0.00078,0.07868
606,1777970362397,Neutral,0.2812,0.0014,-0.00944,0.32119,0.11962,0.00024,0.07863,0.30921,0.00143,-0.00886,0.32194,0.11364,0.00062,0.07866
607,1777970362429,Neutral,0.13992,0.00102,-0.00972,0.32081,0.14668,8e-05,0.07937,0.25842,0.00131,-0.00911,0.3216,0.12355,0.00046,0.07887
608,1777970362463,Neutral,0.06681,0.00137,-0.01,0.3202,0.16054,0.00081,0.07973,0.20094,0.00132,-0.00938,0.32118,0.13465,0.00056,0.07913
609,1777970362496,Neutral,0.07647,0.00189,-0.01043,0.31923,0.15879,0.0011,0.08009,0.1636,0.00149,-0.00969,0.32059,0.14189,0.00072,0.07942
610,1777970362529,Neutral,0.1157,0.00213,-0.01078,0.32007,0.15172,0.00098,0.08015,0.14923,0.00168,-0.01002,0.32044,0.14484,0.0008,0.07964
611,1777970362563,Neutral,0.14362,0.00183,-0.01095,0.32017,0.14769,0.00052,0.07963,0.14755,0.00173,-0.0103,0.32036,0.14569,0.00072,0.07963
612,1777970362596,Neutral,0.15263,0.00131,-0.01095,0.32042,0.14646,0.00049,0.07909,0.14907,0.0016,-0.01049,0.32038,0.14592,0.00065,0.07947
613,1777970362630,Neutral,0.17624,0.00102,-0.01082,0.32146,0.14205,0.00053,0.0788,0.15722,0.00143,-0.01059,0.3207,0.14476,0.00061,0.07927
614,1777970362662,Neutral,0.20368,0.00103,-0.01075,0.32198,0.13702,0.00052,0.0786,0.17116,0.00131,-0.01064,0.32108,0.14244,0.00059,0.07907
615,1777970362696,Neutral,0.22729,0.00098,-0.01066,0.32255,0.13291,0.00057,0.07834,0.188,0.00121,-0.01065,0.32152,0.13958,0.00058,0.07885
616,1777970362729,Neutral,0.2431,0.00095,-0.01055,0.32304,0.13039,0.00058,0.07816,0.20453,0.00113,-0.01062,0.32198,0.13682,0.00058,0.07864
617,1777970362762,Neutral,0.25555,0.00099,-0.01043,0.323,0.12832,0.00057,0.07796,0.21984,0.00109,-0.01056,0.32228,0.13427,0.00058,0.07844
618,1777970362795,Neutral,0.26511,0.00102,-0.00974,0.32317,0.12702,0.00074,0.07773,0.23342,0.00107,-0.01032,0.32255,0.1321,0.00063,0.07822
619,1777970362829,Neutral,0.27023,0.00114,-0.00703,0.32569,0.12614,0.00617,0.07759,0.24446,0.00109,-0.00933,0.32349,0.13031,0.00229,0.07804
620,1777970362863,Neutral,0.27465,0.00157,-0.00492,0.33111,0.12539,0.0109,0.07734,0.25352,0.00123,-0.00801,0.32578,0.12883,0.00487,0.07783
621,1777970362896,Neutral,0.27691,0.00164,-0.00336,0.33552,0.12492,0.01457,0.077,0.26054,0.00136,-0.00661,0.3287,0.12766,0.00778,0.07758
622,1777970362930,Neutral,0.27844,0.00252,-0.00168,0.34011,0.12456,0.01979,0.07651,0.26591,0.00171,-0.00513,0.33212,0.12673,0.01138,0.07726
623,1777970362962,Neutral,0.27937,0.00324,-0.00097,0.34315,0.12472,0.02334,0.07604,0.26995,0.00217,-0.00389,0.33543,0.12612,0.01497,0.07689
624,1777970362995,Neutral,0.28105,0.00407,-0.00049,0.34441,0.12635,0.02579,0.07521,0.27328,0.00274,-0.00287,0.33813,0.12619,0.01821,0.07639
625,1777970363029,Neutral,0.28357,0.00468,-0.0003,0.34549,0.12786,0.02714,0.07431,0.27637,0.00332,-0.0021,0.34033,0.12669,0.02089,0.07576
626,1777970363062,Contempt,0.28753,0.00516,0.00036,0.34726,0.12859,0.02889,0.07381,0.27971,0.00387,-0.00136,0.34241,0.12726,0.02329,0.07518
627,1777970363097,Contempt,0.28988,0.00549,0.00073,0.34741,0.12897,0.03,0.07353,0.28276,0.00436,-0.00073,0.34391,0.12778,0.0253,0.07468
628,1777970363129,Contempt,0.29213,0.0057,0.00062,0.34743,0.12972,0.03025,0.07323,0.28557,0.00476,-0.00033,0.34497,0.12836,0.02679,0.07425
629,1777970363163,Contempt,0.29222,0.00595,0.00055,0.34718,0.13001,0.03052,0.07285,0.28757,0.00512,-6e-05,0.34563,0.12885,0.02791,0.07383
630,1777970363195,Contempt,0.29452,0.00654,0.00067,0.34706,0.12898,0.03065,0.07281,0.28965,0.00554,0.00016,0.34606,0.12889,0.02873,0.07352
631,1777970363229,Contempt,0.30535,0.00659,0.00045,0.34745,0.12699,0.03128,0.07272,0.29436,0.00586,0.00025,0.34648,0.12832,0.0295,0.07328
632,1777970363262,Contempt,0.31271,0.00659,0.00052,0.34778,0.12571,0.03182,0.07286,0.29987,0.00608,0.00033,0.34687,0.12754,0.03019,0.07316
633,1777970363295,Contempt,0.31907,0.00649,0.00063,0.34861,0.12463,0.03275,0.07308,0.30563,0.0062,0.00042,0.34739,0.12667,0.03096,0.07313
634,1777970363330,Contempt,0.32099,0.00654,0.00156,0.3501,0.12411,0.03358,0.07456,0.31024,0.00631,0.00076,0.3482,0.1259,0.03175,0.07356
635,1777970363362,Contempt,0.32126,0.0071,0.00206,0.35046,0.12399,0.03393,0.07518,0.31355,0.00654,0.00115,0.34888,0.12533,0.0324,0.07405
636,1777970363396,Contempt,0.32119,0.00806,0.00239,0.35048,0.12384,0.03389,0.07578,0.31584,0.007,0.00152,0.34936,0.12488,0.03285,0.07457
637,1777970363429,Contempt,0.32337,0.00826,0.00238,0.34913,0.12365,0.03371,0.07597,0.3181,0.00738,0.00178,0.34929,0.12451,0.03311,0.07499
638,1777970363462,Contempt,0.32536,0.00857,0.00232,0.34945,0.12345,0.03347,0.07604,0.32028,0.00773,0.00194,0.34934,0.12419,0.03322,0.0753
639,1777970363495,Contempt,0.3267,0.00858,0.00214,0.34957,0.12332,0.03347,0.07588,0.3222,0.00799,0.002,0.34941,0.12393,0.03329,0.07548
640,1777970363529,Contempt,0.32725,0.00846,0.00199,0.34926,0.12323,0.03287,0.07581,0.32372,0.00813,0.002,0.34936,0.12372,0.03317,0.07558
641,1777970363563,Contempt,0.32787,0.00841,0.00179,0.34827,0.12316,0.03257,0.07568,0.32496,0.00821,0.00194,0.34904,0.12355,0.03299,0.07561
642,1777970363595,Contempt,0.32806,0.00843,0.00174,0.34777,0.12315,0.03247,0.07569,0.32589,0.00828,0.00188,0.34866,0.12343,0.03283,0.07563
643,1777970363630,Contempt,0.32807,0.00836,0.00146,0.3468,0.12313,0.03205,0.07561,0.32655,0.0083,0.00175,0.3481,0.12334,0.0326,0.07563
644,1777970363662,Contempt,0.32838,0.00827,0.0013,0.34607,0.12316,0.03174,0.07558,0.3271,0.00829,0.00161,0.34749,0.12329,0.03234,0.07561
645,1777970363696,Contempt,0.3282,0.00826,0.00121,0.34586,0.12324,0.03149,0.0756,0.32743,0.00828,0.00149,0.347,0.12327,0.03208,0.07561
646,1777970363729,Contempt,0.32799,0.00821,0.00124,0.34581,0.1232,0.03138,0.0757,0.3276,0.00826,0.00142,0.34664,0.12325,0.03187,0.07564
647,1777970363762,Contempt,0.32779,0.00816,0.00135,0.34573,0.12305,0.03141,0.07577,0.32765,0.00823,0.0014,0.34637,0.12319,0.03173,0.07568
648,1777970363796,Contempt,0.32813,0.00813,0.00135,0.34601,0.12279,0.03147,0.07584,0.3278,0.0082,0.00138,0.34626,0.12307,0.03165,0.07572
649,1777970363829,Contempt,0.3283,0.00808,0.00131,0.34637,0.1226,0.0316,0.07589,0.32795,0.00816,0.00136,0.34629,0.12293,0.03164,0.07577
650,1777970363862,Contempt,0.32771,0.00794,0.0013,0.34686,0.12244,0.03186,0.07594,0.32788,0.0081,0.00134,0.34646,0.12278,0.03171,0.07582
651,1777970363895,Contempt,0.32765,0.00783,0.0012,0.34731,0.12222,0.03223,0.07602,0.32781,0.00802,0.0013,0.34672,0.12261,0.03186,0.07588
652,1777970363929,Contempt,0.32772,0.00778,0.00109,0.34734,0.12213,0.03247,0.07597,0.32778,0.00795,0.00124,0.3469,0.12247,0.03205,0.07591
653,1777970363962,Contempt,0.32732,0.00776,0.00107,0.34746,0.1221,0.03268,0.07601,0.32764,0.00789,0.00119,0.34707,0.12236,0.03224,0.07594
654,1777970363995,Contempt,0.32685,0.00758,0.00106,0.34761,0.12213,0.03289,0.076,0.32741,0.0078,0.00115,0.34723,0.12229,0.03243,0.07596
655,1777970364030,Contempt,0.32667,0.00741,0.00106,0.34804,0.12208,0.03301,0.076,0.32719,0.00768,0.00112,0.34748,0.12223,0.0326,0.07597
656,1777970364062,Contempt,0.32667,0.00727,0.00102,0.34723,0.12208,0.03298,0.07605,0.32703,0.00756,0.00109,0.3474,0.12218,0.03272,0.076
657,1777970364096,Contempt,0.32718,0.00715,0.00106,0.34695,0.12202,0.03292,0.076,0.32708,0.00743,0.00108,0.34726,0.12213,0.03278,0.076
658,1777970364128,Contempt,0.32715,0.00708,0.00091,0.34712,0.12192,0.03307,0.07587,0.3271,0.00733,0.00103,0.34722,0.12207,0.03287,0.07596
659,1777970364160,Contempt,0.32708,0.00707,0.00082,0.3472,0.1218,0.03321,0.07563,0.32709,0.00725,0.00097,0.34722,0.12199,0.03297,0.07586
660,1777970364194,Contempt,0.32714,0.00698,0.00078,0.34758,0.12164,0.03328,0.07525,0.32711,0.00717,0.00091,0.34733,0.12189,0.03306,0.07568
661,1777970364228,Contempt,0.32695,0.00705,0.00079,0.34823,0.12141,0.03318,0.0752,0.32706,0.00713,0.00087,0.3476,0.12174,0.0331,0.07553
662,1777970364262,Contempt,0.32707,0.00691,0.00093,0.34908,0.12127,0.03317,0.07502,0.32706,0.00706,0.00089,0.34804,0.1216,0.03312,0.07538
663,1777970364295,Contempt,0.32685,0.00691,0.00105,0.34983,0.1212,0.03322,0.07486,0.327,0.00702,0.00094,0.34858,0.12148,0.03315,0.07522
664,1777970364328,Contempt,0.32674,0.00681,0.00115,0.34998,0.12085,0.03329,0.07487,0.32692,0.00695,0.001,0.349,0.12129,0.03319,0.07512
665,1777970364361,Contempt,0.32659,0.00674,0.00114,0.35019,0.12074,0.03339,0.07476,0.32682,0.00689,0.00105,0.34936,0.12113,0.03325,0.07501
666,1777970364395,Contempt,0.32632,0.00656,0.00129,0.35049,0.12055,0.03349,0.07451,0.32667,0.00679,0.00112,0.3497,0.12095,0.03332,0.07486
667,1777970364428,Contempt,0.3264,0.00652,0.00133,0.34999,0.12044,0.03349,0.07448,0.32659,0.00671,0.00118,0.34979,0.1208,0.03337,0.07474
668,1777970364461,Contempt,0.32549,0.00659,0.00149,0.34933,0.12038,0.03349,0.07465,0.32626,0.00667,0.00127,0.34965,0.12067,0.03341,0.07472
669,1777970364496,Contempt,0.32618,0.00658,0.00151,0.34869,0.12026,0.03334,0.07454,0.32624,0.00665,0.00134,0.34936,0.12055,0.03339,0.07466
670,1777970364528,Contempt,0.32695,0.00649,0.00137,0.34789,0.12007,0.03289,0.07479,0.32645,0.0066,0.00135,0.34892,0.1204,0.03324,0.0747
671,1777970364562,Contempt,0.3267,0.00639,0.00118,0.34804,0.12001,0.0325,0.07475,0.32653,0.00654,0.0013,0.34866,0.12029,0.03302,0.07472
672,1777970364594,Contempt,0.32732,0.00648,0.00105,0.34807,0.12006,0.03241,0.07468,0.32677,0.00652,0.00123,0.34848,0.12022,0.03283,0.07471
673,1777970364628,Contempt,0.32746,0.00642,0.001,0.34798,0.11998,0.03252,0.07451,0.32697,0.00649,0.00116,0.34833,0.12015,0.03274,0.07465
674,1777970364661,Contempt,0.32676,0.00639,0.0008,0.3477,0.1201,0.03223,0.07435,0.32691,0.00646,0.00105,0.34814,0.12013,0.03259,0.07456
675,1777970364694,Contempt,0.32635,0.00646,0.0007,0.34747,0.12014,0.03233,0.07438,0.32674,0.00646,0.00095,0.34794,0.12013,0.03251,0.0745
676,1777970364729,Contempt,0.32697,0.00635,0.0007,0.34722,0.12006,0.03225,0.07443,0.32681,0.00643,0.00087,0.34773,0.12011,0.03243,0.07448
677,1777970364761,Contempt,0.32643,0.00628,0.00072,0.34726,0.12022,0.03214,0.07445,0.32669,0.00638,0.00083,0.34759,0.12014,0.03234,0.07447
678,1777970364795,Contempt,0.32639,0.00628,0.00071,0.34606,0.1203,0.032,0.07451,0.3266,0.00635,0.00079,0.34713,0.12019,0.03224,0.07448
679,1777970364828,Contempt,0.32607,0.00632,0.00065,0.34665,0.12026,0.03198,0.07452,0.32644,0.00634,0.00075,0.34699,0.12021,0.03216,0.07449
680,1777970364861,Contempt,0.32625,0.00625,0.0006,0.34669,0.1202,0.03185,0.07448,0.32638,0.00631,0.0007,0.3469,0.12021,0.03207,0.07449
681,1777970364894,Contempt,0.32584,0.00623,0.00047,0.34559,0.12012,0.03163,0.07445,0.32622,0.00629,0.00063,0.34651,0.12018,0.03194,0.07448
682,1777970364928,Contempt,0.3258,0.00628,0.00025,0.345,0.12009,0.03128,0.07452,0.32609,0.00629,0.00052,0.34605,0.12015,0.03174,0.07449
683,1777970364962,Contempt,0.32654,0.00619,-0.00038,0.34342,0.12009,0.03001,0.07453,0.32623,0.00626,0.00025,0.34526,0.12013,0.03122,0.0745
684,1777970364994,Contempt,0.32641,0.00614,-0.00115,0.34053,0.12012,0.02792,0.07471,0.32628,0.00622,-0.00017,0.34384,0.12013,0.03023,0.07456
685,1777970365028,Contempt,0.3266,0.00601,-0.00232,0.33819,0.12006,0.02487,0.07514,0.32638,0.00616,-0.00082,0.34215,0.12011,0.02862,0.07474
686,1777970365061,Contempt,0.32735,0.0059,-0.0025,0.33628,0.11997,0.02151,0.07528,0.32667,0.00608,-0.00132,0.34039,0.12007,0.02649,0.0749
687,1777970365094,Contempt,0.32765,0.00568,-0.00273,0.33587,0.11989,0.01846,0.07534,0.32696,0.00596,-0.00175,0.33903,0.12001,0.02408,0.07503
688,1777970365128,Contempt,0.32813,0.00541,-0.00273,0.33529,0.11988,0.01673,0.07535,0.32731,0.0058,-0.00204,0.33791,0.11997,0.02188,0.07513
689,1777970365162,Neutral,0.32815,0.00532,-0.00279,0.3346,0.11988,0.01531,0.0756,0.32756,0.00565,-0.00227,0.33692,0.11995,0.01991,0.07527
690,1777970365196,Neutral,0.32832,0.00519,-0.00271,0.33405,0.11992,0.01432,0.07578,0.32779,0.00551,-0.0024,0.33606,0.11994,0.01823,0.07542
691,1777970365228,Neutral,0.32844,0.00503,-0.00276,0.33365,0.11994,0.0135,0.07596,0.32799,0.00537,-0.00251,0.33534,0.11994,0.01681,0.07558
692,1777970365262,Neutral,0.32893,0.0049,-0.00265,0.33372,0.11993,0.0129,0.076,0.32827,0.00523,-0.00255,0.33485,0.11994,0.01564,0.07571
693,1777970365295,Neutral,0.32935,0.00475,-0.00265,0.33344,0.11999,0.01236,0.07586,0.32859,0.00508,-0.00258,0.33443,0.11995,0.01466,0.07575
694,1777970365328,Neutral,0.32954,0.00463,-0.00265,0.33357,0.12004,0.01208,0.07583,0.32888,0.00495,-0.0026,0.33417,0.11998,0.01388,0.07578
695,1777970365362,Neutral,0.32949,0.00458,-0.00272,0.3332,0.12006,0.01176,0.07586,0.32906,0.00484,-0.00264,0.33388,0.12,0.01325,0.0758
696,1777970365395,Neutral,0.32949,0.00453,-0.00275,0.33288,0.12006,0.01132,0.07585,0.32919,0.00475,-0.00267,0.33358,0.12002,0.01267,0.07581
697,1777970365429,Neutral,0.32983,0.00442,-0.00276,0.33252,0.12006,0.01083,0.07585,0.32938,0.00465,-0.0027,0.33326,0.12003,0.01212,0.07583
698,1777970365461,Neutral,0.33024,0.00433,-0.00279,0.33238,0.12008,0.01043,0.07586,0.32964,0.00455,-0.00272,0.333,0.12005,0.01161,0.07584
699,1777970365496,Neutral,0.33052,0.00426,-0.00281,0.33196,0.12002,0.01013,0.07586,0.3299,0.00447,-0.00275,0.33269,0.12004,0.01117,0.07584
700,1777970365528,Neutral,0.33087,0.00424,-0.00284,0.33167,0.11999,0.01001,0.07582,0.33019,0.0044,-0.00278,0.33238,0.12003,0.01082,0.07584
701,1777970365562,Neutral,0.33041,0.00422,-0.00282,0.33161,0.11996,0.00986,0.07583,0.33026,0.00435,-0.00279,0.33215,0.12001,0.01053,0.07583
702,1777970365595,Neutral,0.33034,0.00419,-0.00274,0.33143,0.1198,0.00959,0.07586,0.33028,0.0043,-0.00277,0.33193,0.11995,0.01025,0.07584
703,1777970365628,Neutral,0.33064,0.00415,-0.00281,0.33127,0.11969,0.0093,0.07589,0.33039,0.00426,-0.00278,0.33173,0.11987,0.00996,0.07586
704,1777970365663,Neutral,0.32536,0.00403,-0.00285,0.33069,0.12035,0.00915,0.07596,0.32888,0.00419,-0.0028,0.33142,0.12001,0.00972,0.07589
705,1777970365695,Neutral,0.28811,0.00406,-0.0029,0.33156,0.12678,0.00902,0.07622,0.31665,0.00415,-0.00283,0.33146,0.12204,0.00951,0.07599
706,1777970365729,Neutral,0.26544,0.00405,-0.00289,0.33215,0.1308,0.00882,0.07623,0.30129,0.00412,-0.00285,0.33167,0.12467,0.0093,0.07606
707,1777970365762,Neutral,0.26366,0.00399,-0.00285,0.33238,0.1313,0.00854,0.07622,0.29,0.00408,-0.00285,0.33188,0.12666,0.00907,0.07611
708,1777970365795,Neutral,0.26756,0.00385,-0.00288,0.33242,0.13064,0.00844,0.07616,0.28327,0.00401,-0.00286,0.33204,0.12785,0.00888,0.07612
709,1777970365828,Neutral,0.27223,0.00379,-0.00286,0.33239,0.13005,0.00833,0.07615,0.27996,0.00394,-0.00286,0.33215,0.12851,0.00872,0.07613
710,1777970365861,Neutral,0.27579,0.00365,-0.00288,0.33225,0.12962,0.00828,0.07606,0.27871,0.00385,-0.00286,0.33218,0.12884,0.00859,0.07611
711,1777970365896,Neutral,0.27782,0.00352,-0.00292,0.33192,0.12934,0.00822,0.076,0.27844,0.00375,-0.00288,0.3321,0.12899,0.00848,0.07608
712,1777970365928,Neutral,0.2787,0.00348,-0.00292,0.33232,0.12922,0.00815,0.07594,0.27852,0.00367,-0.00289,0.33217,0.12906,0.00838,0.07604
713,1777970365962,Neutral,0.27914,0.00347,-0.00296,0.333,0.1291,0.00806,0.07596,0.27871,0.00361,-0.00291,0.33242,0.12907,0.00828,0.07601
714,1777970365994,Neutral,0.2798,0.00354,-0.00296,0.33292,0.12884,0.00801,0.07592,0.27903,0.00359,-0.00293,0.33257,0.129,0.0082,0.07598
715,1777970366028,Neutral,0.28275,0.00344,-0.00295,0.33329,0.12824,0.00802,0.07594,0.28015,0.00355,-0.00293,0.33278,0.12877,0.00815,0.07597
716,1777970366061,Neutral,0.2917,0.0035,-0.00274,0.33588,0.12696,0.009,0.07607,0.28362,0.00353,-0.00288,0.33371,0.12823,0.0084,0.076
717,1777970366095,Neutral,0.30092,0.00277,-0.00343,0.33745,0.12573,0.00934,0.07507,0.28881,0.0033,-0.00304,0.33483,0.12748,0.00868,0.07572
718,1777970366129,Neutral,0.29774,0.00303,-0.00432,0.33478,0.12687,0.0094,0.07521,0.29149,0.00322,-0.00343,0.33482,0.1273,0.0089,0.07557
719,1777970366161,Neutral,0.30162,0.00212,-0.00583,0.33646,0.12698,0.00786,0.07397,0.29452,0.00289,-0.00415,0.33531,0.1272,0.00859,0.07509
720,1777970366195,Neutral,0.30796,0.00176,-0.00751,0.33576,0.12727,0.00801,0.07291,0.29855,0.00255,-0.00515,0.33545,0.12722,0.00841,0.07444
721,1777970366228,Neutral,0.28783,0.00299,-0.00818,0.33482,0.13089,0.00897,0.07242,0.29534,0.00268,-0.00606,0.33526,0.12832,0.00858,0.07383
722,1777970366261,Neutral,0.21308,0.00778,-0.00973,0.33205,0.14396,0.00623,0.07418,0.27066,0.00421,-0.00716,0.3343,0.13301,0.00787,0.07394
723,1777970366295,Neutral,0.09217,0.00822,-0.01051,0.33586,0.17076,0.00056,0.07441,0.21711,0.00541,-0.00817,0.33477,0.14434,0.00568,0.07408
724,1777970366328,Neutral,0.03459,0.01057,-0.00958,0.33455,0.185,0.00205,0.07442,0.16236,0.00696,-0.00859,0.3347,0.15654,0.00459,0.07418
725,1777970366362,Neutral,0.01671,0.00923,-0.00847,0.33451,0.18995,0.00587,0.07655,0.11866,0.00764,-0.00855,0.33465,0.16656,0.00498,0.07489
726,1777970366395,Neutral,0.04592,0.00928,-0.00909,0.3357,0.17694,0.00992,0.07628,0.09684,0.00813,-0.00871,0.33496,0.16967,0.00646,0.07531
727,1777970366429,Neutral,0.14282,0.0082,-0.01142,0.33785,0.16389,0.01138,0.07536,0.11063,0.00815,-0.00953,0.33583,0.16794,0.00794,0.07532
728,1777970366461,Neutral,0.20888,0.00633,-0.01035,0.34476,0.15433,0.01471,0.07262,0.14011,0.00761,-0.00977,0.33851,0.16386,0.00997,0.07451
729,1777970366494,Neutral,0.23579,0.00599,-0.01052,0.34643,0.1506,0.01585,0.07173,0.16881,0.00712,-0.01,0.34088,0.15988,0.01173,0.07368
730,1777970366527,Neutral,0.24178,0.00645,-0.01105,0.34539,0.14973,0.01608,0.07404,0.1907,0.00692,-0.01031,0.34224,0.15683,0.01304,0.07379
731,1777970366561,Neutral,0.25266,0.00725,-0.01156,0.34617,0.14823,0.01625,0.07247,0.20929,0.00702,-0.01069,0.34342,0.15425,0.014,0.07339
732,1777970366596,Neutral,0.25744,0.00511,-0.01209,0.34839,0.14819,0.01364,0.07179,0.22374,0.00645,-0.01111,0.34491,0.15243,0.01389,0.07291
733,1777970366628,Neutral,0.25512,0.00441,-0.01155,0.35014,0.14842,0.01447,0.07245,0.23315,0.00583,-0.01124,0.34648,0.15123,0.01407,0.07277
734,1777970366662,Neutral,0.25651,0.00428,-0.01173,0.35022,0.14812,0.01478,0.07202,0.24016,0.00537,-0.01139,0.3476,0.15029,0.01428,0.07255
735,1777970366695,Neutral,0.25892,0.00527,-0.01198,0.34989,0.14824,0.01481,0.07206,0.24579,0.00534,-0.01156,0.34829,0.14968,0.01444,0.0724
736,1777970366728,Neutral,0.26107,0.00525,-0.01125,0.35047,0.14717,0.01421,0.07231,0.25037,0.00531,-0.01147,0.34894,0.14893,0.01437,0.07237
737,1777970366761,Neutral,0.26044,0.00513,-0.01091,0.34737,0.1467,0.01497,0.07195,0.25339,0.00526,-0.0113,0.34847,0.14826,0.01455,0.07224
738,1777970366794,Neutral,0.26261,0.00536,-0.01095,0.34774,0.14619,0.01473,0.07175,0.25616,0.00529,-0.0112,0.34825,0.14764,0.0146,0.0721
739,1777970366829,Neutral,0.26701,0.00537,-0.0109,0.35065,0.14559,0.01434,0.07189,0.25941,0.00531,-0.01111,0.34897,0.14702,0.01453,0.07203
740,1777970366861,Neutral,0.27219,0.00537,-0.01085,0.35027,0.14458,0.01411,0.07195,0.26325,0.00533,-0.01103,0.34936,0.14629,0.0144,0.07201
741,1777970366895,Neutral,0.27761,0.00532,-0.01063,0.35104,0.14378,0.01417,0.0719,0.26756,0.00533,-0.01091,0.34986,0.14554,0.01433,0.07198
742,1777970366928,Neutral,0.28088,0.00485,-0.01029,0.35095,0.14308,0.01364,0.07158,0.27155,0.00519,-0.01073,0.35019,0.1448,0.01413,0.07186
743,1777970366961,Neutral,0.27615,0.00389,-0.00952,0.35365,0.14315,0.01282,0.07193,0.27293,0.0048,-0.01037,0.35123,0.1443,0.01373,0.07188
744,1777970366994,Neutral,0.25098,0.00472,-0.00808,0.35431,0.15006,0.01199,0.0727,0.26635,0.00478,-0.00968,0.35215,0.14603,0.01321,0.07212
745,1777970367028,Neutral,0.21464,0.00414,-0.00661,0.35358,0.16091,0.01188,0.07403,0.25083,0.00458,-0.00876,0.35258,0.1505,0.01281,0.0727
746,1777970367095,Neutral,0.20418,0.00329,-0.00458,0.35325,0.16344,0.01141,0.07501,0.23684,0.0042,-0.00751,0.35278,0.15438,0.01239,0.07339
747,1777970367129,Neutral,0.20794,0.00281,-0.00434,0.35365,0.16293,0.01102,0.07475,0.22817,0.00378,-0.00656,0.35304,0.15694,0.01198,0.0738
748,1777970367161,Neutral,0.21187,0.00274,-0.0034,0.35333,0.16187,0.01163,0.07413,0.22328,0.00347,-0.00561,0.35313,0.15842,0.01188,0.0739
749,1777970367194,Neutral,0.21311,0.00233,-0.00363,0.35181,0.16143,0.01146,0.07356,0.22023,0.00313,-0.00501,0.35273,0.15932,0.01175,0.0738
750,1777970367228,Neutral,0.21658,0.00252,-0.00409,0.35134,0.16163,0.01049,0.07335,0.21914,0.00294,-0.00474,0.35232,0.16001,0.01137,0.07366
751,1777970367261,Neutral,0.21727,0.00239,-0.00427,0.34933,0.16129,0.01045,0.07266,0.21857,0.00278,-0.0046,0.35142,0.1604,0.0111,0.07336
752,1777970367296,Neutral,0.22008,0.0027,-0.00459,0.34974,0.161,0.00994,0.07203,0.21903,0.00276,-0.00459,0.35092,0.16058,0.01075,0.07296
753,1777970367328,Neutral,0.2214,0.00292,-0.00468,0.35238,0.16091,0.00949,0.07215,0.21974,0.00281,-0.00462,0.35135,0.16068,0.01037,0.07272
754,1777970367362,Neutral,0.21928,0.00231,-0.00462,0.35276,0.16081,0.00776,0.07232,0.2196,0.00266,-0.00462,0.35178,0.16072,0.00959,0.0726
755,1777970367395,Neutral,0.21977,0.00209,-0.004,0.35404,0.16014,0.00678,0.07397,0.21965,0.00249,-0.00444,0.35245,0.16054,0.00875,0.07301
756,1777970367428,Neutral,0.21908,0.00157,-0.00292,0.35096,0.15914,0.00601,0.07433,0.21948,0.00221,-0.00398,0.35201,0.16012,0.00792,0.07341
757,1777970367461,Neutral,0.21655,0.00165,-0.0028,0.35059,0.15838,0.00498,0.07575,0.2186,0.00204,-0.00363,0.35158,0.1596,0.00704,0.07411
758,1777970367494,Neutral,0.21567,0.00181,-0.00236,0.35102,0.15746,0.00479,0.0754,0.21772,0.00197,-0.00325,0.35141,0.15896,0.00637,0.0745
759,1777970367529,Neutral,0.21304,0.00308,-0.00138,0.35062,0.15705,0.00231,0.07523,0.21632,0.0023,-0.00269,0.35118,0.15839,0.00515,0.07472
760,1777970367561,Neutral,0.21406,0.00232,-0.00101,0.34988,0.15689,0.0017,0.07406,0.21564,0.00231,-0.00218,0.35079,0.15794,0.00411,0.07452
761,1777970367595,Neutral,0.21579,0.00289,-0.00035,0.35096,0.15676,0.00203,0.07389,0.21569,0.00248,-0.00163,0.35084,0.15758,0.00349,0.07433
762,1777970367628,Neutral,0.2154,0.00197,0.00048,0.35628,0.15675,0.00278,0.07425,0.2156,0.00233,-0.001,0.35247,0.15734,0.00328,0.07431
763,1777970367661,Neutral,0.21436,0.0025,0.00048,0.35797,0.15669,0.00239,0.07472,0.21523,0.00238,-0.00056,0.35412,0.15714,0.00301,0.07443
764,1777970367694,Neutral,0.20774,0.00153,-0.00047,0.35854,0.15742,0.00398,0.07455,0.21298,0.00212,-0.00053,0.35545,0.15723,0.0033,0.07447
765,1777970367728,Neutral,0.20302,0.00208,-0.00133,0.3535,0.15771,0.00392,0.0746,0.20999,0.00211,-0.00077,0.35486,0.15737,0.00349,0.07451
