frame,timestamp,emotion,ear_avg_raw,mar_raw,smile_coeff_raw,mouth_width_raw,brow_dist_raw,mouth_asymmetry_raw,upper_lip_raise_raw,ear_avg_smooth,mar_smooth,smile_coeff_smooth,mouth_width_smooth,brow_dist_smooth,mouth_asymmetry_smooth,upper_lip_raise_smooth
1,1777817768499,Happy,0.31704,0.00677,0.02189,0.39188,0.13044,0.00528,0.08693,0.31704,0.00677,0.02189,0.39188,0.13044,0.00528,0.08693
2,1777817768566,Happy,0.31792,0.00242,0.01991,0.37828,0.12627,0.00447,0.08458,0.31731,0.00546,0.0213,0.3878,0.12919,0.00504,0.08622
3,1777817768633,Happy,0.32514,0.0021,0.0195,0.37839,0.12353,0.00477,0.08341,0.31966,0.00445,0.02076,0.38498,0.12749,0.00496,0.08538
4,1777817768668,Happy,0.32848,0.00201,0.01935,0.37842,0.12211,0.00462,0.08328,0.32231,0.00372,0.02034,0.38301,0.12588,0.00485,0.08475
5,1777817768734,Happy,0.33301,0.00169,0.01856,0.37654,0.12068,0.00418,0.0833,0.32552,0.00311,0.0198,0.38107,0.12432,0.00465,0.08432
6,1777817768767,Happy,0.33527,0.00154,0.01835,0.37554,0.12043,0.00405,0.0833,0.32844,0.00264,0.01937,0.37941,0.12315,0.00447,0.08401
7,1777817768833,Happy,0.33588,0.0012,0.01814,0.37533,0.12063,0.00391,0.08301,0.33067,0.00221,0.019,0.37819,0.1224,0.0043,0.08371
8,1777817768867,Happy,0.33467,0.00124,0.01784,0.37482,0.12038,0.00394,0.08304,0.33187,0.00192,0.01865,0.37718,0.12179,0.0042,0.08351
9,1777817768901,Happy,0.33442,0.00119,0.01748,0.37385,0.12018,0.00402,0.08315,0.33264,0.0017,0.0183,0.37618,0.12131,0.00414,0.0834
10,1777817768968,Happy,0.33799,0.00113,0.01707,0.37338,0.11992,0.00411,0.08284,0.33424,0.00153,0.01793,0.37534,0.12089,0.00413,0.08324
11,1777817769033,Happy,0.34161,0.00113,0.0161,0.37304,0.11932,0.00484,0.08243,0.33645,0.00141,0.01738,0.37465,0.12042,0.00435,0.08299
12,1777817769067,Happy,0.34248,0.00111,0.01579,0.37284,0.1191,0.00493,0.08228,0.33826,0.00132,0.0169,0.37411,0.12003,0.00452,0.08278
13,1777817769100,Happy,0.34301,0.00111,0.01553,0.37274,0.11899,0.00486,0.08228,0.33969,0.00125,0.01649,0.3737,0.11972,0.00462,0.08263
14,1777817769134,Happy,0.34332,0.00111,0.01527,0.37275,0.11893,0.00477,0.08232,0.34078,0.00121,0.01613,0.37341,0.11948,0.00467,0.08254
15,1777817769200,Happy,0.34437,0.00116,0.01474,0.37271,0.11877,0.00453,0.08229,0.34186,0.0012,0.01571,0.3732,0.11927,0.00463,0.08246
16,1777817769266,Happy,0.34473,0.00118,0.01459,0.37235,0.11876,0.0045,0.08237,0.34272,0.00119,0.01537,0.37295,0.11911,0.00459,0.08243
17,1777817769300,Happy,0.34487,0.00122,0.01441,0.37181,0.11876,0.00452,0.08236,0.34336,0.0012,0.01508,0.37261,0.11901,0.00457,0.08241
18,1777817769334,Happy,0.34467,0.00122,0.01418,0.37172,0.11882,0.00463,0.08237,0.34376,0.00121,0.01481,0.37234,0.11895,0.00459,0.0824
19,1777817769399,Happy,0.33797,0.00118,0.01381,0.3714,0.11946,0.00465,0.08236,0.34202,0.0012,0.01451,0.37206,0.1191,0.0046,0.08239
20,1777817769433,Happy,0.3347,0.00118,0.01371,0.37065,0.11996,0.00467,0.08238,0.33982,0.00119,0.01427,0.37164,0.11936,0.00462,0.08238
21,1777817769466,Happy,0.33302,0.00116,0.01345,0.37017,0.12021,0.00481,0.08245,0.33778,0.00118,0.01403,0.3712,0.11962,0.00468,0.0824
22,1777817769533,Happy,0.33185,0.00123,0.01306,0.36851,0.12071,0.00435,0.08256,0.336,0.0012,0.01373,0.37039,0.11994,0.00458,0.08245
23,1777817769600,Happy,0.33144,0.00125,0.01235,0.3681,0.121,0.00427,0.08298,0.33464,0.00121,0.01332,0.3697,0.12026,0.00449,0.08261
24,1777817769667,Happy,0.32912,0.00137,0.01251,0.3678,0.12198,0.00441,0.08333,0.33298,0.00126,0.01308,0.36913,0.12078,0.00446,0.08283
25,1777817769700,Happy,0.32989,0.00147,0.01248,0.36767,0.12214,0.00398,0.08344,0.33205,0.00132,0.0129,0.36869,0.12119,0.00432,0.08301
26,1777817769734,Happy,0.33182,0.0016,0.01251,0.36753,0.12171,0.00383,0.08359,0.33198,0.00141,0.01278,0.36834,0.12135,0.00417,0.08319
27,1777817769767,Happy,0.33517,0.00169,0.01194,0.36712,0.12131,0.00339,0.08324,0.33294,0.00149,0.01253,0.36798,0.12133,0.00394,0.0832
28,1777817769835,Happy,0.335,0.00181,0.01155,0.36651,0.12076,0.0024,0.08315,0.33356,0.00159,0.01224,0.36754,0.12116,0.00348,0.08318
29,1777817769868,Happy,0.33264,0.00185,0.01152,0.36687,0.12072,0.00277,0.08312,0.33328,0.00167,0.01202,0.36734,0.12103,0.00326,0.08317
30,1777817769901,Happy,0.3348,0.00196,0.01121,0.36638,0.11978,0.00351,0.08285,0.33374,0.00175,0.01178,0.36705,0.12065,0.00334,0.08307
31,1777817769934,Happy,0.33486,0.00203,0.01142,0.36577,0.11982,0.00367,0.08269,0.33407,0.00184,0.01167,0.36667,0.1204,0.00344,0.08296
32,1777817769967,Happy,0.33484,0.0021,0.01094,0.36481,0.11974,0.00315,0.08228,0.3343,0.00192,0.01145,0.36611,0.12021,0.00335,0.08275
33,1777817770000,Happy,0.33303,0.00223,0.0112,0.3648,0.12018,0.0032,0.08246,0.33392,0.00201,0.01138,0.36572,0.1202,0.00331,0.08267
34,1777817770033,Happy,0.33432,0.00233,0.01104,0.36492,0.11978,0.00364,0.08236,0.33404,0.00211,0.01128,0.36548,0.12007,0.00341,0.08257
35,1777817770067,Happy,0.33406,0.00233,0.01105,0.36497,0.11992,0.00384,0.0826,0.33405,0.00217,0.01121,0.36532,0.12003,0.00354,0.08258
36,1777817770100,Happy,0.3355,0.00232,0.011,0.36463,0.11977,0.0039,0.08285,0.33448,0.00222,0.01115,0.36512,0.11995,0.00364,0.08266
37,1777817770134,Happy,0.33422,0.0023,0.01049,0.36427,0.11985,0.00347,0.08265,0.3344,0.00224,0.01095,0.36486,0.11992,0.00359,0.08266
38,1777817770201,Happy,0.33577,0.00233,0.01085,0.36225,0.11899,0.00295,0.08347,0.33481,0.00227,0.01092,0.36408,0.11964,0.0034,0.0829
39,1777817770266,Happy,0.33659,0.00215,0.01096,0.36266,0.11923,0.00392,0.08351,0.33535,0.00223,0.01093,0.36365,0.11952,0.00356,0.08308
40,1777817770301,Happy,0.33412,0.00206,0.01109,0.36327,0.12026,0.00445,0.08372,0.33498,0.00218,0.01098,0.36354,0.11974,0.00382,0.08327
41,1777817770334,Happy,0.33397,0.00205,0.01092,0.36381,0.12042,0.00396,0.08338,0.33468,0.00214,0.01096,0.36362,0.11994,0.00386,0.08331
42,1777817770368,Happy,0.33325,0.00228,0.01171,0.36455,0.12111,0.00417,0.08295,0.33425,0.00218,0.01119,0.3639,0.12029,0.00396,0.0832
43,1777817770434,Happy,0.33229,0.00274,0.02213,0.38405,0.12007,0.00854,0.0805,0.33366,0.00235,0.01447,0.36995,0.12022,0.00533,0.08239
44,1777817770467,Happy,0.32993,0.00288,0.03032,0.39981,0.12,0.00866,0.0776,0.33254,0.00251,0.01922,0.3789,0.12016,0.00633,0.08095
45,1777817770500,Happy,0.32898,0.01258,0.03098,0.40586,0.11924,0.0106,0.07272,0.33147,0.00553,0.02275,0.38699,0.11988,0.00761,0.07848
46,1777817770535,Happy,0.32705,0.05172,0.02946,0.4211,0.11917,0.00767,0.06806,0.33015,0.01939,0.02476,0.39722,0.11967,0.00763,0.07536
47,1777817770601,Happy,0.32501,0.09595,0.02716,0.438,0.11877,0.0018,0.06294,0.3286,0.04236,0.02548,0.40946,0.1194,0.00588,0.07163
48,1777817770666,Happy,0.32132,0.11445,0.02685,0.44968,0.11882,0.0032,0.06169,0.32642,0.06399,0.02589,0.42152,0.11922,0.00508,0.06865
49,1777817770700,Happy,0.3192,0.12243,0.02616,0.45498,0.11865,0.00283,0.06094,0.32425,0.08152,0.02597,0.43156,0.11905,0.0044,0.06634
50,1777817770733,Happy,0.31806,0.12834,0.02572,0.45945,0.11849,0.00218,0.06017,0.3224,0.09557,0.0259,0.43993,0.11889,0.00374,0.06448
51,1777817770767,Happy,0.31638,0.13625,0.0248,0.46032,0.11833,0.00158,0.05934,0.32059,0.10777,0.02557,0.44605,0.11872,0.00309,0.06294
52,1777817770799,Happy,0.31497,0.14128,0.02418,0.46101,0.11814,0.00133,0.05936,0.3189,0.11782,0.02515,0.45053,0.11854,0.00256,0.06187
53,1777817770835,Happy,0.3132,0.14788,0.02283,0.46286,0.11802,0.00129,0.05908,0.31719,0.12684,0.02446,0.45423,0.11839,0.00218,0.06103
54,1777817770899,Happy,0.30869,0.15523,0.0224,0.46665,0.11789,0.00027,0.0596,0.31464,0.13536,0.02384,0.45796,0.11824,0.00161,0.0606
55,1777817770933,Happy,0.3079,0.15823,0.02235,0.46905,0.11772,0.00056,0.05983,0.31262,0.14222,0.02339,0.46129,0.11808,0.00129,0.06037
56,1777817770966,Happy,0.30676,0.16063,0.02202,0.47026,0.11772,0.00045,0.06,0.31086,0.14774,0.02298,0.46398,0.11797,0.00104,0.06026
57,1777817771000,Happy,0.30637,0.16435,0.02165,0.47084,0.11773,0.00038,0.06014,0.30951,0.15273,0.02258,0.46604,0.1179,0.00084,0.06022
58,1777817771033,Happy,0.30633,0.16453,0.02137,0.47138,0.11778,0.00028,0.0601,0.30856,0.15627,0.02222,0.46764,0.11787,0.00067,0.06019
59,1777817771068,Happy,0.30547,0.16466,0.02131,0.47223,0.11768,0.00021,0.06016,0.30763,0.15878,0.02195,0.46902,0.11781,0.00053,0.06018
60,1777817771134,Happy,0.30499,0.16445,0.02137,0.47307,0.11766,0.00035,0.06019,0.30684,0.16048,0.02177,0.47023,0.11777,0.00048,0.06018
61,1777817771200,Happy,0.30489,0.16515,0.02138,0.4722,0.11709,0.00049,0.06022,0.30625,0.16188,0.02165,0.47082,0.11756,0.00048,0.06019
62,1777817771234,Happy,0.30516,0.165,0.02139,0.47232,0.11681,0.00051,0.06023,0.30592,0.16282,0.02157,0.47127,0.11734,0.00049,0.0602
63,1777817771300,Happy,0.30487,0.16552,0.02173,0.47162,0.11665,0.00067,0.06027,0.30561,0.16363,0.02162,0.47138,0.11713,0.00054,0.06022
64,1777817771333,Happy,0.30533,0.16557,0.02218,0.47106,0.11646,0.0002,0.06029,0.30552,0.16421,0.02179,0.47128,0.11693,0.00044,0.06024
65,1777817771367,Happy,0.3059,0.165,0.02284,0.47021,0.11637,0.00014,0.06032,0.30564,0.16445,0.0221,0.47096,0.11676,0.00035,0.06027
66,1777817771433,Happy,0.30309,0.16213,0.02372,0.4689,0.11609,0.00038,0.05978,0.30487,0.16375,0.02259,0.47034,0.11656,0.00036,0.06012
67,1777817771467,Happy,0.30183,0.16202,0.02397,0.46858,0.11611,0.00047,0.05981,0.30396,0.16323,0.023,0.46981,0.11643,0.00039,0.06003
68,1777817771535,Happy,0.29823,0.16143,0.02429,0.46718,0.1165,6e-05,0.06036,0.30224,0.16269,0.02339,0.46902,0.11645,0.00029,0.06013
69,1777817771599,Happy,0.30019,0.16083,0.02396,0.4663,0.11666,0.00013,0.05954,0.30163,0.16213,0.02356,0.46821,0.11651,0.00024,0.05995
70,1777817771633,Happy,0.3018,0.15996,0.02379,0.46609,0.11671,0.00024,0.05923,0.30168,0.16148,0.02363,0.46757,0.11657,0.00024,0.05974
71,1777817771665,Happy,0.3035,0.15978,0.02375,0.4659,0.11657,0.0003,0.05905,0.30223,0.16097,0.02366,0.46707,0.11657,0.00026,0.05953
72,1777817771699,Happy,0.30467,0.15956,0.02348,0.46552,0.1164,0.00037,0.05903,0.30296,0.16055,0.02361,0.4666,0.11652,0.00029,0.05938
73,1777817771732,Happy,0.30591,0.15895,0.02343,0.46515,0.11628,0.00033,0.05906,0.30384,0.16007,0.02356,0.46617,0.11645,0.0003,0.05928
74,1777817771767,Happy,0.30749,0.15704,0.02336,0.46485,0.1163,0.0002,0.0591,0.30494,0.15916,0.0235,0.46577,0.1164,0.00027,0.05923
75,1777817771833,Happy,0.30671,0.15125,0.02351,0.46238,0.11668,0.00034,0.05923,0.30547,0.15678,0.0235,0.46476,0.11649,0.00029,0.05923
76,1777817771866,Happy,0.30662,0.14832,0.02328,0.46053,0.11658,0.00059,0.0594,0.30581,0.15424,0.02343,0.46349,0.11651,0.00038,0.05928
77,1777817771899,Happy,0.30511,0.14593,0.02333,0.45976,0.11686,0.00116,0.05944,0.3056,0.15175,0.0234,0.46237,0.11662,0.00062,0.05933
78,1777817771933,Happy,0.3054,0.14344,0.02329,0.45927,0.11682,0.00139,0.05939,0.30554,0.14926,0.02337,0.46144,0.11668,0.00085,0.05935
79,1777817771967,Happy,0.30493,0.14233,0.0233,0.45891,0.11683,0.00163,0.05953,0.30536,0.14718,0.02335,0.46068,0.11672,0.00108,0.0594
80,1777817772000,Happy,0.30519,0.14185,0.02341,0.45876,0.11673,0.00189,0.05953,0.30531,0.14558,0.02337,0.4601,0.11673,0.00132,0.05944
81,1777817772067,Happy,0.3061,0.14147,0.02345,0.45848,0.11694,0.00203,0.05978,0.30555,0.14435,0.02339,0.45962,0.11679,0.00154,0.05954
82,1777817772134,Happy,0.30736,0.14056,0.02344,0.45803,0.11665,0.00204,0.05964,0.30609,0.14321,0.0234,0.45914,0.11675,0.00169,0.05957
83,1777817772198,Happy,0.30833,0.14,0.02343,0.45763,0.11652,0.00216,0.05938,0.30676,0.14225,0.02341,0.45869,0.11668,0.00183,0.05951
84,1777817772233,Happy,0.30876,0.13974,0.02344,0.45768,0.11647,0.00219,0.05933,0.30736,0.1415,0.02342,0.45838,0.11662,0.00194,0.05946
85,1777817772299,Happy,0.31031,0.13871,0.02333,0.4571,0.11633,0.0023,0.05928,0.30825,0.14066,0.02339,0.458,0.11653,0.00204,0.05941
86,1777817772331,Happy,0.31086,0.13854,0.02334,0.45709,0.11634,0.00226,0.05931,0.30903,0.14002,0.02338,0.45773,0.11647,0.00211,0.05938
87,1777817772366,Happy,0.31115,0.13852,0.02333,0.45674,0.11632,0.00227,0.05936,0.30967,0.13957,0.02336,0.45743,0.11643,0.00216,0.05937
88,1777817772400,Happy,0.31148,0.13869,0.02328,0.45668,0.11627,0.00223,0.0593,0.31021,0.13931,0.02334,0.4572,0.11638,0.00218,0.05935
89,1777817772468,Happy,0.3113,0.13927,0.02287,0.45616,0.11628,0.00265,0.05942,0.31054,0.1393,0.0232,0.45689,0.11635,0.00232,0.05937
90,1777817772533,Happy,0.31092,0.13971,0.02248,0.45632,0.11636,0.00308,0.05949,0.31065,0.13942,0.02298,0.45672,0.11635,0.00255,0.05941
91,1777817772599,Happy,0.30971,0.14214,0.02142,0.45564,0.11705,0.00323,0.05982,0.31037,0.14024,0.02251,0.4564,0.11656,0.00275,0.05953
92,1777817772633,Happy,0.30972,0.14385,0.02013,0.45511,0.11745,0.00165,0.05976,0.31017,0.14132,0.0218,0.45601,0.11683,0.00242,0.0596
93,1777817772665,Happy,0.31036,0.1459,0.01987,0.45497,0.11726,0.00133,0.05978,0.31023,0.14269,0.02122,0.4557,0.11696,0.0021,0.05965
94,1777817772700,Happy,0.30853,0.14561,0.02061,0.45475,0.11731,0.00156,0.05964,0.30972,0.14357,0.02104,0.45541,0.11706,0.00193,0.05965
95,1777817772765,Happy,0.30882,0.15228,0.01981,0.45434,0.11724,0.00231,0.05851,0.30945,0.14618,0.02067,0.45509,0.11712,0.00205,0.05931
96,1777817772832,Happy,0.31145,0.15336,0.01943,0.45405,0.11623,0.0017,0.05873,0.31005,0.14834,0.0203,0.45478,0.11685,0.00194,0.05914
97,1777817772866,Happy,0.31279,0.15263,0.0181,0.45354,0.11642,0.00123,0.05931,0.31087,0.14963,0.01964,0.45441,0.11672,0.00173,0.05919
98,1777817772933,Happy,0.3102,0.15017,0.01865,0.4538,0.11729,0.00183,0.05885,0.31067,0.14979,0.01934,0.45422,0.11689,0.00176,0.05909
99,1777817772999,Happy,0.3135,0.14821,0.0177,0.45259,0.11748,0.00207,0.05834,0.31152,0.14932,0.01885,0.45373,0.11707,0.00185,0.05886
100,1777817773032,Happy,0.31467,0.14805,0.01787,0.45259,0.11726,0.00187,0.05831,0.31247,0.14894,0.01855,0.45339,0.11713,0.00186,0.0587
101,1777817773065,Happy,0.31592,0.14845,0.01777,0.45248,0.11703,0.00124,0.05883,0.3135,0.14879,0.01832,0.45312,0.1171,0.00167,0.05874
102,1777817773099,Happy,0.31608,0.14787,0.01751,0.45196,0.11681,0.00029,0.05917,0.31427,0.14851,0.01808,0.45277,0.11701,0.00126,0.05887
103,1777817773133,Happy,0.31532,0.14754,0.0177,0.45153,0.11692,0.00043,0.05922,0.31459,0.14822,0.01796,0.4524,0.11698,0.00101,0.05897
104,1777817773167,Happy,0.31425,0.14782,0.01648,0.45039,0.11672,0.00064,0.05885,0.31449,0.1481,0.01752,0.45179,0.1169,0.0009,0.05894
105,1777817773233,Happy,0.31245,0.15481,0.01348,0.44649,0.11659,0.00581,0.06071,0.31387,0.15012,0.01631,0.4502,0.11681,0.00237,0.05947
106,1777817773299,Happy,0.31428,0.15202,0.00799,0.4344,0.11726,0.00628,0.06144,0.314,0.15069,0.01381,0.44546,0.11694,0.00355,0.06006
107,1777817773333,Happy,0.31963,0.13323,0.00346,0.41301,0.11729,0.00514,0.06998,0.31568,0.14545,0.01071,0.43573,0.11705,0.00402,0.06304
108,1777817773400,Neutral,0.33399,0.03078,0.00665,0.35825,0.1181,0.00153,0.08953,0.32118,0.11105,0.00949,0.41249,0.11736,0.00328,0.07098
109,1777817773466,Neutral,0.33991,0.00853,0.00506,0.34499,0.11817,0.0004,0.09271,0.3268,0.08029,0.00816,0.39224,0.11761,0.00241,0.0775
110,1777817773531,Neutral,0.34244,0.00591,0.00456,0.33651,0.11768,0.00023,0.09252,0.33149,0.05798,0.00708,0.37552,0.11763,0.00176,0.08201
111,1777817773566,Neutral,0.34278,0.00738,0.00498,0.33578,0.11782,0.00036,0.0918,0.33488,0.0428,0.00645,0.3636,0.11768,0.00134,0.08494
112,1777817773634,Neutral,0.34061,0.00951,0.00467,0.33549,0.11767,0.0007,0.09082,0.3366,0.03281,0.00592,0.35517,0.11768,0.00115,0.08671
113,1777817773697,Neutral,0.34225,0.00943,0.00469,0.33392,0.11881,0.00099,0.09019,0.33829,0.0258,0.00555,0.34879,0.11802,0.0011,0.08775
114,1777817773731,Neutral,0.34178,0.00571,0.00456,0.33333,0.11871,0.00117,0.09139,0.33934,0.01977,0.00525,0.34415,0.11823,0.00112,0.08884
115,1777817773764,Neutral,0.33849,0.00181,0.00468,0.33409,0.11922,0.00106,0.0925,0.33908,0.01438,0.00508,0.34113,0.11853,0.0011,0.08994
116,1777817773799,Neutral,0.3249,0.00413,0.00498,0.33467,0.12208,0.00099,0.093,0.33483,0.01131,0.00505,0.3392,0.11959,0.00107,0.09086
117,1777817773868,Neutral,0.27474,0.00796,0.00391,0.33352,0.13212,0.00038,0.09297,0.3168,0.0103,0.00471,0.33749,0.12335,0.00086,0.09149
118,1777817773933,Neutral,0.26803,0.00863,0.00323,0.33378,0.13297,0.00098,0.09202,0.30217,0.0098,0.00426,0.33638,0.12624,0.0009,0.09165
119,1777817773998,Neutral,0.29574,0.00546,0.0017,0.33421,0.1271,0.00218,0.0907,0.30024,0.0085,0.0035,0.33573,0.12649,0.00128,0.09137
120,1777817774032,Neutral,0.3084,0.00455,0.00071,0.33436,0.12466,0.00252,0.09008,0.30269,0.00731,0.00266,0.33532,0.12595,0.00165,0.09098
121,1777817774100,Neutral,0.32253,0.00369,0.00087,0.33534,0.12144,0.00212,0.08964,0.30864,0.00623,0.00212,0.33532,0.12459,0.00179,0.09058
122,1777817774166,Neutral,0.33073,0.00351,0.00068,0.33593,0.12069,0.00305,0.08862,0.31527,0.00541,0.00169,0.3355,0.12342,0.00217,0.08999
123,1777817774233,Neutral,0.32924,0.00295,0.00053,0.33747,0.12098,0.00345,0.08746,0.31946,0.00467,0.00134,0.33609,0.12269,0.00255,0.08923
124,1777817774297,Neutral,0.3305,0.00254,0.00036,0.33846,0.12086,0.00364,0.088,0.32277,0.00403,0.00105,0.3368,0.12214,0.00288,0.08886
125,1777817774331,Neutral,0.33028,0.00237,0.00053,0.33908,0.12076,0.00387,0.08805,0.32502,0.00353,0.00089,0.33749,0.12173,0.00317,0.08862
126,1777817774398,Sad,0.33149,0.00209,0.00079,0.34034,0.12041,0.00381,0.08794,0.32696,0.0031,0.00086,0.33834,0.12133,0.00337,0.08841
127,1777817774431,Sad,0.33288,0.00198,0.0005,0.34053,0.12013,0.00343,0.08778,0.32874,0.00277,0.00075,0.339,0.12097,0.00338,0.08822
128,1777817774465,Sad,0.333,0.00197,0.00029,0.34088,0.12023,0.00301,0.08756,0.33002,0.00253,0.00061,0.33956,0.12075,0.00327,0.08802
129,1777817774498,Sad,0.33389,0.00198,8e-05,0.34093,0.12018,0.00266,0.08738,0.33118,0.00236,0.00045,0.33997,0.12058,0.00309,0.08783
130,1777817774531,Sad,0.3348,0.00203,-0.00021,0.3409,0.12005,0.00255,0.08716,0.33227,0.00226,0.00025,0.34025,0.12042,0.00293,0.08763
131,1777817774566,Sad,0.33519,0.00211,-0.00043,0.34091,0.11994,0.00256,0.087,0.33314,0.00222,5e-05,0.34045,0.12028,0.00282,0.08744
132,1777817774633,Sad,0.33426,0.00213,-0.00045,0.34145,0.12002,0.00252,0.08709,0.33348,0.00219,-0.0001,0.34075,0.1202,0.00273,0.08733
133,1777817774698,Sad,0.33342,0.00211,-0.00041,0.34223,0.12013,0.00252,0.08714,0.33346,0.00217,-0.00019,0.34119,0.12018,0.00266,0.08727
134,1777817774732,Sad,0.3331,0.00209,-0.00038,0.34307,0.12011,0.00255,0.08707,0.33335,0.00215,-0.00025,0.34176,0.12016,0.00263,0.08721
135,1777817774799,Sad,0.33128,0.00204,-0.00033,0.34337,0.12036,0.00257,0.08704,0.33273,0.00211,-0.00027,0.34224,0.12022,0.00261,0.08716
136,1777817774863,Neutral,0.29147,0.00199,-0.00023,0.34462,0.13038,0.00251,0.08712,0.32035,0.00208,-0.00026,0.34295,0.12327,0.00258,0.08715
137,1777817774897,Neutral,0.28807,0.00199,-0.00016,0.34558,0.13219,0.00258,0.08708,0.31067,0.00205,-0.00023,0.34374,0.12594,0.00258,0.08713
138,1777817774930,Neutral,0.28355,0.00198,-0.00013,0.34631,0.13356,0.00253,0.08709,0.30253,0.00203,-0.0002,0.34451,0.12823,0.00257,0.08712
139,1777817774965,Neutral,0.2828,0.00195,-8e-05,0.34656,0.13421,0.00257,0.08709,0.29661,0.00201,-0.00017,0.34513,0.13002,0.00257,0.08711
140,1777817774998,Neutral,0.28447,0.00193,-0.0001,0.34697,0.13404,0.00255,0.08709,0.29297,0.00198,-0.00015,0.34568,0.13123,0.00256,0.0871
141,1777817775032,Neutral,0.2853,0.00188,-2e-05,0.34789,0.13411,0.0024,0.0871,0.29067,0.00195,-0.00011,0.34634,0.13209,0.00251,0.0871
142,1777817775065,Neutral,0.28626,0.00161,-0.00033,0.34836,0.1343,0.00245,0.08728,0.28935,0.00185,-0.00018,0.34695,0.13275,0.0025,0.08716
143,1777817775097,Neutral,0.28663,0.00191,-0.00044,0.35194,0.13481,0.00299,0.08622,0.28853,0.00187,-0.00026,0.34844,0.13337,0.00264,0.08688
144,1777817775131,Neutral,0.28672,0.00424,-0.00268,0.3593,0.13541,0.00394,0.08145,0.28799,0.00258,-0.00098,0.3517,0.13398,0.00303,0.08525
145,1777817775165,Neutral,0.29198,0.00611,-0.00542,0.36544,0.1342,0.00493,0.07388,0.28918,0.00364,-0.00231,0.35582,0.13405,0.0036,0.08184
146,1777817775198,Neutral,0.29946,0.0069,-0.00737,0.37153,0.13353,0.00545,0.06953,0.29227,0.00462,-0.00383,0.36054,0.13389,0.00416,0.07814
147,1777817775231,Neutral,0.30158,0.00698,-0.01004,0.38136,0.13264,0.00549,0.06614,0.29506,0.00533,-0.00569,0.36678,0.13352,0.00456,0.07454
148,1777817775266,Neutral,0.307,0.00789,-0.01209,0.39084,0.13208,0.00376,0.06305,0.29864,0.0061,-0.00761,0.374,0.13309,0.00432,0.0711
149,1777817775333,Neutral,0.31246,0.00561,-0.01348,0.40622,0.1327,0.00297,0.06068,0.30279,0.00595,-0.00937,0.38367,0.13297,0.00391,0.06797
150,1777817775397,Neutral,0.31175,0.00616,-0.01465,0.41036,0.13364,0.00254,0.05889,0.30548,0.00601,-0.01096,0.39167,0.13317,0.0035,0.06525
151,1777817775432,Neutral,0.30856,0.0066,-0.01508,0.41168,0.13418,0.00261,0.05866,0.3064,0.00619,-0.01219,0.39768,0.13347,0.00323,0.06327
152,1777817775499,Neutral,0.30673,0.00716,-0.01479,0.41148,0.12979,0.00297,0.05982,0.3065,0.00648,-0.01297,0.40182,0.13237,0.00316,0.06224
153,1777817775564,Neutral,0.32521,0.00724,-0.01397,0.41023,0.12651,0.0023,0.0611,0.31211,0.00671,-0.01327,0.40434,0.13061,0.0029,0.06189
154,1777817775597,Neutral,0.32956,0.0072,-0.01331,0.40953,0.12535,0.00188,0.06169,0.31735,0.00686,-0.01328,0.40589,0.12903,0.00259,0.06183
155,1777817775631,Neutral,0.33321,0.00713,-0.01313,0.40899,0.12527,0.0019,0.06262,0.32211,0.00694,-0.01324,0.40682,0.1279,0.00239,0.06207
156,1777817775665,Neutral,0.33561,0.00698,-0.01305,0.4085,0.12523,0.002,0.06309,0.32616,0.00695,-0.01318,0.40733,0.1271,0.00227,0.06238
157,1777817775733,Sad,0.33977,0.00704,-0.0126,0.4073,0.12533,0.00232,0.06351,0.33024,0.00698,-0.01301,0.40732,0.12657,0.00229,0.06272
158,1777817775798,Sad,0.34271,0.0071,-0.01197,0.40479,0.12569,0.00252,0.06358,0.33398,0.00701,-0.0127,0.40656,0.12631,0.00236,0.06297
159,1777817775831,Sad,0.34219,0.00702,-0.01166,0.40363,0.12596,0.00256,0.06382,0.33644,0.00702,-0.01238,0.40568,0.1262,0.00242,0.06323
160,1777817775864,Sad,0.34299,0.00714,-0.0115,0.40235,0.12594,0.00263,0.06391,0.33841,0.00705,-0.01212,0.40468,0.12612,0.00248,0.06343
161,1777817775898,Sad,0.34422,0.0073,-0.01129,0.40196,0.12611,0.00277,0.06354,0.34015,0.00713,-0.01187,0.40387,0.12612,0.00257,0.06346
162,1777817775931,Sad,0.34514,0.00759,-0.01146,0.40144,0.12641,0.00243,0.0634,0.34165,0.00727,-0.01175,0.40314,0.1262,0.00253,0.06344
163,1777817775965,Sad,0.3461,0.00732,-0.01167,0.40066,0.12624,0.00241,0.0636,0.34298,0.00728,-0.01172,0.4024,0.12622,0.00249,0.06349
164,1777817776032,Sad,0.34504,0.00697,-0.01226,0.39969,0.12633,0.00292,0.06327,0.3436,0.00719,-0.01189,0.40159,0.12625,0.00262,0.06342
165,1777817776098,Sad,0.34799,0.00709,-0.01285,0.39961,0.12579,0.00302,0.06287,0.34492,0.00716,-0.01218,0.40099,0.12611,0.00274,0.06326
166,1777817776131,Sad,0.35029,0.00683,-0.01306,0.39963,0.12557,0.00299,0.06298,0.34653,0.00706,-0.01244,0.40058,0.12595,0.00282,0.06317
167,1777817776164,Sad,0.3513,0.00691,-0.01348,0.39949,0.12558,0.00296,0.06294,0.34796,0.00701,-0.01275,0.40025,0.12584,0.00286,0.06311
168,1777817776199,Sad,0.35234,0.00694,-0.01359,0.39947,0.12565,0.00272,0.06296,0.34927,0.00699,-0.013,0.40002,0.12578,0.00282,0.06306
169,1777817776264,Sad,0.35335,0.00709,-0.01384,0.39936,0.12516,0.00264,0.063,0.3505,0.00702,-0.01326,0.39982,0.1256,0.00276,0.06304
170,1777817776298,Sad,0.35378,0.00711,-0.01388,0.39923,0.12503,0.00254,0.06327,0.35148,0.00705,-0.01344,0.39964,0.12543,0.0027,0.06311
171,1777817776330,Sad,0.35388,0.0072,-0.01391,0.39903,0.12497,0.00252,0.06332,0.3522,0.00709,-0.01358,0.39946,0.12529,0.00264,0.06317
172,1777817776364,Sad,0.35369,0.00724,-0.01393,0.39898,0.12496,0.00254,0.06337,0.35265,0.00714,-0.01369,0.39932,0.12519,0.00261,0.06323
173,1777817776397,Sad,0.35354,0.0073,-0.01395,0.39899,0.12494,0.00254,0.06335,0.35291,0.00719,-0.01376,0.39922,0.12511,0.00259,0.06327
174,1777817776432,Sad,0.35344,0.00731,-0.01398,0.39898,0.12487,0.00254,0.06338,0.35307,0.00722,-0.01383,0.39915,0.12504,0.00257,0.0633
175,1777817776497,Sad,0.35284,0.00733,-0.01408,0.39887,0.12462,0.00283,0.06335,0.353,0.00726,-0.0139,0.39906,0.12492,0.00265,0.06331
176,1777817776531,Sad,0.35255,0.00733,-0.01408,0.39881,0.12447,0.00285,0.06334,0.35287,0.00728,-0.01396,0.39899,0.12478,0.00271,0.06332
177,1777817776564,Sad,0.3525,0.00731,-0.01407,0.39867,0.12428,0.00285,0.06329,0.35276,0.00729,-0.01399,0.39889,0.12463,0.00275,0.06331
178,1777817776597,Sad,0.35247,0.00731,-0.01407,0.39859,0.12411,0.00286,0.06331,0.35267,0.0073,-0.01401,0.3988,0.12448,0.00278,0.06331
179,1777817776631,Sad,0.35262,0.00728,-0.0142,0.39858,0.12405,0.00296,0.06342,0.35266,0.00729,-0.01407,0.39874,0.12435,0.00284,0.06335
180,1777817776666,Sad,0.3522,0.00715,-0.01435,0.39906,0.12403,0.00317,0.06345,0.35252,0.00725,-0.01415,0.39884,0.12425,0.00294,0.06338
181,1777817776732,Sad,0.35248,0.00708,-0.0146,0.39947,0.12396,0.00361,0.06342,0.35251,0.0072,-0.01429,0.39903,0.12417,0.00314,0.06339
182,1777817776797,Sad,0.35304,0.00693,-0.01478,0.39987,0.12389,0.00375,0.06351,0.35267,0.00712,-0.01443,0.39928,0.12408,0.00332,0.06343
183,1777817776830,Sad,0.35319,0.00663,-0.015,0.40033,0.12389,0.00376,0.06349,0.35282,0.00697,-0.0146,0.3996,0.12402,0.00345,0.06345
184,1777817776864,Sad,0.35336,0.00635,-0.01514,0.40106,0.12385,0.00382,0.06346,0.35298,0.00679,-0.01476,0.40003,0.12397,0.00356,0.06345
185,1777817776898,Sad,0.35334,0.00621,-0.01531,0.40196,0.12389,0.00384,0.06335,0.35309,0.00661,-0.01493,0.40061,0.12395,0.00365,0.06342
186,1777817776964,Sad,0.35267,0.00581,-0.01543,0.4033,0.12395,0.00398,0.06332,0.35297,0.00637,-0.01508,0.40142,0.12395,0.00375,0.06339
187,1777817776997,Sad,0.35226,0.00567,-0.01549,0.40346,0.124,0.00399,0.06347,0.35275,0.00616,-0.0152,0.40203,0.12396,0.00382,0.06341
188,1777817777030,Sad,0.35222,0.00553,-0.01558,0.40344,0.12401,0.00395,0.06348,0.35259,0.00597,-0.01532,0.40245,0.12398,0.00386,0.06343
189,1777817777064,Sad,0.35216,0.00547,-0.01561,0.40373,0.12404,0.00393,0.06354,0.35246,0.00582,-0.0154,0.40284,0.124,0.00388,0.06347
190,1777817777132,Sad,0.35123,0.00525,-0.01566,0.40422,0.1242,0.00386,0.06358,0.35209,0.00565,-0.01548,0.40325,0.12406,0.00388,0.0635
191,1777817777196,Sad,0.35109,0.00505,-0.01573,0.40417,0.12419,0.00397,0.06359,0.35179,0.00547,-0.01555,0.40353,0.1241,0.0039,0.06353
192,1777817777265,Sad,0.35095,0.00472,-0.01573,0.40378,0.12401,0.00422,0.06363,0.35154,0.00525,-0.01561,0.4036,0.12407,0.004,0.06356
193,1777817777332,Sad,0.35073,0.00443,-0.01552,0.4028,0.12384,0.00451,0.06397,0.35129,0.005,-0.01558,0.40336,0.124,0.00415,0.06368
194,1777817777365,Sad,0.3509,0.0043,-0.0155,0.4026,0.12377,0.00458,0.06399,0.35118,0.00479,-0.01556,0.40313,0.12393,0.00428,0.06377
195,1777817777431,Sad,0.3511,0.00402,-0.01532,0.40195,0.1235,0.0046,0.06407,0.35115,0.00456,-0.01549,0.40278,0.1238,0.00438,0.06386
196,1777817777497,Sad,0.35196,0.00406,-0.01498,0.40128,0.12325,0.00455,0.064,0.3514,0.00441,-0.01533,0.40233,0.12364,0.00443,0.0639
197,1777817777531,Sad,0.35167,0.0041,-0.01493,0.40114,0.12331,0.00455,0.06403,0.35148,0.00432,-0.01521,0.40197,0.12354,0.00446,0.06394
198,1777817777598,Sad,0.35165,0.00385,-0.01448,0.40032,0.12317,0.00469,0.06477,0.35153,0.00418,-0.01499,0.40148,0.12343,0.00453,0.06419
199,1777817777630,Sad,0.3519,0.00414,-0.01313,0.39848,0.12309,0.00462,0.06646,0.35164,0.00417,-0.01443,0.40058,0.12333,0.00456,0.06487
200,1777817777664,Sad,0.35145,0.00436,-0.01124,0.39164,0.12301,0.00375,0.06837,0.35158,0.00422,-0.01347,0.3979,0.12323,0.00431,0.06592
201,1777817777697,Sad,0.35135,0.00474,-0.00932,0.38416,0.1228,0.00333,0.07081,0.35152,0.00438,-0.01223,0.39378,0.1231,0.00402,0.06739
202,1777817777730,Sad,0.35165,0.00516,-0.00826,0.37638,0.12266,0.00309,0.07261,0.35156,0.00461,-0.01104,0.38856,0.12297,0.00374,0.06896
203,1777817777764,Sad,0.35179,0.00503,-0.00725,0.36805,0.12255,0.00265,0.07436,0.35162,0.00474,-0.0099,0.38241,0.12284,0.00341,0.07058
204,1777817777832,Sad,0.33106,0.00333,-0.00441,0.34058,0.12648,0.00339,0.08087,0.34546,0.00432,-0.00825,0.36986,0.12393,0.00341,0.07367
205,1777817777897,Neutral,0.08373,0.00232,-0.00245,0.31975,0.17108,0.00374,0.08642,0.26694,0.00372,-0.00651,0.35483,0.13808,0.00351,0.07749
206,1777817777930,Neutral,0.03588,0.00426,-0.00148,0.31407,0.18182,0.00357,0.08841,0.19762,0.00388,-0.005,0.3426,0.1512,0.00353,0.08077
207,1777817777964,Neutral,0.03166,0.00453,-0.00133,0.3123,0.18325,0.00349,0.08884,0.14783,0.00407,-0.0039,0.33351,0.16082,0.00352,0.08319
208,1777817777998,Neutral,0.04788,0.00382,-0.00134,0.31352,0.18013,0.00284,0.08871,0.11785,0.004,-0.00313,0.32751,0.16661,0.00331,0.08485
209,1777817778066,Neutral,0.12021,0.00414,-0.00062,0.3184,0.16762,0.00162,0.08984,0.11855,0.00404,-0.00238,0.32478,0.16691,0.0028,0.08634
210,1777817778131,Neutral,0.21014,0.00241,0.00013,0.32945,0.15284,0.00049,0.0893,0.14603,0.00355,-0.00163,0.32618,0.16269,0.00211,0.08723
211,1777817778163,Neutral,0.24257,0.00181,0.00061,0.3335,0.14742,0.00011,0.08822,0.17499,0.00303,-0.00095,0.32838,0.15811,0.00151,0.08753
212,1777817778197,Neutral,0.26047,0.00152,0.00097,0.3366,0.14472,0.00034,0.08736,0.20064,0.00258,-0.00038,0.33084,0.15409,0.00116,0.08748
213,1777817778230,Neutral,0.27016,0.00152,0.00153,0.33814,0.1432,0.00064,0.08713,0.22149,0.00226,0.0002,0.33303,0.15082,0.001,0.08737
214,1777817778264,Neutral,0.27676,0.00156,0.00204,0.33939,0.14192,0.00093,0.08705,0.23807,0.00205,0.00075,0.33494,0.14815,0.00098,0.08728
215,1777817778297,Neutral,0.28293,0.00161,0.00221,0.34154,0.1409,0.0007,0.08683,0.25153,0.00192,0.00119,0.33692,0.14598,0.0009,0.08714
216,1777817778363,Neutral,0.29801,0.00178,0.00312,0.34333,0.13892,0.00029,0.08637,0.26547,0.00188,0.00177,0.33884,0.14386,0.00071,0.08691
217,1777817778430,Neutral,0.31525,0.00183,0.00225,0.34421,0.13582,0.00093,0.08635,0.28041,0.00186,0.00191,0.34045,0.14145,0.00078,0.08674
218,1777817778464,Neutral,0.31881,0.00196,0.00182,0.34458,0.13495,0.00064,0.08646,0.29193,0.00189,0.00188,0.34169,0.1395,0.00074,0.08666
219,1777817778532,Neutral,0.32401,0.0024,0.00098,0.34567,0.13328,0.00115,0.08691,0.30155,0.00204,0.00161,0.34288,0.13763,0.00086,0.08673
220,1777817778597,Neutral,0.31615,0.00207,0.00189,0.34576,0.13408,0.00045,0.08628,0.30593,0.00205,0.0017,0.34375,0.13657,0.00074,0.0866
221,1777817778664,Neutral,0.31759,0.00231,0.00138,0.3461,0.13447,0.00114,0.0863,0.30943,0.00213,0.0016,0.34445,0.13594,0.00086,0.08651
222,1777817778697,Neutral,0.31457,0.00227,0.00125,0.34597,0.13393,0.00143,0.08653,0.31097,0.00217,0.00149,0.34491,0.13534,0.00103,0.08651
223,1777817778763,Neutral,0.31636,0.002,0.00016,0.34629,0.13389,0.00159,0.08651,0.31259,0.00212,0.00109,0.34532,0.1349,0.0012,0.08651
224,1777817778796,Neutral,0.31408,0.00205,-0.0002,0.34625,0.13395,0.00184,0.08678,0.31303,0.0021,0.00071,0.3456,0.13462,0.00139,0.08659
225,1777817778829,Neutral,0.31492,0.00203,-0.00075,0.34644,0.13323,0.00215,0.08646,0.3136,0.00208,0.00027,0.34585,0.1342,0.00162,0.08655
226,1777817778862,Neutral,0.31856,0.00194,-0.00109,0.3466,0.13228,0.00218,0.08611,0.31509,0.00204,-0.00014,0.34608,0.13362,0.00179,0.08642
227,1777817778896,Neutral,0.32474,0.00202,-0.00167,0.34681,0.13101,0.00169,0.08588,0.31798,0.00203,-0.0006,0.3463,0.13284,0.00176,0.08626
228,1777817778930,Neutral,0.3399,0.00214,-0.00272,0.34718,0.12857,0.00073,0.08559,0.32456,0.00206,-0.00123,0.34656,0.13156,0.00145,0.08606
229,1777817778997,Sad,0.36034,0.00534,-0.00635,0.3435,0.12246,0.00223,0.08411,0.33529,0.00305,-0.00277,0.34564,0.12883,0.00168,0.08547
230,1777817779030,Sad,0.37075,0.01779,-0.00733,0.32875,0.12006,0.0014,0.08405,0.34593,0.00747,-0.00414,0.34058,0.1262,0.0016,0.08505
231,1777817779063,Sad,0.38093,0.12085,-0.0154,0.3151,0.11798,0.00112,0.0828,0.35643,0.04149,-0.00752,0.33293,0.12373,0.00146,0.08437
232,1777817779096,Sad,0.39078,0.1796,-0.02155,0.31361,0.1162,0.00116,0.08241,0.36673,0.08292,-0.01173,0.32714,0.12147,0.00137,0.08378
233,1777817779130,Sad,0.39253,0.23231,-0.02666,0.31156,0.11475,0.00054,0.08249,0.37447,0.12774,-0.01621,0.32247,0.11946,0.00112,0.0834
234,1777817779164,Sad,0.3947,0.27697,-0.03001,0.31083,0.11359,0.00043,0.08215,0.38054,0.17251,-0.02035,0.31897,0.11769,0.00091,0.08302
235,1777817779231,Neutral,0.39994,0.37688,-0.0385,0.30589,0.11055,6e-05,0.07964,0.38636,0.23382,-0.02579,0.31505,0.11555,0.00066,0.08201
236,1777817779297,Neutral,0.40379,0.43478,-0.04333,0.30315,0.10777,0.00265,0.07622,0.39159,0.29411,-0.03105,0.31148,0.11322,0.00125,0.08027
237,1777817779330,Neutral,0.4045,0.4681,-0.04687,0.3016,0.10651,0.00563,0.07521,0.39546,0.3463,-0.0358,0.30852,0.11121,0.00257,0.07875
238,1777817779363,Surprised,0.40505,0.47876,-0.04804,0.30022,0.10599,0.00598,0.07463,0.39834,0.38604,-0.03947,0.30603,0.10964,0.00359,0.07752
239,1777817779397,Surprised,0.40641,0.50054,-0.04995,0.30034,0.10553,0.00674,0.07415,0.40076,0.42039,-0.04262,0.30432,0.10841,0.00454,0.07651
240,1777817779464,Surprised,0.40698,0.50078,-0.05092,0.2997,0.10508,0.00724,0.07351,0.40262,0.44451,-0.04511,0.30293,0.10741,0.00535,0.07561
241,1777817779531,Surprised,0.39965,0.49464,-0.05036,0.29834,0.10484,0.00627,0.07296,0.40173,0.45955,-0.04668,0.30155,0.10664,0.00562,0.07481
242,1777817779596,Surprised,0.40165,0.49038,-0.04995,0.29737,0.10388,0.00547,0.07334,0.40171,0.46879,-0.04767,0.3003,0.10581,0.00558,0.07437
243,1777817779630,Surprised,0.40222,0.49204,-0.05028,0.29699,0.10356,0.00534,0.07355,0.40186,0.47577,-0.04845,0.29931,0.10514,0.00551,0.07412
244,1777817779663,Surprised,0.40215,0.49538,-0.05043,0.29648,0.10332,0.0053,0.07355,0.40195,0.48165,-0.04904,0.29846,0.10459,0.00544,0.07395
245,1777817779697,Surprised,0.39978,0.50166,-0.05113,0.29632,0.10326,0.0051,0.0731,0.4013,0.48765,-0.04967,0.29782,0.10419,0.00534,0.0737
246,1777817779762,Surprised,0.40015,0.50997,-0.05227,0.29664,0.10248,0.00517,0.07215,0.40095,0.49435,-0.05045,0.29747,0.10368,0.00529,0.07323
247,1777817779796,Surprised,0.39874,0.51357,-0.05271,0.29729,0.10232,0.00516,0.07167,0.40029,0.50011,-0.05113,0.29741,0.10327,0.00525,0.07276
248,1777817779830,Surprised,0.39716,0.51286,-0.05303,0.29793,0.1026,0.00514,0.07159,0.39935,0.50394,-0.0517,0.29757,0.10307,0.00522,0.07241
249,1777817779863,Surprised,0.39687,0.5138,-0.05361,0.29829,0.10248,0.00516,0.07202,0.39861,0.5069,-0.05227,0.29778,0.10289,0.0052,0.07229
250,1777817779896,Surprised,0.39432,0.51559,-0.05389,0.29892,0.10313,0.00519,0.0723,0.39732,0.5095,-0.05276,0.29812,0.10296,0.0052,0.07229
251,1777817779931,Neutral,0.39363,0.51605,-0.05403,0.29911,0.10343,0.00564,0.07255,0.39621,0.51147,-0.05314,0.29842,0.1031,0.00533,0.07237
252,1777817779996,Neutral,0.39062,0.513,-0.05377,0.29904,0.10385,0.00605,0.07284,0.39453,0.51193,-0.05333,0.2986,0.10333,0.00555,0.07251
253,1777817780030,Neutral,0.3894,0.51419,-0.054,0.2993,0.10397,0.00619,0.07249,0.393,0.5126,-0.05353,0.29881,0.10352,0.00574,0.0725
254,1777817780063,Neutral,0.38474,0.51538,-0.05412,0.2991,0.10417,0.00629,0.07215,0.39052,0.51344,-0.05371,0.2989,0.10371,0.0059,0.0724
255,1777817780097,Neutral,0.38284,0.51273,-0.05423,0.29901,0.1043,0.00641,0.07198,0.38821,0.51323,-0.05386,0.29893,0.10389,0.00606,0.07227
256,1777817780129,Neutral,0.38241,0.51306,-0.05451,0.29901,0.10463,0.00631,0.07188,0.38647,0.51318,-0.05406,0.29896,0.10411,0.00613,0.07215
257,1777817780164,Neutral,0.38347,0.51355,-0.05462,0.29906,0.1047,0.00663,0.07176,0.38557,0.51329,-0.05422,0.29899,0.10429,0.00628,0.07203
258,1777817780230,Neutral,0.38377,0.51146,-0.05466,0.29907,0.10517,0.0068,0.07168,0.38503,0.51274,-0.05436,0.29901,0.10455,0.00644,0.07193
259,1777817780297,Neutral,0.3855,0.51418,-0.05473,0.29895,0.10523,0.0071,0.07099,0.38517,0.51317,-0.05447,0.29899,0.10475,0.00664,0.07165
260,1777817780330,Neutral,0.38546,0.51474,-0.05478,0.29866,0.10525,0.00712,0.07092,0.38526,0.51364,-0.05456,0.2989,0.1049,0.00678,0.07143
261,1777817780363,Neutral,0.38526,0.51428,-0.05482,0.29861,0.10546,0.00717,0.07078,0.38526,0.51383,-0.05464,0.29881,0.10507,0.0069,0.07124
262,1777817780397,Neutral,0.3849,0.51237,-0.05477,0.2984,0.1056,0.00729,0.07065,0.38515,0.51339,-0.05468,0.29869,0.10523,0.00701,0.07106
263,1777817780463,Neutral,0.38492,0.50757,-0.05456,0.29796,0.10565,0.00745,0.07027,0.38508,0.51165,-0.05464,0.29847,0.10536,0.00714,0.07082
264,1777817780496,Neutral,0.38694,0.50641,-0.05451,0.29786,0.10554,0.00751,0.07016,0.38564,0.51008,-0.0546,0.29828,0.10541,0.00725,0.07062
265,1777817780529,Neutral,0.38988,0.50784,-0.0547,0.29781,0.10521,0.00774,0.06999,0.38691,0.5094,-0.05463,0.29814,0.10535,0.0074,0.07044
266,1777817780596,Neutral,0.39913,0.51106,-0.05491,0.29712,0.10352,0.00819,0.06947,0.39058,0.5099,-0.05471,0.29784,0.1048,0.00764,0.07014
267,1777817780631,Neutral,0.40236,0.5152,-0.05516,0.29706,0.10303,0.00841,0.06888,0.39411,0.51149,-0.05485,0.2976,0.10427,0.00787,0.06976
268,1777817780696,Surprised,0.41535,0.51968,-0.05496,0.29673,0.10049,0.00901,0.06821,0.40048,0.51394,-0.05488,0.29734,0.10314,0.00821,0.0693
269,1777817780729,Surprised,0.41388,0.52162,-0.05514,0.29677,0.10035,0.00926,0.06822,0.4045,0.51625,-0.05496,0.29717,0.1023,0.00853,0.06898
270,1777817780762,Surprised,0.41332,0.52492,-0.05531,0.29641,0.1005,0.00961,0.06855,0.40715,0.51885,-0.05506,0.29694,0.10176,0.00885,0.06885
271,1777817780796,Surprised,0.41228,0.52693,-0.05563,0.29678,0.10093,0.00987,0.06842,0.40869,0.52127,-0.05523,0.29689,0.10151,0.00916,0.06872
272,1777817780864,Surprised,0.41181,0.52831,-0.05589,0.29694,0.10078,0.01028,0.06844,0.40963,0.52339,-0.05543,0.29691,0.10129,0.00949,0.06864
273,1777817780930,Surprised,0.41085,0.52967,-0.05609,0.29729,0.10116,0.01033,0.06847,0.40999,0.52527,-0.05563,0.29702,0.10125,0.00974,0.06859
274,1777817780995,Surprised,0.41037,0.52984,-0.05621,0.2974,0.10133,0.01062,0.06856,0.41011,0.52664,-0.05581,0.29714,0.10128,0.01001,0.06858
275,1777817781030,Surprised,0.4106,0.53036,-0.05616,0.29743,0.10143,0.01051,0.06868,0.41026,0.52776,-0.05591,0.29722,0.10132,0.01016,0.06861
276,1777817781097,Surprised,0.41024,0.52855,-0.05619,0.29824,0.10167,0.0109,0.06879,0.41025,0.528,-0.056,0.29753,0.10143,0.01038,0.06866
277,1777817781161,Surprised,0.40657,0.53083,-0.05651,0.29853,0.10225,0.01091,0.06923,0.40915,0.52885,-0.05615,0.29783,0.10167,0.01054,0.06883
278,1777817781196,Surprised,0.40492,0.53105,-0.05662,0.29908,0.1027,0.01046,0.06902,0.40788,0.52951,-0.05629,0.29821,0.10198,0.01051,0.06889
279,1777817781229,Surprised,0.40442,0.53004,-0.0568,0.29948,0.10312,0.01058,0.06878,0.40684,0.52967,-0.05644,0.29859,0.10233,0.01053,0.06886
280,1777817781263,Surprised,0.40282,0.5277,-0.05705,0.30029,0.10334,0.01066,0.06895,0.40563,0.52908,-0.05662,0.2991,0.10263,0.01057,0.06888
281,1777817781331,Surprised,0.40341,0.52527,-0.05701,0.30125,0.10337,0.01091,0.06886,0.40497,0.52794,-0.05674,0.29974,0.10285,0.01067,0.06888
282,1777817781396,Surprised,0.39925,0.51907,-0.05635,0.3012,0.10382,0.01107,0.06892,0.40325,0.52528,-0.05662,0.30018,0.10314,0.01079,0.06889
283,1777817781429,Surprised,0.39915,0.51916,-0.05595,0.30137,0.10394,0.01065,0.06892,0.40202,0.52344,-0.05642,0.30054,0.10338,0.01075,0.0689
284,1777817781462,Surprised,0.39895,0.51864,-0.05604,0.30089,0.1037,0.01052,0.06884,0.4011,0.522,-0.05631,0.30064,0.10348,0.01068,0.06888
285,1777817781496,Surprised,0.39852,0.51954,-0.05629,0.30097,0.10377,0.01054,0.06901,0.40033,0.52126,-0.0563,0.30074,0.10356,0.01064,0.06892
286,1777817781529,Surprised,0.39957,0.52102,-0.05649,0.30123,0.10404,0.01035,0.06922,0.4001,0.52119,-0.05636,0.30089,0.10371,0.01055,0.06901
287,1777817781563,Surprised,0.39883,0.52143,-0.05626,0.30143,0.10426,0.00984,0.06919,0.39972,0.52126,-0.05633,0.30105,0.10387,0.01034,0.06906
288,1777817781630,Surprised,0.39747,0.51553,-0.05601,0.30163,0.10464,0.01005,0.06908,0.39904,0.51954,-0.05623,0.30122,0.1041,0.01025,0.06907
289,1777817781696,Surprised,0.39692,0.51252,-0.05588,0.30083,0.10474,0.00946,0.06946,0.39841,0.51744,-0.05613,0.30111,0.10429,0.01001,0.06919
290,1777817781730,Surprised,0.39684,0.51019,-0.05562,0.3006,0.10496,0.00923,0.0699,0.39794,0.51526,-0.05597,0.30095,0.10449,0.00978,0.0694
291,1777817781797,Surprised,0.39728,0.50874,-0.05575,0.30048,0.10513,0.00919,0.06949,0.39774,0.51331,-0.05591,0.30081,0.10468,0.0096,0.06943
292,1777817781862,Surprised,0.39854,0.50957,-0.05577,0.30047,0.10484,0.00906,0.06899,0.39798,0.51219,-0.05587,0.30071,0.10473,0.00944,0.0693
293,1777817781895,Surprised,0.39952,0.51116,-0.05573,0.30053,0.10496,0.00914,0.06883,0.39844,0.51188,-0.05582,0.30066,0.1048,0.00935,0.06916
294,1777817781929,Surprised,0.39991,0.51099,-0.05577,0.30035,0.10516,0.00917,0.06896,0.39888,0.51161,-0.05581,0.30056,0.10491,0.00929,0.0691
295,1777817781963,Surprised,0.39946,0.51075,-0.05595,0.30029,0.10552,0.00924,0.06903,0.39906,0.51135,-0.05585,0.30048,0.10509,0.00928,0.06908
296,1777817782031,Surprised,0.40125,0.5113,-0.05572,0.30023,0.10548,0.00961,0.06898,0.39971,0.51134,-0.05581,0.30041,0.10521,0.00938,0.06905
297,1777817782095,Surprised,0.40124,0.51114,-0.05559,0.30026,0.10546,0.00967,0.06906,0.40017,0.51128,-0.05575,0.30036,0.10528,0.00946,0.06905
298,1777817782129,Surprised,0.40091,0.51043,-0.05556,0.30026,0.10552,0.00975,0.06918,0.40039,0.51102,-0.05569,0.30033,0.10535,0.00955,0.06909
299,1777817782162,Surprised,0.40092,0.51076,-0.05551,0.30021,0.10557,0.00992,0.06897,0.40055,0.51095,-0.05564,0.3003,0.10542,0.00966,0.06905
300,1777817782196,Surprised,0.40121,0.51307,-0.05555,0.30016,0.10565,0.00983,0.06875,0.40075,0.51158,-0.05561,0.30025,0.10549,0.00971,0.06896
301,1777817782263,Surprised,0.39665,0.51395,-0.05502,0.30043,0.10611,0.0107,0.06833,0.39952,0.51229,-0.05543,0.30031,0.10568,0.01001,0.06877
302,1777817782330,Surprised,0.39611,0.53832,-0.0575,0.30219,0.10626,0.01014,0.06724,0.3985,0.5201,-0.05605,0.30087,0.10585,0.01004,0.06831
303,1777817782396,Surprised,0.39601,0.53317,-0.0579,0.30211,0.10605,0.00946,0.06901,0.39775,0.52402,-0.05661,0.30124,0.10591,0.00987,0.06852
304,1777817782429,Surprised,0.39664,0.52798,-0.05761,0.30205,0.10579,0.00895,0.06931,0.39742,0.52521,-0.05691,0.30148,0.10587,0.00959,0.06876
305,1777817782496,Neutral,0.39105,0.53185,-0.05835,0.30145,0.1068,0.00865,0.06891,0.39551,0.5272,-0.05734,0.30147,0.10615,0.00931,0.0688
306,1777817782529,Neutral,0.39187,0.52491,-0.05847,0.30177,0.10657,0.00922,0.06836,0.39442,0.52652,-0.05768,0.30156,0.10628,0.00928,0.06867
307,1777817782562,Neutral,0.39312,0.51911,-0.05792,0.3018,0.10661,0.00945,0.0679,0.39403,0.52429,-0.05775,0.30163,0.10638,0.00933,0.06844
308,1777817782596,Neutral,0.39303,0.49228,-0.05702,0.30177,0.10675,0.00903,0.06758,0.39373,0.51469,-0.05753,0.30167,0.10649,0.00924,0.06818
309,1777817782629,Neutral,0.39413,0.44638,-0.05564,0.3027,0.10679,0.00828,0.06947,0.39385,0.4942,-0.05696,0.30198,0.10658,0.00895,0.06857
310,1777817782663,Neutral,0.3962,0.40725,-0.05264,0.30459,0.10707,0.00364,0.07229,0.39455,0.46811,-0.05567,0.30277,0.10673,0.00736,0.06969
311,1777817782731,Neutral,0.38406,0.25508,-0.03861,0.30929,0.11111,0.00333,0.07808,0.3914,0.4042,-0.05055,0.30472,0.10804,0.00615,0.0722
312,1777817782796,Neutral,0.297,0.12689,-0.02343,0.31697,0.12921,0.00098,0.08181,0.36308,0.32101,-0.04241,0.3084,0.11439,0.0046,0.07508
313,1777817782829,Neutral,0.10681,0.0906,-0.0165,0.31847,0.16541,0.00256,0.08576,0.2862,0.25189,-0.03464,0.31142,0.1297,0.00399,0.07829
314,1777817782862,Neutral,0.04496,0.0378,-0.00872,0.32272,0.17911,0.00193,0.08694,0.21383,0.18766,-0.02686,0.31481,0.14452,0.00337,0.08088
315,1777817782896,Neutral,0.04655,0.01562,-0.0029,0.3293,0.17953,0.00061,0.08778,0.16365,0.13605,-0.01968,0.31916,0.15502,0.00254,0.08295
316,1777817782929,Neutral,0.11611,0.00759,0.00075,0.33386,0.16975,0.00136,0.08887,0.14939,0.09751,-0.01355,0.32357,0.15944,0.00219,0.08473
317,1777817782963,Neutral,0.17123,0.00199,0.00368,0.33728,0.16224,0.00017,0.08866,0.15594,0.06886,-0.00838,0.32768,0.16028,0.00158,0.08591
318,1777817783028,Neutral,0.1944,0.00722,0.00515,0.34293,0.15907,0.00013,0.08826,0.16748,0.05036,-0.00432,0.33226,0.15992,0.00115,0.08661
319,1777817783062,Neutral,0.20297,0.01252,0.00498,0.34457,0.15659,0.00109,0.08816,0.17813,0.03901,-0.00153,0.33595,0.15892,0.00113,0.08708
320,1777817783095,Neutral,0.22268,0.01519,0.00431,0.34528,0.15232,0.00159,0.08773,0.19149,0.03186,0.00022,0.33875,0.15694,0.00127,0.08727
321,1777817783129,Neutral,0.24611,0.01602,0.00318,0.346,0.14756,0.00156,0.08647,0.20788,0.02711,0.00111,0.34093,0.15412,0.00136,0.08703
322,1777817783196,Neutral,0.28135,0.0126,0.00187,0.34705,0.14123,0.00078,0.08491,0.22992,0.02276,0.00134,0.34276,0.15026,0.00118,0.08639
323,1777817783229,Neutral,0.29332,0.01168,0.00192,0.3485,0.13892,0.00133,0.08381,0.24894,0.01944,0.00151,0.34449,0.14685,0.00123,0.08562
324,1777817783296,Neutral,0.30599,0.00946,0.00065,0.34903,0.13583,0.0016,0.08336,0.26606,0.01644,0.00125,0.34585,0.14355,0.00134,0.08494
325,1777817783362,Neutral,0.31249,0.00779,-0.00061,0.34927,0.13562,0.00177,0.08281,0.27998,0.01385,0.00069,0.34688,0.14117,0.00147,0.0843
326,1777817783396,Neutral,0.31214,0.00711,-0.00075,0.34917,0.13511,0.00267,0.08295,0.28963,0.01183,0.00026,0.34756,0.13935,0.00183,0.0839
327,1777817783430,Neutral,0.31297,0.0063,-0.00107,0.34911,0.13475,0.00306,0.0833,0.29663,0.01017,-0.00014,0.34803,0.13797,0.0022,0.08372
328,1777817783496,Neutral,0.32205,0.00602,-0.0023,0.35025,0.13474,0.00219,0.08226,0.30426,0.00892,-0.00079,0.3487,0.137,0.0022,0.08328
329,1777817783529,Neutral,0.31376,0.00508,-0.0024,0.35072,0.1347,0.0025,0.08328,0.30711,0.00777,-0.00127,0.3493,0.13631,0.00229,0.08328
330,1777817783596,Neutral,0.30907,0.0045,-0.00202,0.3509,0.1354,0.00254,0.08391,0.30769,0.00679,-0.00149,0.34978,0.13604,0.00236,0.08347
331,1777817783662,Neutral,0.30739,0.00388,-0.00248,0.3514,0.13632,0.00264,0.08477,0.3076,0.00592,-0.00179,0.35027,0.13612,0.00245,0.08386
332,1777817783695,Neutral,0.30752,0.00322,-0.00309,0.35097,0.13625,0.00258,0.08483,0.30758,0.00511,-0.00218,0.35048,0.13616,0.00249,0.08415
333,1777817783729,Neutral,0.30954,0.00298,-0.00293,0.34944,0.13569,0.00208,0.08481,0.30817,0.00447,-0.0024,0.35016,0.13602,0.00236,0.08435
334,1777817783761,Neutral,0.31117,0.00295,-0.00296,0.3452,0.13519,0.00196,0.08416,0.30907,0.00401,-0.00257,0.34867,0.13577,0.00224,0.0843
335,1777817783795,Neutral,0.31454,0.00309,-0.00411,0.34193,0.13387,0.00067,0.0837,0.31071,0.00374,-0.00303,0.34665,0.1352,0.00177,0.08412
336,1777817783829,Neutral,0.31714,0.00246,-0.00573,0.33748,0.13297,0.00137,0.08413,0.31264,0.00335,-0.00384,0.3439,0.13453,0.00165,0.08412
337,1777817783896,Neutral,0.32047,0.06793,-0.01146,0.32231,0.13148,0.00015,0.08374,0.31499,0.02273,-0.00613,0.33742,0.13362,0.0012,0.08401
338,1777817783961,Neutral,0.32725,0.13114,-0.01914,0.31835,0.13047,0.00157,0.0821,0.31867,0.05525,-0.01003,0.3317,0.13267,0.00131,0.08343
339,1777817783995,Neutral,0.32945,0.1476,-0.02159,0.31773,0.13046,0.00164,0.08161,0.3219,0.08295,-0.0135,0.32751,0.13201,0.00141,0.08289
340,1777817784028,Neutral,0.33057,0.15215,-0.02284,0.31783,0.13076,0.00223,0.08159,0.3245,0.10371,-0.0163,0.32461,0.13164,0.00165,0.0825
341,1777817784062,Sad,0.33206,0.15349,-0.02356,0.31789,0.13065,0.00247,0.08171,0.32677,0.11865,-0.01848,0.32259,0.13134,0.0019,0.08226
342,1777817784095,Sad,0.33602,0.15285,-0.02386,0.31753,0.12999,0.00273,0.08178,0.32955,0.12891,-0.02009,0.32107,0.13094,0.00215,0.08212
343,1777817784129,Sad,0.33811,0.1561,-0.02443,0.31693,0.12962,0.00275,0.08197,0.33211,0.13707,-0.02139,0.31983,0.13054,0.00233,0.08207
344,1777817784194,Sad,0.34324,0.16261,-0.02588,0.31578,0.12906,0.003,0.08203,0.33545,0.14473,-0.02274,0.31861,0.1301,0.00253,0.08206
345,1777817784228,Sad,0.34449,0.16799,-0.02696,0.31477,0.12897,0.003,0.08224,0.33816,0.15171,-0.02401,0.31746,0.12976,0.00267,0.08211
346,1777817784261,Sad,0.34451,0.1727,-0.02782,0.31411,0.12902,0.00293,0.08235,0.34007,0.15801,-0.02515,0.31645,0.12954,0.00275,0.08218
347,1777817784295,Sad,0.34348,0.17423,-0.02829,0.31396,0.12878,0.00292,0.08252,0.34109,0.16287,-0.02609,0.31571,0.12931,0.0028,0.08228
348,1777817784328,Sad,0.3432,0.17559,-0.02872,0.31392,0.12843,0.00291,0.08236,0.34172,0.16669,-0.02688,0.31517,0.12905,0.00283,0.08231
349,1777817784362,Sad,0.34221,0.17815,-0.02915,0.31397,0.12828,0.00286,0.08184,0.34187,0.17013,-0.02756,0.31481,0.12882,0.00284,0.08217
350,1777817784428,Sad,0.34165,0.18139,-0.02961,0.31431,0.1286,0.00267,0.08167,0.3418,0.17351,-0.02818,0.31466,0.12875,0.00279,0.08202
351,1777817784462,Sad,0.34212,0.18262,-0.02985,0.31446,0.1284,0.00275,0.08138,0.3419,0.17624,-0.02868,0.3146,0.12865,0.00278,0.08182
352,1777817784495,Sad,0.34219,0.18294,-0.02992,0.31437,0.12831,0.00278,0.08128,0.34199,0.17825,-0.02905,0.31453,0.12855,0.00278,0.08166
353,1777817784529,Sad,0.34011,0.18326,-0.02999,0.31432,0.12837,0.00286,0.0813,0.34143,0.17975,-0.02933,0.31447,0.12849,0.0028,0.08155
354,1777817784596,Sad,0.33935,0.1792,-0.02889,0.31386,0.1247,0.00367,0.08212,0.3408,0.17959,-0.0292,0.31429,0.12735,0.00306,0.08173
355,1777817784661,Sad,0.34165,0.17615,-0.02845,0.31438,0.1228,0.00395,0.0822,0.34106,0.17856,-0.02897,0.31431,0.12599,0.00333,0.08187
356,1777817784695,Sad,0.34204,0.17405,-0.02843,0.31473,0.12237,0.00408,0.08202,0.34135,0.17721,-0.02881,0.31444,0.1249,0.00355,0.08191
357,1777817784728,Sad,0.34316,0.17211,-0.02828,0.31505,0.12205,0.00414,0.08203,0.34189,0.17568,-0.02865,0.31462,0.12405,0.00373,0.08195
358,1777817784762,Sad,0.34378,0.17111,-0.02829,0.31541,0.12184,0.00424,0.08191,0.34246,0.17431,-0.02854,0.31486,0.12339,0.00388,0.08194
359,1777817784795,Sad,0.34353,0.17121,-0.02834,0.31537,0.12179,0.0044,0.08192,0.34278,0.17338,-0.02848,0.31501,0.12291,0.00404,0.08193
360,1777817784829,Sad,0.34398,0.16805,-0.02814,0.31563,0.12171,0.00475,0.08189,0.34314,0.17178,-0.02838,0.3152,0.12255,0.00425,0.08192
361,1777817784895,Sad,0.3443,0.16192,-0.02758,0.31666,0.12176,0.00486,0.08142,0.34349,0.16882,-0.02814,0.31564,0.12231,0.00443,0.08177
362,1777817784961,Sad,0.34497,0.16027,-0.02739,0.31682,0.12183,0.00496,0.08127,0.34393,0.16626,-0.02791,0.31599,0.12217,0.00459,0.08162
363,1777817784994,Sad,0.34608,0.16018,-0.02738,0.31697,0.12166,0.00492,0.08136,0.34458,0.16444,-0.02775,0.31629,0.12201,0.00469,0.08154
364,1777817785026,Sad,0.34606,0.15981,-0.02744,0.31716,0.12151,0.00486,0.08129,0.34502,0.16305,-0.02766,0.31655,0.12186,0.00474,0.08147
365,1777817785061,Sad,0.34756,0.15908,-0.02719,0.31738,0.12128,0.00456,0.08126,0.34578,0.16186,-0.02752,0.3168,0.12169,0.00469,0.0814
366,1777817785128,Sad,0.34862,0.1581,-0.02699,0.31747,0.12111,0.0045,0.08131,0.34663,0.16073,-0.02736,0.317,0.12151,0.00463,0.08138
367,1777817785161,Sad,0.34857,0.15785,-0.02697,0.31765,0.12112,0.00443,0.08127,0.34721,0.15987,-0.02724,0.3172,0.12139,0.00457,0.08135
368,1777817785194,Sad,0.34853,0.15685,-0.02678,0.3179,0.12121,0.00441,0.08122,0.34761,0.15896,-0.02711,0.31741,0.12134,0.00452,0.08131
369,1777817785227,Sad,0.34929,0.15647,-0.02669,0.31802,0.12122,0.00448,0.08117,0.34811,0.15821,-0.02698,0.31759,0.1213,0.00451,0.08127
370,1777817785261,Sad,0.35053,0.15559,-0.0266,0.31805,0.12146,0.00446,0.08102,0.34884,0.15743,-0.02687,0.31773,0.12135,0.0045,0.08119
371,1777817785296,Sad,0.35149,0.15377,-0.02648,0.31815,0.12148,0.00477,0.08091,0.34963,0.15633,-0.02675,0.31786,0.12139,0.00458,0.08111
372,1777817785361,Sad,0.35053,0.15666,-0.02698,0.31813,0.12168,0.00427,0.08061,0.3499,0.15643,-0.02682,0.31794,0.12148,0.00449,0.08096
373,1777817785395,Sad,0.35033,0.15554,-0.02671,0.31831,0.12181,0.00386,0.08082,0.35003,0.15616,-0.02679,0.31805,0.12158,0.0043,0.08092
374,1777817785461,Sad,0.36033,0.16269,-0.02808,0.31832,0.12025,0.00408,0.08037,0.35312,0.15812,-0.02717,0.31813,0.12118,0.00423,0.08075
375,1777817785495,Sad,0.36487,0.16104,-0.02757,0.31803,0.11984,0.00401,0.08049,0.35665,0.159,-0.02729,0.3181,0.12078,0.00417,0.08067
376,1777817785529,Sad,0.36971,0.16186,-0.02743,0.31802,0.11954,0.00401,0.08073,0.36056,0.15986,-0.02733,0.31808,0.1204,0.00412,0.08069
377,1777817785593,Sad,0.37772,0.16508,-0.02804,0.31804,0.11815,0.0036,0.08121,0.36571,0.16142,-0.02755,0.31807,0.11973,0.00396,0.08085
378,1777817785632,Sad,0.37993,0.16298,-0.02755,0.31811,0.11782,0.0027,0.08164,0.36997,0.16189,-0.02755,0.31808,0.11916,0.00358,0.08108
379,1777817785694,Sad,0.38046,0.16159,-0.02623,0.31673,0.11796,0.00245,0.08182,0.37312,0.1618,-0.02715,0.31767,0.1188,0.00324,0.0813
380,1777817785762,Sad,0.38026,0.1636,-0.02604,0.31726,0.11751,0.00279,0.08173,0.37526,0.16234,-0.02682,0.31755,0.11841,0.00311,0.08143
381,1777817785827,Sad,0.37398,0.16041,-0.0268,0.31731,0.11809,0.00292,0.08155,0.37488,0.16176,-0.02681,0.31748,0.11832,0.00305,0.08147
382,1777817785893,Sad,0.31777,0.16268,-0.02718,0.31947,0.13307,0.00468,0.08213,0.35774,0.16204,-0.02692,0.31807,0.12274,0.00354,0.08167
383,1777817785927,Sad,0.30852,0.16691,-0.02825,0.31993,0.13549,0.00484,0.08103,0.34298,0.1635,-0.02732,0.31863,0.12657,0.00393,0.08147
384,1777817785994,Sad,0.30887,0.16758,-0.02803,0.32132,0.13593,0.00391,0.0824,0.33275,0.16472,-0.02753,0.31944,0.12938,0.00392,0.08175
385,1777817786061,Sad,0.31278,0.1741,-0.02857,0.32089,0.13504,0.00405,0.08251,0.32675,0.16754,-0.02784,0.31987,0.13108,0.00396,0.08198
386,1777817786126,Neutral,0.31314,0.18933,-0.0284,0.31929,0.1343,0.00395,0.08266,0.32267,0.17407,-0.02801,0.3197,0.13204,0.00396,0.08218
387,1777817786193,Neutral,0.31936,0.2033,-0.02894,0.31868,0.13406,0.0042,0.08194,0.32168,0.18284,-0.02829,0.31939,0.13265,0.00403,0.08211
388,1777817786260,Neutral,0.32099,0.212,-0.03015,0.31764,0.134,0.00458,0.08126,0.32147,0.19159,-0.02885,0.31887,0.13305,0.0042,0.08186
389,1777817786328,Neutral,0.32158,0.21872,-0.03068,0.3156,0.13378,0.00468,0.08113,0.3215,0.19973,-0.0294,0.31789,0.13327,0.00434,0.08164
390,1777817786361,Neutral,0.32176,0.21953,-0.03115,0.31537,0.13389,0.00462,0.08094,0.32158,0.20567,-0.02992,0.31713,0.13346,0.00443,0.08143
391,1777817786395,Neutral,0.32147,0.22213,-0.03191,0.31547,0.13445,0.00458,0.08074,0.32155,0.21061,-0.03052,0.31664,0.13375,0.00447,0.08122
392,1777817786461,Neutral,0.32032,0.23053,-0.03344,0.31519,0.13526,0.00447,0.08016,0.32118,0.21658,-0.0314,0.3162,0.1342,0.00447,0.0809
393,1777817786528,Neutral,0.33456,0.23534,-0.03411,0.31359,0.12394,0.00453,0.08011,0.32519,0.22221,-0.03221,0.31542,0.13112,0.00449,0.08067
394,1777817786561,Sad,0.35272,0.23888,-0.03418,0.3125,0.11863,0.00506,0.08014,0.33345,0.22721,-0.0328,0.31454,0.12738,0.00466,0.08051
395,1777817786627,Sad,0.36318,0.24477,-0.034,0.31099,0.11581,0.00558,0.08047,0.34237,0.23248,-0.03316,0.31347,0.12391,0.00494,0.0805
396,1777817786660,Sad,0.36443,0.24523,-0.03333,0.31101,0.1154,0.00551,0.08064,0.34899,0.23631,-0.03321,0.31274,0.12136,0.00511,0.08054
397,1777817786728,Sad,0.36276,0.24967,-0.03384,0.31016,0.11582,0.00524,0.08035,0.35312,0.24032,-0.0334,0.31196,0.11969,0.00515,0.08048
398,1777817786793,Sad,0.36684,0.24709,-0.0337,0.30928,0.11567,0.00548,0.08009,0.35723,0.24235,-0.03349,0.31116,0.11849,0.00525,0.08036
399,1777817786827,Sad,0.36781,0.24797,-0.03383,0.3091,0.11558,0.00533,0.07995,0.36041,0.24403,-0.03359,0.31054,0.11761,0.00527,0.08024
400,1777817786861,Sad,0.3658,0.24634,-0.03388,0.3089,0.11593,0.00553,0.07951,0.36202,0.24473,-0.03368,0.31005,0.11711,0.00535,0.08002
401,1777817786894,Sad,0.36215,0.24531,-0.03401,0.30887,0.11632,0.00559,0.07955,0.36206,0.2449,-0.03378,0.30969,0.11687,0.00542,0.07988
402,1777817786928,Sad,0.36277,0.24531,-0.03393,0.30878,0.11606,0.00577,0.07962,0.36228,0.24502,-0.03383,0.30942,0.11663,0.00553,0.0798
403,1777817786961,Sad,0.36342,0.24483,-0.03399,0.3083,0.11584,0.0058,0.07975,0.36262,0.24497,-0.03388,0.30908,0.11639,0.00561,0.07978
404,1777817786994,Neutral,0.36324,0.24574,-0.03391,0.30805,0.11566,0.00567,0.07948,0.3628,0.2452,-0.03389,0.30878,0.11617,0.00563,0.07969
405,1777817787027,Neutral,0.36402,0.24804,-0.03441,0.30793,0.11575,0.0056,0.07955,0.36317,0.24605,-0.03404,0.30852,0.11605,0.00562,0.07965
406,1777817787061,Neutral,0.36435,0.24642,-0.03409,0.30798,0.11583,0.00549,0.07972,0.36352,0.24616,-0.03406,0.30836,0.11598,0.00558,0.07967
407,1777817787098,Neutral,0.3662,0.24546,-0.0341,0.30809,0.11574,0.00557,0.07989,0.36433,0.24595,-0.03407,0.30828,0.11591,0.00558,0.07974
408,1777817787161,Neutral,0.36812,0.24373,-0.03364,0.30979,0.11592,0.00528,0.08057,0.36546,0.24528,-0.03394,0.30873,0.11591,0.00549,0.07999
409,1777817787225,Neutral,0.36759,0.24553,-0.03368,0.30994,0.11616,0.00495,0.081,0.3661,0.24536,-0.03386,0.30909,0.11598,0.00533,0.08029
410,1777817787260,Neutral,0.36747,0.24749,-0.03368,0.30987,0.11591,0.00453,0.08156,0.36651,0.246,-0.03381,0.30933,0.11596,0.00509,0.08067
411,1777817787294,Neutral,0.36658,0.24812,-0.03359,0.30971,0.11578,0.00441,0.08181,0.36653,0.24663,-0.03374,0.30944,0.11591,0.00488,0.08101
412,1777817787328,Neutral,0.36668,0.24913,-0.03353,0.3095,0.11563,0.0041,0.08203,0.36658,0.24738,-0.03368,0.30946,0.11583,0.00465,0.08132
413,1777817787395,Neutral,0.36742,0.25242,-0.03372,0.30888,0.11507,0.00404,0.0821,0.36683,0.24889,-0.03369,0.30928,0.1156,0.00447,0.08155
414,1777817787460,Neutral,0.36639,0.25562,-0.03378,0.3087,0.11548,0.00412,0.08149,0.3667,0.25091,-0.03372,0.30911,0.11556,0.00436,0.08153
415,1777817787494,Neutral,0.36691,0.25863,-0.03387,0.30859,0.11564,0.00412,0.08149,0.36676,0.25323,-0.03376,0.30895,0.11559,0.00429,0.08152
416,1777817787527,Neutral,0.36573,0.25991,-0.03384,0.30844,0.11581,0.00428,0.0813,0.36645,0.25523,-0.03379,0.3088,0.11566,0.00429,0.08146
417,1777817787562,Neutral,0.36656,0.26218,-0.03393,0.30814,0.11577,0.0041,0.08099,0.36648,0.25732,-0.03383,0.3086,0.11569,0.00423,0.08132
418,1777817787629,Neutral,0.36681,0.26476,-0.0339,0.30704,0.11551,0.00391,0.07986,0.36658,0.25955,-0.03385,0.30813,0.11564,0.00413,0.08088
419,1777817787694,Neutral,0.36601,0.26845,-0.03409,0.30667,0.11517,0.00414,0.07965,0.36641,0.26222,-0.03392,0.3077,0.1155,0.00414,0.08051
420,1777817787727,Neutral,0.36657,0.27014,-0.03407,0.30663,0.11497,0.00425,0.07933,0.36646,0.2646,-0.03397,0.30738,0.11534,0.00417,0.08016
421,1777817787760,Neutral,0.36681,0.27173,-0.03401,0.30665,0.11488,0.0043,0.07923,0.36656,0.26674,-0.03398,0.30716,0.1152,0.00421,0.07988
422,1777817787795,Neutral,0.36701,0.27382,-0.03404,0.30659,0.11486,0.00421,0.07916,0.3667,0.26886,-0.034,0.30699,0.1151,0.00421,0.07966
423,1777817787862,Neutral,0.36541,0.27663,-0.03386,0.30644,0.11489,0.00403,0.07907,0.36631,0.27119,-0.03396,0.30682,0.11504,0.00416,0.07948
424,1777817787927,Neutral,0.36395,0.28638,-0.03387,0.30556,0.1146,0.00404,0.07913,0.3656,0.27575,-0.03393,0.30644,0.11491,0.00412,0.07938
425,1777817787960,Neutral,0.36282,0.29343,-0.03428,0.30507,0.1144,0.00393,0.07922,0.36477,0.28105,-0.03404,0.30603,0.11475,0.00407,0.07933
426,1777817787993,Neutral,0.36158,0.30868,-0.03525,0.3048,0.11425,0.00388,0.07819,0.36381,0.28934,-0.0344,0.30566,0.1146,0.00401,0.07899
427,1777817788027,Neutral,0.36139,0.32122,-0.03566,0.30461,0.11413,0.0038,0.07752,0.36308,0.29891,-0.03478,0.30535,0.11446,0.00395,0.07855
428,1777817788060,Neutral,0.36171,0.33337,-0.03605,0.30482,0.11402,0.00368,0.07739,0.36267,0.30924,-0.03516,0.30519,0.11433,0.00387,0.0782
429,1777817788095,Neutral,0.36311,0.34089,-0.03638,0.3049,0.11385,0.00354,0.07733,0.3628,0.31874,-0.03553,0.3051,0.11418,0.00377,0.07794
430,1777817788160,Neutral,0.36244,0.34888,-0.03668,0.30603,0.11375,0.00349,0.0774,0.36269,0.32778,-0.03587,0.30538,0.11405,0.00368,0.07778
431,1777817788194,Neutral,0.36249,0.35007,-0.0369,0.30627,0.11378,0.00345,0.07765,0.36263,0.33447,-0.03618,0.30565,0.11397,0.00361,0.07774
432,1777817788227,Neutral,0.36329,0.3517,-0.03727,0.30643,0.11369,0.00345,0.07759,0.36283,0.33964,-0.03651,0.30588,0.11389,0.00357,0.0777
433,1777817788261,Neutral,0.36438,0.35497,-0.0376,0.30654,0.11368,0.00342,0.07736,0.3633,0.34424,-0.03683,0.30608,0.11382,0.00352,0.07759
434,1777817788294,Neutral,0.36516,0.35673,-0.03774,0.30665,0.11356,0.00346,0.07751,0.36385,0.34799,-0.03711,0.30625,0.11374,0.0035,0.07757
435,1777817788329,Neutral,0.36545,0.35698,-0.03781,0.30665,0.11351,0.00347,0.07772,0.36433,0.35069,-0.03732,0.30637,0.11367,0.00349,0.07761
436,1777817788394,Neutral,0.3687,0.35956,-0.03833,0.30668,0.11294,0.00348,0.0778,0.36564,0.35335,-0.03762,0.30646,0.11345,0.00349,0.07767
437,1777817788427,Neutral,0.36952,0.36095,-0.03865,0.30661,0.11289,0.00353,0.07758,0.36681,0.35563,-0.03793,0.30651,0.11329,0.0035,0.07764
438,1777817788460,Neutral,0.36984,0.36119,-0.03885,0.30659,0.11284,0.00351,0.07733,0.36772,0.3573,-0.0382,0.30653,0.11315,0.00351,0.07755
439,1777817788494,Neutral,0.36951,0.3619,-0.03898,0.30692,0.11299,0.00355,0.07716,0.36825,0.35868,-0.03844,0.30665,0.1131,0.00352,0.07743
440,1777817788561,Neutral,0.36812,0.35967,-0.03885,0.30713,0.11321,0.00348,0.07717,0.36822,0.35897,-0.03856,0.30679,0.11313,0.00351,0.07735
441,1777817788594,Neutral,0.3681,0.35666,-0.03872,0.30705,0.11302,0.00347,0.07717,0.36818,0.35828,-0.03861,0.30687,0.1131,0.0035,0.0773
442,1777817788627,Neutral,0.36772,0.35187,-0.03805,0.30762,0.1133,0.00328,0.07791,0.36804,0.35636,-0.03844,0.3071,0.11316,0.00343,0.07748
443,1777817788660,Neutral,0.36737,0.34905,-0.03777,0.30779,0.1136,0.00313,0.07872,0.36784,0.35417,-0.03824,0.3073,0.11329,0.00334,0.07785
444,1777817788694,Neutral,0.3648,0.34716,-0.03796,0.30786,0.11401,0.00284,0.07901,0.36693,0.35206,-0.03816,0.30747,0.11351,0.00319,0.0782
445,1777817788728,Neutral,0.36383,0.34407,-0.03807,0.3078,0.11416,0.00251,0.07883,0.366,0.34967,-0.03813,0.30757,0.1137,0.00299,0.07839
446,1777817788794,Neutral,0.36427,0.33854,-0.03861,0.30772,0.11428,0.00114,0.07886,0.36548,0.34633,-0.03827,0.30762,0.11388,0.00243,0.07853
447,1777817788827,Neutral,0.36235,0.33724,-0.03847,0.30774,0.11455,0.00095,0.07924,0.36454,0.3436,-0.03833,0.30765,0.11408,0.00199,0.07874
448,1777817788893,Neutral,0.36377,0.32737,-0.03809,0.309,0.11422,0.00166,0.0792,0.36431,0.33873,-0.03826,0.30806,0.11412,0.00189,0.07888
449,1777817788927,Neutral,0.36233,0.32266,-0.0381,0.30981,0.11449,0.00149,0.07934,0.36371,0.33391,-0.03821,0.30858,0.11423,0.00177,0.07902
450,1777817788960,Neutral,0.36299,0.3167,-0.03803,0.31045,0.11415,0.00164,0.07969,0.3635,0.32875,-0.03816,0.30914,0.11421,0.00173,0.07922
451,1777817788993,Neutral,0.36393,0.30586,-0.03749,0.31199,0.11407,0.00126,0.08058,0.36363,0.32188,-0.03796,0.31,0.11417,0.00159,0.07963
452,1777817789028,Neutral,0.36589,0.2917,-0.03684,0.31286,0.11373,0.00141,0.08078,0.36431,0.31283,-0.03762,0.31086,0.11404,0.00153,0.07997
453,1777817789093,Neutral,0.36317,0.27203,-0.03504,0.31424,0.11464,0.00226,0.08121,0.36396,0.30059,-0.03685,0.31187,0.11422,0.00175,0.08034
454,1777817789127,Neutral,0.3637,0.26701,-0.03475,0.31495,0.11482,0.00204,0.08145,0.36389,0.29052,-0.03622,0.3128,0.1144,0.00184,0.08068
455,1777817789193,Neutral,0.36807,0.25817,-0.03422,0.31587,0.11412,0.00189,0.0813,0.36514,0.28081,-0.03562,0.31372,0.11431,0.00185,0.08086
456,1777817789261,Neutral,0.37326,0.24808,-0.0335,0.31526,0.11371,0.00272,0.08106,0.36758,0.27099,-0.03498,0.31418,0.11413,0.00211,0.08092
457,1777817789293,Neutral,0.37292,0.24302,-0.03302,0.31489,0.11384,0.00308,0.08159,0.36918,0.2626,-0.03439,0.31439,0.11404,0.0024,0.08112
458,1777817789327,Neutral,0.37428,0.23645,-0.03216,0.31493,0.11423,0.00334,0.08154,0.37071,0.25476,-0.03372,0.31455,0.1141,0.00268,0.08125
459,1777817789360,Neutral,0.37651,0.22732,-0.03071,0.3151,0.11404,0.00376,0.082,0.37245,0.24652,-0.03282,0.31472,0.11408,0.00301,0.08147
460,1777817789394,Neutral,0.37927,0.22594,-0.03098,0.31531,0.11375,0.00352,0.08178,0.37449,0.24035,-0.03227,0.3149,0.11398,0.00316,0.08157
461,1777817789427,Neutral,0.37958,0.22245,-0.03105,0.31534,0.11366,0.0035,0.08207,0.37602,0.23498,-0.0319,0.31503,0.11389,0.00326,0.08172
462,1777817789494,Neutral,0.37833,0.22254,-0.03229,0.31508,0.11414,0.00275,0.08176,0.37671,0.23125,-0.03202,0.31504,0.11396,0.00311,0.08173
463,1777817789527,Neutral,0.37745,0.22253,-0.03254,0.3147,0.11415,0.00272,0.08161,0.37693,0.22863,-0.03217,0.31494,0.11402,0.00299,0.08169
464,1777817789593,Neutral,0.37557,0.22173,-0.03253,0.31431,0.11423,0.00262,0.08145,0.37653,0.22656,-0.03228,0.31475,0.11408,0.00288,0.08162
465,1777817789627,Neutral,0.37487,0.22149,-0.03256,0.31385,0.11426,0.0026,0.08148,0.37603,0.22504,-0.03236,0.31448,0.11414,0.0028,0.08158
466,1777817789693,Neutral,0.37562,0.2138,-0.03228,0.31358,0.114,0.00197,0.08144,0.37591,0.22167,-0.03234,0.31421,0.11409,0.00255,0.08154
467,1777817789728,Neutral,0.37683,0.20741,-0.03232,0.31356,0.11401,0.00177,0.08103,0.37618,0.21739,-0.03233,0.31402,0.11407,0.00231,0.08139
468,1777817789793,Neutral,0.37604,0.20266,-0.03227,0.31375,0.11456,0.00166,0.08094,0.37614,0.21297,-0.03231,0.31394,0.11422,0.00212,0.08125
469,1777817789859,Neutral,0.37163,0.18767,-0.03121,0.3147,0.11593,0.00262,0.08071,0.37479,0.20538,-0.03198,0.31417,0.11473,0.00227,0.08109
470,1777817789894,Neutral,0.36862,0.18377,-0.03092,0.31547,0.11797,0.003,0.0805,0.37294,0.1989,-0.03166,0.31456,0.1157,0.00249,0.08091
471,1777817789960,Sad,0.3814,0.1855,-0.03162,0.31783,0.11831,0.00384,0.0809,0.37548,0.19488,-0.03165,0.31554,0.11648,0.0029,0.08091
472,1777817789994,Sad,0.38927,0.1839,-0.03149,0.31831,0.11776,0.00391,0.08073,0.37961,0.19158,-0.0316,0.31637,0.11687,0.0032,0.08085
473,1777817790027,Sad,0.40172,0.1857,-0.03144,0.31833,0.11614,0.00375,0.08102,0.38624,0.18982,-0.03155,0.31696,0.11665,0.00336,0.0809
474,1777817790060,Neutral,0.40998,0.18651,-0.03123,0.3183,0.11504,0.00375,0.08051,0.39337,0.18883,-0.03146,0.31736,0.11617,0.00348,0.08078
475,1777817790093,Fear,0.415,0.18885,-0.03155,0.31817,0.11424,0.0039,0.08066,0.39986,0.18883,-0.03149,0.3176,0.11559,0.00361,0.08075
476,1777817790128,Fear,0.41564,0.18868,-0.03113,0.31819,0.11386,0.00382,0.08055,0.40459,0.18879,-0.03138,0.31778,0.11507,0.00367,0.08069
477,1777817790194,Fear,0.41181,0.18856,-0.03072,0.31778,0.11439,0.0038,0.0812,0.40676,0.18872,-0.03118,0.31778,0.11487,0.00371,0.08084
478,1777817790259,Fear,0.41042,0.19343,-0.03121,0.31721,0.11465,0.00417,0.0815,0.40786,0.19013,-0.03119,0.31761,0.1148,0.00385,0.08104
479,1777817790293,Fear,0.40937,0.19678,-0.03169,0.31751,0.11473,0.00407,0.08115,0.40831,0.19213,-0.03134,0.31758,0.11478,0.00391,0.08107
480,1777817790327,Fear,0.40119,0.19612,-0.03128,0.31701,0.1143,0.00392,0.08118,0.40618,0.19332,-0.03132,0.31741,0.11464,0.00392,0.0811
481,1777817790360,Fear,0.39371,0.1971,-0.03098,0.31662,0.11313,0.00353,0.08109,0.40244,0.19446,-0.03122,0.31717,0.11419,0.0038,0.0811
482,1777817790427,Fear,0.39721,0.19386,-0.03002,0.31553,0.11144,0.00397,0.08087,0.40087,0.19428,-0.03086,0.31668,0.11336,0.00385,0.08103
483,1777817790493,Fear,0.3979,0.19491,-0.02992,0.31462,0.11125,0.00438,0.08132,0.39998,0.19447,-0.03058,0.31606,0.11273,0.00401,0.08112
484,1777817790526,Fear,0.39806,0.19439,-0.03001,0.31473,0.11146,0.00423,0.08116,0.3994,0.19444,-0.03041,0.31566,0.11235,0.00408,0.08113
485,1777817790592,Fear,0.39737,0.19662,-0.03016,0.31449,0.11105,0.00369,0.08093,0.39879,0.1951,-0.03033,0.31531,0.11196,0.00396,0.08107
486,1777817790625,Fear,0.39891,0.19664,-0.03025,0.31418,0.11076,0.00357,0.08118,0.39883,0.19556,-0.03031,0.31497,0.1116,0.00384,0.0811
487,1777817790660,Fear,0.39991,0.19595,-0.02984,0.31403,0.11063,0.00373,0.08143,0.39915,0.19568,-0.03017,0.31469,0.11131,0.00381,0.0812
488,1777817790726,Fear,0.39876,0.19569,-0.03007,0.31348,0.111,0.00381,0.08106,0.39903,0.19568,-0.03014,0.31432,0.11121,0.00381,0.08116
489,1777817790793,Fear,0.39507,0.19842,-0.03066,0.31415,0.11133,0.00403,0.08132,0.39785,0.1965,-0.0303,0.31427,0.11125,0.00387,0.08121
490,1777817790827,Fear,0.39569,0.19611,-0.03018,0.31403,0.1111,0.00386,0.08105,0.3972,0.19638,-0.03026,0.3142,0.1112,0.00387,0.08116
491,1777817790894,Fear,0.39639,0.19278,-0.02971,0.31414,0.11087,0.00401,0.08104,0.39696,0.1953,-0.0301,0.31418,0.1111,0.00391,0.08112
492,1777817790926,Fear,0.39664,0.19188,-0.02946,0.31417,0.11076,0.00418,0.08109,0.39686,0.19427,-0.0299,0.31418,0.111,0.00399,0.08111
493,1777817790991,Neutral,0.39559,0.19207,-0.02876,0.31402,0.11095,0.0042,0.08136,0.39648,0.19361,-0.02956,0.31413,0.11098,0.00405,0.08119
494,1777817791026,Neutral,0.39506,0.19251,-0.02871,0.3141,0.11098,0.00433,0.08139,0.39605,0.19328,-0.02931,0.31412,0.11098,0.00414,0.08125
495,1777817791090,Neutral,0.39344,0.19698,-0.02928,0.31368,0.1114,0.00439,0.08142,0.39527,0.19439,-0.0293,0.31399,0.11111,0.00421,0.0813
496,1777817791127,Neutral,0.39354,0.19715,-0.02918,0.31371,0.1115,0.00439,0.08141,0.39475,0.19522,-0.02926,0.3139,0.11123,0.00427,0.08133
497,1777817791192,Neutral,0.39491,0.19703,-0.02905,0.31387,0.11152,0.00433,0.081,0.3948,0.19576,-0.0292,0.31389,0.11131,0.00429,0.08123
498,1777817791226,Neutral,0.39546,0.19677,-0.02895,0.31419,0.11159,0.00425,0.08067,0.395,0.19607,-0.02912,0.31398,0.1114,0.00427,0.08107
499,1777817791293,Neutral,0.39633,0.1972,-0.02907,0.31489,0.11176,0.00438,0.08043,0.3954,0.19641,-0.02911,0.31425,0.11151,0.00431,0.08087
500,1777817791326,Neutral,0.39667,0.19701,-0.02904,0.3151,0.11171,0.00424,0.08031,0.39578,0.19659,-0.02909,0.31451,0.11157,0.00429,0.0807
501,1777817791360,Neutral,0.39728,0.19661,-0.02882,0.31505,0.11157,0.00406,0.08024,0.39623,0.19659,-0.02901,0.31467,0.11157,0.00422,0.08057
502,1777817791393,Neutral,0.39657,0.19569,-0.02868,0.31529,0.11182,0.00416,0.08011,0.39633,0.19632,-0.02891,0.31486,0.11164,0.0042,0.08043
503,1777817791427,Neutral,0.38291,0.19396,-0.0286,0.31603,0.11427,0.0044,0.0803,0.39231,0.19561,-0.02881,0.31521,0.11243,0.00426,0.08039
504,1777817791493,Sad,0.2973,0.18989,-0.02875,0.31802,0.13253,0.00521,0.08091,0.3638,0.19389,-0.0288,0.31605,0.11846,0.00455,0.08055
505,1777817791526,Sad,0.28265,0.18358,-0.02917,0.31889,0.13638,0.00535,0.0811,0.33946,0.1908,-0.02891,0.3169,0.12384,0.00479,0.08071
506,1777817791594,Neutral,0.2907,0.16667,-0.03055,0.32168,0.13793,0.00586,0.08184,0.32483,0.18356,-0.0294,0.31834,0.12806,0.00511,0.08105
507,1777817791659,Neutral,0.29703,0.11291,-0.02548,0.32434,0.13811,0.0048,0.08206,0.31649,0.16237,-0.02822,0.32014,0.13108,0.00501,0.08135
508,1777817791693,Neutral,0.29861,0.0941,-0.02302,0.3248,0.1382,0.00557,0.08209,0.31112,0.14188,-0.02666,0.32154,0.13321,0.00518,0.08157
509,1777817791726,Neutral,0.30023,0.08544,-0.02206,0.32496,0.13821,0.00614,0.0821,0.30786,0.12495,-0.02528,0.32256,0.13471,0.00547,0.08173
510,1777817791759,Neutral,0.30096,0.07885,-0.02072,0.32538,0.13817,0.00656,0.08232,0.30579,0.11112,-0.02391,0.32341,0.13575,0.0058,0.08191
511,1777817791793,Neutral,0.30181,0.07568,-0.01974,0.32527,0.13802,0.00666,0.08225,0.30459,0.10049,-0.02266,0.32397,0.13643,0.00606,0.08201
512,1777817791827,Neutral,0.30247,0.07851,-0.01954,0.32534,0.13799,0.00638,0.08204,0.30396,0.0939,-0.02172,0.32438,0.1369,0.00615,0.08202
513,1777817791892,Neutral,0.30257,0.07954,-0.01913,0.32427,0.13807,0.00672,0.08202,0.30354,0.08959,-0.02094,0.32435,0.13725,0.00632,0.08202
514,1777817791925,Neutral,0.30282,0.07699,-0.01868,0.32416,0.13816,0.00667,0.08195,0.30333,0.08581,-0.02027,0.32429,0.13752,0.00643,0.082
515,1777817791958,Neutral,0.30275,0.07668,-0.01848,0.32399,0.13824,0.0068,0.08186,0.30315,0.08307,-0.01973,0.3242,0.13774,0.00654,0.08196
516,1777817791992,Neutral,0.30197,0.07631,-0.01818,0.32362,0.13841,0.0068,0.08203,0.3028,0.08104,-0.01927,0.32403,0.13794,0.00662,0.08198
517,1777817792059,Neutral,0.30037,0.07367,-0.0174,0.32368,0.13887,0.00697,0.08243,0.30207,0.07883,-0.01871,0.32392,0.13822,0.00672,0.08211
518,1777817792092,Neutral,0.29984,0.07132,-0.01683,0.32382,0.13888,0.00708,0.08256,0.3014,0.07658,-0.01814,0.32389,0.13842,0.00683,0.08225
519,1777817792126,Neutral,0.29887,0.06867,-0.01626,0.32398,0.13905,0.0072,0.08288,0.30064,0.07421,-0.01758,0.32392,0.13861,0.00694,0.08244
520,1777817792192,Neutral,0.29729,0.07549,-0.01701,0.32381,0.13934,0.0062,0.08317,0.29964,0.07459,-0.01741,0.32389,0.13883,0.00672,0.08266
521,1777817792227,Neutral,0.29712,0.08487,-0.01819,0.32376,0.13849,0.00593,0.08283,0.29888,0.07767,-0.01764,0.32385,0.13873,0.00648,0.08271
522,1777817792292,Neutral,0.33009,0.12167,-0.02137,0.32181,0.13049,0.00607,0.08187,0.30824,0.09087,-0.01876,0.32324,0.13625,0.00636,0.08246
523,1777817792326,Neutral,0.3407,0.13239,-0.02303,0.32131,0.1273,0.00551,0.0815,0.31798,0.10333,-0.02004,0.32266,0.13357,0.0061,0.08217
524,1777817792392,Sad,0.34787,0.16319,-0.02757,0.31972,0.12427,0.00369,0.08194,0.32695,0.12129,-0.0223,0.32178,0.13078,0.00538,0.0821
525,1777817792425,Sad,0.35178,0.17002,-0.02862,0.31821,0.12314,0.00378,0.08167,0.3344,0.13591,-0.02419,0.3207,0.12849,0.0049,0.08197
526,1777817792459,Sad,0.35651,0.17065,-0.02825,0.31698,0.12264,0.00398,0.08151,0.34103,0.14633,-0.02541,0.31959,0.12673,0.00462,0.08183
527,1777817792492,Sad,0.36247,0.1712,-0.02794,0.31574,0.12191,0.00473,0.08178,0.34746,0.15379,-0.02617,0.31843,0.12529,0.00465,0.08182
528,1777817792527,Sad,0.36781,0.17166,-0.02774,0.31569,0.12112,0.00483,0.08208,0.35357,0.15915,-0.02664,0.31761,0.12404,0.00471,0.0819
529,1777817792592,Sad,0.37129,0.17037,-0.02823,0.31536,0.12051,0.00563,0.08136,0.35888,0.16252,-0.02712,0.31693,0.12298,0.00498,0.08174
530,1777817792658,Sad,0.37498,0.16891,-0.02731,0.31422,0.11959,0.00529,0.08216,0.36371,0.16443,-0.02717,0.31612,0.12196,0.00508,0.08186
531,1777817792693,Sad,0.37151,0.16619,-0.02701,0.31403,0.11942,0.00494,0.0826,0.36605,0.16496,-0.02712,0.31549,0.1212,0.00504,0.08208
532,1777817792726,Sad,0.36868,0.16574,-0.02703,0.31407,0.11949,0.00491,0.08283,0.36684,0.16519,-0.0271,0.31506,0.12069,0.005,0.08231
533,1777817792760,Sad,0.37027,0.16447,-0.02649,0.31427,0.12023,0.00501,0.08249,0.36787,0.16498,-0.02691,0.31482,0.12055,0.005,0.08236
534,1777817792825,Sad,0.33902,0.16278,-0.02645,0.31468,0.12806,0.00462,0.08215,0.35921,0.16432,-0.02678,0.31478,0.1228,0.00489,0.0823
535,1777817792858,Sad,0.31873,0.15762,-0.02587,0.31685,0.13468,0.00508,0.082,0.34707,0.16231,-0.0265,0.3154,0.12637,0.00495,0.08221
536,1777817792893,Sad,0.30585,0.1528,-0.02518,0.31805,0.13727,0.00545,0.08254,0.3347,0.15946,-0.0261,0.3162,0.12964,0.0051,0.08231
537,1777817792926,Neutral,0.30152,0.15247,-0.02516,0.31902,0.13792,0.00514,0.08307,0.32475,0.15736,-0.02582,0.31704,0.13212,0.00511,0.08254
538,1777817792993,Neutral,0.30471,0.1589,-0.0267,0.31972,0.13784,0.00464,0.08307,0.31874,0.15782,-0.02608,0.31785,0.13384,0.00497,0.0827
539,1777817793057,Neutral,0.30537,0.15946,-0.02695,0.31964,0.13752,0.0051,0.08295,0.31473,0.15831,-0.02634,0.31838,0.13494,0.00501,0.08277
540,1777817793092,Neutral,0.30746,0.15952,-0.02699,0.31946,0.13719,0.00544,0.08271,0.31255,0.15868,-0.02654,0.31871,0.13562,0.00514,0.08275
541,1777817793126,Neutral,0.30864,0.15956,-0.02706,0.31931,0.13694,0.00579,0.08274,0.31137,0.15894,-0.0267,0.31889,0.13601,0.00533,0.08275
542,1777817793159,Neutral,0.31064,0.15928,-0.027,0.31923,0.13648,0.00579,0.08265,0.31115,0.15904,-0.02679,0.31899,0.13615,0.00547,0.08272
543,1777817793226,Neutral,0.31118,0.15976,-0.02698,0.31909,0.13626,0.00579,0.08264,0.31116,0.15926,-0.02685,0.31902,0.13619,0.00557,0.08269
544,1777817793292,Neutral,0.3113,0.15973,-0.02697,0.3193,0.13682,0.0058,0.08265,0.3112,0.1594,-0.02688,0.31911,0.13637,0.00564,0.08268
545,1777817793325,Neutral,0.31401,0.15994,-0.02697,0.31926,0.13631,0.00581,0.0826,0.31204,0.15956,-0.02691,0.31915,0.13636,0.00569,0.08265
546,1777817793391,Neutral,0.31423,0.1675,-0.02824,0.31756,0.1368,0.0058,0.08336,0.3127,0.16194,-0.02731,0.31868,0.13649,0.00572,0.08287
547,1777817793425,Neutral,0.31373,0.17028,-0.02853,0.31745,0.13602,0.0058,0.08367,0.31301,0.16444,-0.02767,0.31831,0.13635,0.00575,0.08311
548,1777817793459,Neutral,0.31428,0.1737,-0.029,0.31718,0.13577,0.00557,0.08373,0.31339,0.16722,-0.02807,0.31797,0.13617,0.0057,0.08329
549,1777817793492,Neutral,0.31511,0.17506,-0.02915,0.31698,0.13591,0.00572,0.08327,0.31391,0.16957,-0.02839,0.31767,0.1361,0.0057,0.08329
550,1777817793526,Neutral,0.31691,0.1765,-0.02903,0.31664,0.13597,0.00565,0.08324,0.31481,0.17165,-0.02859,0.31736,0.13606,0.00569,0.08327
551,1777817793592,Neutral,0.31744,0.18126,-0.02935,0.31593,0.13621,0.00602,0.08256,0.3156,0.17453,-0.02882,0.31693,0.1361,0.00579,0.08306
552,1777817793625,Neutral,0.31629,0.17748,-0.02867,0.31604,0.13474,0.00633,0.08238,0.31581,0.17542,-0.02877,0.31667,0.13569,0.00595,0.08286
553,1777817793658,Neutral,0.32226,0.17817,-0.02877,0.31594,0.13304,0.00613,0.08248,0.31774,0.17624,-0.02877,0.31645,0.1349,0.006,0.08274
554,1777817793693,Neutral,0.32672,0.17817,-0.02867,0.31611,0.13189,0.0059,0.08251,0.32043,0.17682,-0.02874,0.31635,0.134,0.00597,0.08267
555,1777817793758,Neutral,0.32987,0.17858,-0.02883,0.31648,0.13099,0.006,0.08195,0.32326,0.17735,-0.02877,0.31639,0.13309,0.00598,0.08246
556,1777817793792,Neutral,0.33315,0.17776,-0.02846,0.31666,0.13018,0.00575,0.08216,0.32623,0.17747,-0.02868,0.31647,0.13222,0.00591,0.08237
557,1777817793825,Sad,0.34104,0.17679,-0.02809,0.31655,0.12864,0.00559,0.08222,0.33067,0.17727,-0.0285,0.31649,0.13115,0.00582,0.08232
558,1777817793859,Sad,0.35732,0.1767,-0.02794,0.31633,0.12552,0.00557,0.08236,0.33867,0.17709,-0.02833,0.31645,0.12946,0.00574,0.08233
559,1777817793892,Sad,0.37907,0.1774,-0.02776,0.3162,0.12124,0.00553,0.08228,0.35079,0.17719,-0.02816,0.31637,0.12699,0.00568,0.08232
560,1777817793957,Sad,0.41187,0.17983,-0.02772,0.31479,0.1153,0.00505,0.08191,0.36911,0.17798,-0.02803,0.3159,0.12349,0.00549,0.08219
561,1777817793992,Sad,0.41809,0.18118,-0.02788,0.31428,0.11424,0.00491,0.08176,0.38381,0.17894,-0.02798,0.31541,0.12071,0.00532,0.08206
562,1777817794025,Sad,0.42122,0.18244,-0.02798,0.31438,0.11373,0.00467,0.08198,0.39503,0.17999,-0.02798,0.31511,0.11862,0.00512,0.08204
563,1777817794058,Fear,0.42354,0.1833,-0.02804,0.31441,0.11342,0.00455,0.08196,0.40358,0.18098,-0.028,0.3149,0.11706,0.00495,0.08202
564,1777817794092,Fear,0.42419,0.18536,-0.02839,0.31442,0.11337,0.00437,0.08175,0.40976,0.1823,-0.02812,0.31476,0.11595,0.00478,0.08194
565,1777817794159,Fear,0.42281,0.18765,-0.02881,0.31455,0.11368,0.00407,0.0812,0.41368,0.1839,-0.02832,0.31469,0.11527,0.00456,0.08171
566,1777817794192,Fear,0.42196,0.18864,-0.0291,0.3149,0.11373,0.004,0.0811,0.41616,0.18532,-0.02856,0.31475,0.11481,0.00439,0.08153
567,1777817794225,Fear,0.42037,0.18916,-0.0292,0.31514,0.11393,0.00395,0.08124,0.41743,0.18647,-0.02875,0.31487,0.11454,0.00426,0.08144
568,1777817794258,Fear,0.4049,0.18895,-0.02892,0.31487,0.11376,0.00388,0.08154,0.41367,0.18722,-0.0288,0.31487,0.11431,0.00415,0.08147
569,1777817794291,Fear,0.40238,0.18874,-0.02884,0.31448,0.11258,0.00379,0.08148,0.41028,0.18768,-0.02881,0.31475,0.11379,0.00404,0.08148
570,1777817794326,Fear,0.40358,0.18882,-0.02869,0.31389,0.1114,0.00359,0.08161,0.40827,0.18802,-0.02878,0.3145,0.11307,0.0039,0.08152
571,1777817794392,Fear,0.40271,0.1887,-0.02843,0.31318,0.11122,0.00336,0.08123,0.4066,0.18822,-0.02867,0.3141,0.11252,0.00374,0.08143
572,1777817794425,Fear,0.40276,0.18907,-0.02843,0.31297,0.11092,0.00334,0.08122,0.40545,0.18848,-0.0286,0.31376,0.11204,0.00362,0.08137
573,1777817794458,Fear,0.40339,0.18982,-0.02852,0.3129,0.11061,0.00333,0.08133,0.40483,0.18888,-0.02858,0.3135,0.11161,0.00353,0.08136
574,1777817794491,Fear,0.40414,0.19097,-0.02878,0.31284,0.11028,0.00329,0.08126,0.40463,0.18951,-0.02864,0.3133,0.11121,0.00346,0.08133
575,1777817794524,Fear,0.40601,0.1913,-0.02895,0.31282,0.10988,0.0032,0.08114,0.40504,0.19005,-0.02873,0.31316,0.11081,0.00338,0.08127
576,1777817794558,Fear,0.4073,0.19119,-0.02907,0.31299,0.1097,0.0033,0.08101,0.40572,0.19039,-0.02883,0.31311,0.11048,0.00336,0.08119
577,1777817794624,Fear,0.40858,0.19085,-0.02922,0.31308,0.10953,0.00344,0.08116,0.40658,0.19053,-0.02895,0.3131,0.11019,0.00338,0.08118
578,1777817794657,Fear,0.40946,0.19069,-0.02921,0.31295,0.10941,0.00358,0.08105,0.40744,0.19058,-0.02903,0.31305,0.10996,0.00344,0.08114
579,1777817794691,Fear,0.40998,0.19128,-0.02931,0.31308,0.10939,0.00338,0.08087,0.4082,0.19079,-0.02911,0.31306,0.10979,0.00342,0.08106
580,1777817794725,Fear,0.40974,0.1921,-0.02928,0.31306,0.10944,0.00326,0.08074,0.40866,0.19118,-0.02916,0.31306,0.10968,0.00337,0.08097
581,1777817794791,Fear,0.40981,0.19385,-0.02961,0.31284,0.10935,0.00329,0.08076,0.40901,0.19198,-0.0293,0.31299,0.10958,0.00335,0.0809
582,1777817794858,Fear,0.40975,0.19224,-0.02933,0.31249,0.10937,0.00334,0.08055,0.40923,0.19206,-0.02931,0.31284,0.10952,0.00334,0.0808
583,1777817794891,Fear,0.40902,0.19133,-0.02913,0.31257,0.1095,0.00341,0.08053,0.40917,0.19184,-0.02925,0.31276,0.10951,0.00337,0.08072
584,1777817794924,Fear,0.40806,0.1915,-0.02908,0.3126,0.10966,0.00346,0.08063,0.40884,0.19174,-0.0292,0.31271,0.10956,0.00339,0.08069
585,1777817794958,Fear,0.40626,0.1907,-0.02896,0.31264,0.10994,0.00369,0.0803,0.40806,0.19143,-0.02913,0.31269,0.10967,0.00348,0.08057
586,1777817794992,Fear,0.40583,0.19004,-0.02888,0.31263,0.11017,0.00399,0.08003,0.40739,0.19101,-0.02905,0.31267,0.10982,0.00364,0.08041
587,1777817795057,Fear,0.40459,0.18656,-0.02839,0.31273,0.11073,0.00367,0.07974,0.40655,0.18968,-0.02885,0.31269,0.11009,0.00364,0.08021
588,1777817795090,Fear,0.40436,0.18663,-0.02853,0.31292,0.11081,0.00368,0.07961,0.40589,0.18876,-0.02876,0.31276,0.11031,0.00366,0.08003
589,1777817795156,Fear,0.40248,0.18934,-0.02863,0.31287,0.11127,0.0037,0.08017,0.40487,0.18894,-0.02872,0.31279,0.1106,0.00367,0.08007
590,1777817795222,Fear,0.40339,0.19024,-0.02877,0.31282,0.1112,0.00375,0.08016,0.40443,0.18933,-0.02873,0.3128,0.11078,0.00369,0.0801
591,1777817795258,Fear,0.40341,0.19112,-0.02897,0.31272,0.11117,0.00381,0.07994,0.40412,0.18987,-0.0288,0.31278,0.1109,0.00373,0.08005
592,1777817795326,Fear,0.40317,0.19118,-0.02923,0.31265,0.11124,0.00389,0.07986,0.40383,0.19026,-0.02893,0.31274,0.111,0.00378,0.07999
593,1777817795391,Fear,0.40165,0.19116,-0.02916,0.31315,0.11155,0.00402,0.08029,0.40318,0.19053,-0.029,0.31286,0.11116,0.00385,0.08008
594,1777817795424,Fear,0.4011,0.19126,-0.02914,0.31318,0.11163,0.00397,0.08056,0.40256,0.19075,-0.02904,0.31296,0.1113,0.00389,0.08023
595,1777817795457,Fear,0.40065,0.19123,-0.02912,0.31301,0.11164,0.00391,0.08074,0.40198,0.19089,-0.02907,0.31297,0.1114,0.00389,0.08038
596,1777817795491,Fear,0.40042,0.19083,-0.0291,0.313,0.11165,0.00391,0.08066,0.40152,0.19087,-0.02907,0.31298,0.11148,0.0039,0.08046
597,1777817795524,Fear,0.40046,0.19083,-0.02909,0.31299,0.11177,0.00393,0.08069,0.4012,0.19086,-0.02908,0.31299,0.11157,0.00391,0.08053
598,1777817795559,Fear,0.40098,0.19103,-0.02909,0.31264,0.11185,0.00396,0.08068,0.40113,0.19091,-0.02908,0.31288,0.11165,0.00392,0.08058
599,1777817795625,Fear,0.40377,0.19549,-0.02943,0.31259,0.11169,0.00392,0.08114,0.40192,0.19228,-0.02919,0.31279,0.11166,0.00392,0.08074
600,1777817795657,Fear,0.40398,0.19634,-0.0296,0.31246,0.11166,0.00383,0.08144,0.40254,0.1935,-0.02931,0.31269,0.11166,0.00389,0.08095
601,1777817795691,Fear,0.40427,0.19276,-0.02918,0.31234,0.11218,0.0038,0.08167,0.40306,0.19328,-0.02927,0.31259,0.11182,0.00387,0.08117
602,1777817795725,Fear,0.4069,0.19481,-0.02951,0.31214,0.11197,0.00331,0.08151,0.40421,0.19374,-0.02934,0.31245,0.11186,0.0037,0.08127
603,1777817795792,Fear,0.4073,0.19344,-0.02976,0.31056,0.1117,0.00374,0.08133,0.40514,0.19365,-0.02947,0.31188,0.11181,0.00371,0.08129
604,1777817795857,Fear,0.4035,0.18868,-0.02907,0.31028,0.11305,0.00285,0.08138,0.40465,0.19216,-0.02935,0.3114,0.11218,0.00345,0.08131
605,1777817795890,Fear,0.40352,0.18978,-0.02877,0.31104,0.11288,0.00295,0.08081,0.40431,0.19145,-0.02918,0.3113,0.11239,0.0033,0.08116
606,1777817795957,Fear,0.39826,0.19161,-0.02865,0.31047,0.11394,0.00354,0.08155,0.4025,0.19149,-0.02902,0.31105,0.11286,0.00337,0.08128
607,1777817795991,Fear,0.39627,0.19176,-0.02881,0.3107,0.11375,0.00347,0.08138,0.40063,0.19157,-0.02896,0.31094,0.11313,0.0034,0.08131
608,1777817796025,Fear,0.39626,0.19056,-0.02879,0.31121,0.11347,0.00372,0.08111,0.39932,0.19127,-0.0289,0.31102,0.11323,0.0035,0.08125
609,1777817796057,Fear,0.39527,0.18967,-0.02846,0.31127,0.11338,0.00375,0.08096,0.3981,0.19079,-0.02877,0.3111,0.11328,0.00357,0.08116
610,1777817796091,Fear,0.3956,0.19212,-0.02841,0.31142,0.11331,0.00345,0.08136,0.39735,0.19119,-0.02866,0.31119,0.11329,0.00354,0.08122
611,1777817796155,Fear,0.39757,0.19533,-0.02938,0.31095,0.11338,0.00337,0.08146,0.39742,0.19243,-0.02888,0.31112,0.11331,0.00349,0.08129
612,1777817796191,Fear,0.39535,0.19522,-0.02915,0.31112,0.11322,0.00303,0.08182,0.3968,0.19327,-0.02896,0.31112,0.11329,0.00335,0.08145
613,1777817796224,Neutral,0.39545,0.19691,-0.02976,0.31117,0.11286,0.00262,0.08186,0.39639,0.19436,-0.0292,0.31113,0.11316,0.00313,0.08157
614,1777817796258,Neutral,0.3966,0.19705,-0.02986,0.31086,0.11278,0.0027,0.08182,0.39646,0.19517,-0.0294,0.31105,0.11305,0.003,0.08165
615,1777817796324,Fear,0.39675,0.1924,-0.02961,0.31057,0.11248,0.00325,0.08204,0.39654,0.19434,-0.02946,0.31091,0.11288,0.00308,0.08177
616,1777817796357,Neutral,0.39552,0.19327,-0.02949,0.31066,0.11222,0.00295,0.08181,0.39624,0.19402,-0.02947,0.31083,0.11268,0.00304,0.08178
617,1777817796391,Neutral,0.39397,0.19147,-0.02911,0.31126,0.11233,0.00312,0.0816,0.39556,0.19326,-0.02936,0.31096,0.11257,0.00306,0.08172
618,1777817796424,Neutral,0.39282,0.19037,-0.02908,0.31182,0.11227,0.00337,0.08136,0.39474,0.19239,-0.02928,0.31122,0.11248,0.00316,0.08161
619,1777817796457,Neutral,0.39228,0.19003,-0.02904,0.31223,0.11232,0.0034,0.08122,0.394,0.19168,-0.02921,0.31152,0.11243,0.00323,0.0815
620,1777817796491,Neutral,0.39232,0.18975,-0.02899,0.31253,0.11233,0.00341,0.08123,0.39349,0.1911,-0.02914,0.31182,0.1124,0.00328,0.08142
621,1777817796524,Neutral,0.39205,0.19005,-0.02904,0.31248,0.11231,0.00342,0.08128,0.39306,0.19079,-0.02911,0.31202,0.11237,0.00333,0.08138
622,1777817796557,Neutral,0.39203,0.19068,-0.0292,0.31247,0.11243,0.00341,0.08128,0.39275,0.19075,-0.02914,0.31215,0.11239,0.00335,0.08135
623,1777817796591,Neutral,0.39289,0.19207,-0.02948,0.31238,0.11223,0.00338,0.0813,0.39279,0.19115,-0.02924,0.31222,0.11234,0.00336,0.08133
624,1777817796624,Neutral,0.39321,0.19367,-0.0298,0.31225,0.1122,0.00331,0.08127,0.39292,0.19191,-0.02941,0.31223,0.1123,0.00335,0.08131
625,1777817796658,Neutral,0.39331,0.1953,-0.02997,0.31189,0.11228,0.00304,0.08124,0.39304,0.19292,-0.02958,0.31213,0.11229,0.00325,0.08129
626,1777817796691,Neutral,0.39679,0.19625,-0.02975,0.31171,0.11189,0.00325,0.08149,0.39416,0.19392,-0.02963,0.312,0.11217,0.00325,0.08135
627,1777817796725,Fear,0.40389,0.19772,-0.02976,0.31176,0.1109,0.00327,0.08155,0.39708,0.19506,-0.02967,0.31193,0.11179,0.00326,0.08141
628,1777817796791,Fear,0.40819,0.19918,-0.02983,0.31144,0.11031,0.00367,0.0812,0.40041,0.1963,-0.02972,0.31178,0.11135,0.00338,0.08135
629,1777817796823,Fear,0.40895,0.19885,-0.02953,0.31144,0.10993,0.00394,0.0808,0.40297,0.19706,-0.02966,0.31168,0.11092,0.00355,0.08118
630,1777817796857,Fear,0.40631,0.20234,-0.03067,0.31196,0.11027,0.00421,0.0807,0.40397,0.19865,-0.02997,0.31177,0.11073,0.00375,0.08104
631,1777817796891,Fear,0.40394,0.20508,-0.03143,0.31205,0.111,0.00409,0.08069,0.40396,0.20058,-0.03041,0.31185,0.11081,0.00385,0.08093
632,1777817796958,Fear,0.402,0.20137,-0.03051,0.31167,0.11093,0.00397,0.08075,0.40337,0.20081,-0.03044,0.3118,0.11085,0.00389,0.08088
633,1777817797023,Fear,0.40044,0.19826,-0.03015,0.31166,0.11175,0.00422,0.08108,0.40249,0.20005,-0.03035,0.31176,0.11112,0.00399,0.08094
634,1777817797057,Fear,0.39947,0.19998,-0.03055,0.31184,0.11181,0.00447,0.08081,0.40159,0.20003,-0.03041,0.31178,0.11132,0.00413,0.0809
635,1777817797122,Fear,0.39759,0.20124,-0.03058,0.31182,0.11221,0.00457,0.08125,0.40039,0.20039,-0.03046,0.31179,0.11159,0.00426,0.08101
636,1777817797155,Fear,0.39633,0.20033,-0.03062,0.31208,0.1125,0.00448,0.08091,0.39917,0.20037,-0.03051,0.31188,0.11186,0.00433,0.08098
637,1777817797191,Fear,0.39533,0.20044,-0.03051,0.31212,0.11263,0.00418,0.08078,0.39802,0.20039,-0.03051,0.31195,0.11209,0.00428,0.08092
638,1777817797256,Fear,0.39426,0.19903,-0.02984,0.31288,0.11255,0.00386,0.08083,0.39689,0.19999,-0.03031,0.31223,0.11223,0.00416,0.08089
639,1777817797290,Neutral,0.39354,0.19773,-0.0293,0.3131,0.11276,0.00419,0.08078,0.39588,0.19931,-0.03001,0.31249,0.11239,0.00417,0.08086
640,1777817797324,Neutral,0.39314,0.19699,-0.02904,0.31321,0.11287,0.00425,0.08075,0.39506,0.19861,-0.02972,0.31271,0.11253,0.00419,0.08083
641,1777817797358,Neutral,0.39327,0.19543,-0.02877,0.31417,0.11283,0.00427,0.08065,0.39452,0.19766,-0.02943,0.31315,0.11262,0.00421,0.08077
642,1777817797391,Neutral,0.39351,0.19428,-0.02858,0.31431,0.11278,0.00432,0.08054,0.39422,0.19665,-0.02918,0.31349,0.11267,0.00425,0.0807
643,1777817797456,Neutral,0.39372,0.19256,-0.02831,0.31472,0.1128,0.0045,0.0805,0.39407,0.19542,-0.02892,0.31386,0.11271,0.00432,0.08064
644,1777817797489,Neutral,0.39333,0.19244,-0.02842,0.31488,0.11288,0.00445,0.08052,0.39385,0.19453,-0.02877,0.31417,0.11276,0.00436,0.08061
645,1777817797524,Neutral,0.39264,0.19217,-0.02864,0.31505,0.11292,0.00447,0.08044,0.39349,0.19382,-0.02873,0.31443,0.11281,0.00439,0.08056
646,1777817797591,Neutral,0.39179,0.19143,-0.02855,0.31488,0.1129,0.00459,0.08046,0.39298,0.1931,-0.02867,0.31457,0.11284,0.00445,0.08053
647,1777817797658,Neutral,0.3896,0.18993,-0.02932,0.31457,0.11323,0.00447,0.08026,0.39196,0.19215,-0.02887,0.31457,0.11296,0.00446,0.08045
648,1777817797723,Neutral,0.36522,0.16673,-0.02674,0.31592,0.11756,0.00338,0.08133,0.38394,0.18453,-0.02823,0.31497,0.11434,0.00413,0.08071
649,1777817797757,Sad,0.294,0.12588,-0.02264,0.31844,0.13305,0.00273,0.08215,0.35696,0.16693,-0.02655,0.31601,0.11995,0.00371,0.08114
650,1777817797790,Neutral,0.12656,0.08907,-0.01753,0.32013,0.16468,0.00541,0.08358,0.28784,0.14357,-0.02385,0.31725,0.13337,0.00422,0.08188
651,1777817797825,Neutral,0.06645,0.05054,-0.01212,0.32118,0.17613,0.00572,0.08457,0.22142,0.11566,-0.02033,0.31843,0.1462,0.00467,0.08268
652,1777817797923,Neutral,0.16319,0.00605,-0.00472,0.32766,0.16308,0.00347,0.08647,0.20395,0.08278,-0.01564,0.3212,0.15126,0.00431,0.08382
653,1777817797956,Neutral,0.18295,0.00168,-0.00413,0.33524,0.16024,0.00469,0.08589,0.19765,0.05845,-0.01219,0.32541,0.15395,0.00442,0.08444
654,1777817797990,Neutral,0.20402,0.00328,-0.0039,0.34174,0.15793,0.00407,0.08552,0.19956,0.0419,-0.0097,0.33031,0.15515,0.00432,0.08477
655,1777817798023,Neutral,0.227,0.00309,-0.00446,0.34554,0.1538,0.00386,0.0854,0.20779,0.03026,-0.00813,0.33488,0.15474,0.00418,0.08496
656,1777817798090,Neutral,0.25706,0.00369,-0.00208,0.34656,0.15021,0.00384,0.08471,0.22257,0.02229,-0.00632,0.33838,0.15338,0.00408,0.08488
657,1777817798125,Neutral,0.26196,0.00688,-0.00114,0.347,0.14984,0.0041,0.08377,0.23439,0.01766,-0.00476,0.34097,0.15232,0.00408,0.08455
658,1777817798190,Neutral,0.27318,0.01236,-0.00062,0.35361,0.14582,0.00508,0.08477,0.24603,0.01607,-0.00352,0.34476,0.15037,0.00438,0.08461
659,1777817798223,Neutral,0.27707,0.01429,-0.00012,0.35381,0.1456,0.0044,0.08418,0.25534,0.01554,-0.0025,0.34747,0.14894,0.00439,0.08448
660,1777817798257,Neutral,0.28139,0.01371,4e-05,0.35221,0.14438,0.00404,0.08453,0.26315,0.01499,-0.00174,0.34889,0.14757,0.00428,0.0845
661,1777817798291,Neutral,0.28302,0.01373,0.00012,0.35146,0.14439,0.00406,0.08399,0.26911,0.01461,-0.00118,0.34966,0.14662,0.00421,0.08434
662,1777817798358,Neutral,0.28075,0.01285,8e-05,0.34975,0.14484,0.00405,0.08414,0.2726,0.01408,-0.0008,0.34969,0.14608,0.00417,0.08428
663,1777817798422,Neutral,0.2972,0.00759,-0.00069,0.34965,0.14234,0.00519,0.08494,0.27998,0.01214,-0.00077,0.34968,0.14496,0.00447,0.08448
664,1777817798457,Neutral,0.29462,0.0068,-0.00012,0.3493,0.14244,0.00521,0.08527,0.28437,0.01053,-0.00057,0.34957,0.14421,0.0047,0.08472
665,1777817798521,Neutral,0.29252,0.00576,-0.00093,0.34942,0.14268,0.00507,0.08499,0.28682,0.0091,-0.00068,0.34952,0.14375,0.00481,0.0848
666,1777817798554,Neutral,0.29176,0.00531,-0.0013,0.34931,0.14249,0.0052,0.08497,0.2883,0.00797,-0.00087,0.34946,0.14337,0.00493,0.08485
667,1777817798591,Neutral,0.29138,0.00481,-0.00192,0.34914,0.14222,0.00512,0.08494,0.28922,0.00702,-0.00118,0.34936,0.14303,0.00498,0.08488
668,1777817798657,Neutral,0.28977,0.00407,-0.00332,0.349,0.13727,0.00558,0.08537,0.28939,0.00613,-0.00183,0.34925,0.1413,0.00516,0.08502
669,1777817798690,Neutral,0.2865,0.00382,-0.00372,0.34848,0.13182,0.00547,0.08597,0.28852,0.00544,-0.00239,0.34902,0.13845,0.00525,0.08531
670,1777817798723,Neutral,0.27944,0.00372,-0.00413,0.34823,0.12416,0.0054,0.08686,0.2858,0.00492,-0.00292,0.34878,0.13416,0.0053,0.08578
671,1777817798757,Neutral,0.27603,0.00354,-0.0047,0.34771,0.11145,0.00476,0.08758,0.28287,0.00451,-0.00345,0.34846,0.12735,0.00514,0.08632
672,1777817798823,Neutral,0.28854,0.00407,-0.00513,0.34522,0.09652,0.00536,0.08802,0.28457,0.00438,-0.00396,0.34749,0.1181,0.0052,0.08683
673,1777817798856,Neutral,0.29355,0.00524,-0.00503,0.34449,0.09184,0.00487,0.08691,0.28726,0.00464,-0.00428,0.34659,0.11022,0.0051,0.08685
674,1777817798890,Neutral,0.29609,0.00501,-0.00509,0.34438,0.08865,0.00473,0.08765,0.28991,0.00475,-0.00452,0.34593,0.10375,0.00499,0.08709
675,1777817798923,Neutral,0.29803,0.00487,-0.00486,0.34446,0.08605,0.00466,0.08837,0.29235,0.00478,-0.00462,0.34549,0.09844,0.00489,0.08747
676,1777817798957,Neutral,0.30063,0.00502,-0.00437,0.3443,0.08396,0.0049,0.08843,0.29483,0.00486,-0.00455,0.34513,0.0941,0.0049,0.08776
677,1777817798991,Neutral,0.30172,0.00462,-0.00463,0.34445,0.0824,0.00491,0.08834,0.2969,0.00479,-0.00457,0.34493,0.09059,0.0049,0.08794
678,1777817799057,Neutral,0.30562,0.00507,-0.00407,0.34446,0.07988,0.00429,0.08809,0.29952,0.00487,-0.00442,0.34478,0.08737,0.00472,0.08798
679,1777817799123,Neutral,0.3109,0.00276,-0.00481,0.34445,0.07821,0.00283,0.08824,0.30293,0.00424,-0.00454,0.34468,0.08463,0.00415,0.08806
680,1777817799156,Neutral,0.31262,0.00366,-0.00458,0.34443,0.07749,0.00369,0.08778,0.30584,0.00406,-0.00455,0.34461,0.08248,0.00401,0.08798
681,1777817799190,Neutral,0.31171,0.00385,-0.00408,0.34434,0.07764,0.0036,0.08767,0.3076,0.004,-0.00441,0.34453,0.08103,0.00389,0.08788
682,1777817799223,Neutral,0.31319,0.00401,-0.00398,0.34447,0.07789,0.0042,0.08753,0.30928,0.004,-0.00428,0.34451,0.08009,0.00398,0.08778
683,1777817799256,Neutral,0.31167,0.00407,-0.00416,0.34474,0.0779,0.00449,0.08755,0.31,0.00402,-0.00424,0.34458,0.07943,0.00413,0.08771
684,1777817799291,Neutral,0.31251,0.00447,-0.00447,0.34461,0.07792,0.00458,0.08793,0.31075,0.00416,-0.00431,0.34459,0.07898,0.00427,0.08777
685,1777817799356,Neutral,0.32095,0.00313,-0.00386,0.34426,0.07709,0.00457,0.08892,0.31381,0.00385,-0.00418,0.34449,0.07841,0.00436,0.08812
686,1777817799390,Neutral,0.3215,0.00331,-0.00375,0.34395,0.07749,0.00457,0.08889,0.31612,0.00369,-0.00405,0.34433,0.07814,0.00442,0.08835
687,1777817799422,Neutral,0.31934,0.00322,-0.00382,0.34389,0.07769,0.00477,0.08981,0.31709,0.00355,-0.00398,0.3442,0.078,0.00453,0.08879
688,1777817799457,Neutral,0.32179,0.00306,-0.00401,0.34349,0.07766,0.00479,0.0899,0.3185,0.0034,-0.00399,0.34398,0.0779,0.00461,0.08912
689,1777817799523,Neutral,0.32368,0.00322,-0.00395,0.34294,0.07796,0.00575,0.08989,0.32005,0.00335,-0.00398,0.34367,0.07792,0.00495,0.08935
690,1777817799589,Neutral,0.32381,0.0032,-0.00397,0.34227,0.07807,0.00532,0.08986,0.32118,0.0033,-0.00398,0.34325,0.07796,0.00506,0.0895
691,1777817799622,Neutral,0.32392,0.00353,-0.00337,0.342,0.07822,0.00516,0.08974,0.322,0.00337,-0.0038,0.34287,0.07804,0.00509,0.08958
692,1777817799656,Neutral,0.32435,0.00311,-0.00328,0.34196,0.07857,0.00508,0.08956,0.32271,0.00329,-0.00364,0.3426,0.0782,0.00509,0.08957
693,1777817799690,Neutral,0.3249,0.00319,-0.00326,0.34226,0.07861,0.00512,0.08949,0.32336,0.00326,-0.00352,0.3425,0.07832,0.0051,0.08955
694,1777817799757,Neutral,0.32531,0.00325,-0.0034,0.34214,0.07872,0.00534,0.08902,0.32395,0.00326,-0.00349,0.34239,0.07844,0.00517,0.08939
695,1777817799821,Neutral,0.32542,0.00316,-0.00331,0.3423,0.07873,0.00544,0.08904,0.32439,0.00323,-0.00343,0.34236,0.07853,0.00525,0.08929
696,1777817799855,Neutral,0.32491,0.00322,-0.00329,0.34219,0.07873,0.00542,0.089,0.32454,0.00323,-0.00339,0.34231,0.07859,0.0053,0.0892
697,1777817799889,Neutral,0.32534,0.00328,-0.00325,0.34206,0.0787,0.00538,0.08902,0.32478,0.00324,-0.00335,0.34224,0.07862,0.00532,0.08915
698,1777817799923,Neutral,0.32754,0.00355,-0.00326,0.34197,0.0788,0.00535,0.08886,0.32561,0.00334,-0.00332,0.34216,0.07868,0.00533,0.08906
699,1777817799956,Angry,0.32854,0.00335,-0.00342,0.3418,0.07877,0.00539,0.08879,0.32649,0.00334,-0.00335,0.34205,0.0787,0.00535,0.08898
700,1777817799990,Angry,0.32931,0.0034,-0.00351,0.34152,0.07892,0.00568,0.08851,0.32734,0.00336,-0.0034,0.34189,0.07877,0.00545,0.08884
701,1777817800055,Angry,0.33582,0.00437,-0.00331,0.34072,0.07903,0.0058,0.08829,0.32988,0.00366,-0.00337,0.34154,0.07885,0.00555,0.08867
702,1777817800089,Angry,0.33543,0.00389,-0.00328,0.3407,0.07969,0.00563,0.08824,0.33155,0.00373,-0.00334,0.34129,0.0791,0.00558,0.08854
703,1777817800122,Angry,0.33582,0.00384,-0.00322,0.34078,0.08037,0.00588,0.08822,0.33283,0.00376,-0.00331,0.34113,0.07948,0.00567,0.08845
704,1777817800155,Angry,0.33442,0.00404,-0.00323,0.34083,0.08145,0.0061,0.08828,0.33331,0.00384,-0.00328,0.34104,0.08007,0.0058,0.0884
705,1777817800189,Angry,0.33099,0.00422,-0.00328,0.34077,0.08319,0.00591,0.08847,0.33261,0.00396,-0.00328,0.34096,0.08101,0.00583,0.08842
706,1777817800223,Angry,0.32545,0.00397,-0.00367,0.34105,0.08492,0.0059,0.08868,0.33046,0.00396,-0.0034,0.34099,0.08218,0.00585,0.0885
707,1777817800256,Angry,0.32396,0.00369,-0.00388,0.3414,0.08594,0.00572,0.08826,0.32851,0.00388,-0.00354,0.34111,0.08331,0.00581,0.08843
708,1777817800322,Angry,0.32511,0.00345,-0.0039,0.34167,0.08684,0.00563,0.0878,0.32749,0.00375,-0.00365,0.34128,0.08437,0.00576,0.08824
709,1777817800356,Neutral,0.32411,0.00325,-0.00396,0.34173,0.08711,0.0057,0.08762,0.32648,0.0036,-0.00374,0.34141,0.08519,0.00574,0.08805
710,1777817800390,Neutral,0.32401,0.00296,-0.00402,0.34155,0.08714,0.00589,0.08735,0.32574,0.00341,-0.00383,0.34145,0.08578,0.00579,0.08784
711,1777817800457,Neutral,0.32538,0.00258,-0.0041,0.34175,0.08644,0.00575,0.08719,0.32563,0.00316,-0.00391,0.34154,0.08598,0.00578,0.08765
712,1777817800521,Neutral,0.32679,0.00262,-0.00411,0.34175,0.08555,0.00566,0.08732,0.32598,0.003,-0.00397,0.3416,0.08585,0.00574,0.08755
713,1777817800555,Neutral,0.32726,0.00264,-0.0041,0.34155,0.08513,0.00554,0.08732,0.32636,0.00289,-0.00401,0.34159,0.08563,0.00568,0.08748
714,1777817800622,Neutral,0.32548,0.00263,-0.00408,0.34143,0.08451,0.00546,0.08736,0.3261,0.00281,-0.00403,0.34154,0.0853,0.00562,0.08744
715,1777817800656,Neutral,0.32577,0.00261,-0.00408,0.34122,0.08415,0.00543,0.08741,0.326,0.00275,-0.00405,0.34144,0.08495,0.00556,0.08743
716,1777817800690,Neutral,0.32586,0.00262,-0.00404,0.34102,0.08396,0.00538,0.08742,0.32596,0.00272,-0.00404,0.34132,0.08465,0.00551,0.08743
717,1777817800756,Angry,0.32854,0.00241,-0.00398,0.34108,0.08386,0.0055,0.08736,0.32673,0.00262,-0.00402,0.34125,0.08442,0.00551,0.08741
718,1777817800789,Angry,0.32888,0.0024,-0.00388,0.34106,0.08518,0.00547,0.08728,0.32738,0.00256,-0.00398,0.34119,0.08465,0.0055,0.08737
719,1777817800856,Angry,0.32972,0.00218,-0.00389,0.3414,0.08777,0.00564,0.08709,0.32808,0.00244,-0.00395,0.34125,0.08558,0.00554,0.08729
720,1777817800889,Angry,0.33022,0.00205,-0.00392,0.34217,0.08837,0.00582,0.08703,0.32872,0.00232,-0.00394,0.34153,0.08642,0.00562,0.08721
721,1777817800923,Angry,0.33048,0.00214,-0.00412,0.34271,0.08786,0.00574,0.08695,0.32925,0.00227,-0.004,0.34188,0.08685,0.00566,0.08713
722,1777817800956,Angry,0.32932,0.00215,-0.0041,0.34342,0.08743,0.00572,0.08694,0.32927,0.00223,-0.00403,0.34234,0.08702,0.00568,0.08708
723,1777817800989,Angry,0.32654,0.00219,-0.004,0.34367,0.08522,0.00571,0.08702,0.32845,0.00222,-0.00402,0.34274,0.08648,0.00569,0.08706
724,1777817801055,Neutral,0.32178,0.00224,-0.00357,0.34373,0.0811,0.00517,0.08705,0.32645,0.00223,-0.00388,0.34304,0.08487,0.00553,0.08705
725,1777817801089,Neutral,0.31972,0.00232,-0.00343,0.34364,0.07974,0.00502,0.08719,0.32443,0.00226,-0.00375,0.34322,0.08333,0.00538,0.0871
726,1777817801155,Neutral,0.31807,0.00238,-0.00312,0.34341,0.0783,0.00485,0.08738,0.32252,0.00229,-0.00356,0.34328,0.08182,0.00522,0.08718
727,1777817801221,Neutral,0.31988,0.00281,-0.00297,0.34359,0.07666,0.0046,0.08738,0.32173,0.00245,-0.00338,0.34337,0.08027,0.00503,0.08724
728,1777817801255,Neutral,0.32147,0.00279,-0.00309,0.3433,0.07618,0.00478,0.08722,0.32165,0.00255,-0.0033,0.34335,0.07904,0.00496,0.08723
729,1777817801289,Neutral,0.32443,0.00275,-0.0032,0.34321,0.0756,0.00486,0.08725,0.32248,0.00261,-0.00327,0.34331,0.07801,0.00493,0.08724
730,1777817801322,Neutral,0.32643,0.00274,-0.00296,0.34316,0.07521,0.00495,0.0872,0.32367,0.00265,-0.00318,0.34326,0.07717,0.00493,0.08723
731,1777817801355,Neutral,0.32917,0.0027,-0.0029,0.34316,0.07477,0.00496,0.08727,0.32532,0.00266,-0.00309,0.34323,0.07645,0.00494,0.08724
732,1777817801390,Neutral,0.32822,0.00299,-0.00282,0.34333,0.07476,0.00505,0.08726,0.32619,0.00276,-0.00301,0.34326,0.07594,0.00498,0.08725
733,1777817801455,Neutral,0.32712,0.00389,-0.00283,0.34341,0.07483,0.00483,0.08716,0.32647,0.0031,-0.00296,0.34331,0.07561,0.00493,0.08722
734,1777817801489,Angry,0.32895,0.00398,-0.0028,0.34347,0.07462,0.00485,0.08718,0.32721,0.00336,-0.00291,0.34336,0.07531,0.00491,0.08721
735,1777817801555,Angry,0.33024,0.00381,-0.0027,0.34373,0.07487,0.00465,0.08753,0.32812,0.0035,-0.00285,0.34347,0.07518,0.00483,0.08731
736,1777817801588,Angry,0.33082,0.00372,-0.00255,0.34369,0.07503,0.00456,0.08758,0.32893,0.00357,-0.00276,0.34354,0.07513,0.00475,0.08739
737,1777817801622,Angry,0.33003,0.00366,-0.00228,0.34373,0.07518,0.00458,0.08758,0.32926,0.00359,-0.00261,0.34359,0.07515,0.0047,0.08745
738,1777817801655,Angry,0.32877,0.00357,-0.00222,0.34376,0.0753,0.00466,0.08752,0.32911,0.00359,-0.0025,0.34364,0.07519,0.00469,0.08747
739,1777817801689,Angry,0.3276,0.00339,-0.00215,0.34366,0.07534,0.00491,0.08748,0.32866,0.00353,-0.00239,0.34365,0.07524,0.00475,0.08747
740,1777817801722,Angry,0.32687,0.00336,-0.00213,0.34361,0.07518,0.00514,0.08738,0.32812,0.00348,-0.00231,0.34364,0.07522,0.00487,0.08744
741,1777817801755,Angry,0.32644,0.00321,-0.00225,0.34359,0.07513,0.00524,0.08717,0.32762,0.0034,-0.00229,0.34362,0.07519,0.00498,0.08736
742,1777817801820,Angry,0.32589,0.00331,-0.0022,0.34339,0.07504,0.00511,0.08721,0.3271,0.00337,-0.00227,0.34355,0.07515,0.00502,0.08731
743,1777817801856,Angry,0.3255,0.00325,-0.00217,0.34341,0.07502,0.00517,0.08721,0.32662,0.00334,-0.00224,0.34351,0.07511,0.00506,0.08728
744,1777817801889,Neutral,0.3239,0.00319,-0.00228,0.34333,0.07507,0.00519,0.08722,0.3258,0.00329,-0.00225,0.34345,0.0751,0.0051,0.08726
745,1777817801955,Neutral,0.32361,0.0028,-0.00256,0.34338,0.07517,0.0053,0.08712,0.32515,0.00314,-0.00234,0.34343,0.07512,0.00516,0.08722
746,1777817801989,Neutral,0.32312,0.00265,-0.00264,0.34291,0.07516,0.00534,0.08722,0.32454,0.003,-0.00243,0.34327,0.07513,0.00521,0.08722
747,1777817802022,Neutral,0.32311,0.00267,-0.00264,0.34252,0.07517,0.00535,0.08723,0.32411,0.0029,-0.00249,0.34305,0.07514,0.00525,0.08722
748,1777817802056,Neutral,0.32284,0.00266,-0.00269,0.34245,0.07516,0.0054,0.08721,0.32373,0.00283,-0.00255,0.34287,0.07515,0.0053,0.08722
749,1777817802090,Neutral,0.32287,0.00263,-0.00278,0.34247,0.07505,0.00519,0.08725,0.32347,0.00277,-0.00262,0.34275,0.07512,0.00527,0.08723
750,1777817802155,Neutral,0.32189,0.00291,-0.0035,0.34369,0.07507,0.00483,0.08768,0.323,0.00281,-0.00288,0.34303,0.0751,0.00514,0.08736
751,1777817802189,Neutral,0.31699,0.00298,-0.00332,0.34372,0.07619,0.0049,0.08813,0.3212,0.00286,-0.00301,0.34324,0.07543,0.00507,0.08759
752,1777817802256,Neutral,0.18684,0.0023,-0.0042,0.34399,0.10182,0.00519,0.0895,0.28089,0.00269,-0.00337,0.34346,0.08335,0.0051,0.08817
753,1777817802322,Neutral,0.03676,0.00271,-0.00409,0.3422,0.13724,0.00517,0.08986,0.20765,0.0027,-0.00359,0.34308,0.09951,0.00512,0.08868
754,1777817802355,Neutral,0.03286,0.00282,-0.00407,0.34286,0.13899,0.00514,0.08991,0.15521,0.00274,-0.00373,0.34302,0.11136,0.00513,0.08905
755,1777817802420,Neutral,0.12358,0.00276,-0.00401,0.34561,0.13272,0.00505,0.08946,0.14572,0.00274,-0.00382,0.34379,0.11777,0.0051,0.08917
756,1777817802453,Neutral,0.16213,0.00276,-0.00392,0.34729,0.13261,0.00493,0.08938,0.15064,0.00275,-0.00385,0.34484,0.12222,0.00505,0.08923
757,1777817802488,Neutral,0.19926,0.00248,-0.00416,0.34857,0.13119,0.00397,0.08874,0.16523,0.00267,-0.00394,0.34596,0.12491,0.00473,0.08909
758,1777817802555,Neutral,0.25593,0.00165,-0.00605,0.34577,0.12783,0.00352,0.08808,0.19244,0.00236,-0.00457,0.3459,0.12579,0.00437,0.08878
759,1777817802588,Neutral,0.27953,0.00181,-0.00595,0.34694,0.1271,0.0037,0.08771,0.21857,0.0022,-0.00499,0.34621,0.12618,0.00417,0.08846
760,1777817802621,Neutral,0.28573,0.00194,-0.00583,0.34831,0.12697,0.00357,0.08759,0.23871,0.00212,-0.00524,0.34684,0.12642,0.00399,0.0882
761,1777817802655,Neutral,0.29146,0.0022,-0.00643,0.34817,0.12522,0.00368,0.08654,0.25454,0.00214,-0.0056,0.34724,0.12606,0.00389,0.0877
762,1777817802688,Neutral,0.28962,0.00197,-0.00637,0.34878,0.12411,0.00325,0.08653,0.26506,0.00209,-0.00583,0.3477,0.12547,0.0037,0.08735
763,1777817802722,Neutral,0.29175,0.00198,-0.00641,0.35032,0.12415,0.00291,0.08665,0.27307,0.00205,-0.006,0.34849,0.12507,0.00346,0.08714
764,1777817802755,Neutral,0.29263,0.00192,-0.00642,0.3506,0.12413,0.00281,0.08698,0.27894,0.00201,-0.00613,0.34912,0.12479,0.00327,0.08709
765,1777817802821,Neutral,0.29501,0.00194,-0.00601,0.34866,0.12432,0.00306,0.08702,0.28376,0.00199,-0.00609,0.34898,0.12465,0.0032,0.08707
766,1777817802854,Neutral,0.29099,0.00175,-0.00607,0.34984,0.1254,0.00293,0.08688,0.28593,0.00192,-0.00609,0.34924,0.12487,0.00312,0.08701
767,1777817802888,Neutral,0.29141,0.00214,-0.00609,0.34638,0.1259,0.00286,0.08762,0.28757,0.00198,-0.00609,0.34838,0.12518,0.00304,0.08719
768,1777817802921,Neutral,0.2924,0.00231,-0.00561,0.3447,0.12567,0.00218,0.08698,0.28902,0.00208,-0.00594,0.34728,0.12533,0.00278,0.08713
769,1777817802956,Neutral,0.29581,0.00218,-0.00529,0.34483,0.12583,0.00237,0.08703,0.29106,0.00211,-0.00575,0.34654,0.12548,0.00266,0.0871
770,1777817803021,Neutral,0.29902,0.00175,-0.00585,0.34515,0.12537,0.00261,0.08637,0.29345,0.002,-0.00578,0.34612,0.12544,0.00265,0.08688
771,1777817803054,Neutral,0.30078,0.00167,-0.00583,0.34497,0.12499,0.00267,0.08615,0.29564,0.0019,-0.00579,0.34578,0.12531,0.00265,0.08666
772,1777817803089,Neutral,0.30211,0.00151,-0.00579,0.34423,0.12477,0.00266,0.08646,0.29758,0.00178,-0.00579,0.34531,0.12515,0.00266,0.0866
773,1777817803155,Neutral,0.30279,0.00147,-0.0057,0.34401,0.12489,0.00291,0.0866,0.29915,0.00169,-0.00576,0.34492,0.12507,0.00273,0.0866
774,1777817803190,Neutral,0.30224,0.00146,-0.00576,0.34427,0.12507,0.00292,0.0866,0.30007,0.00162,-0.00576,0.34473,0.12507,0.00279,0.0866
775,1777817803256,Neutral,0.30725,0.0017,-0.00528,0.34497,0.12654,0.00416,0.086,0.30223,0.00164,-0.00562,0.3448,0.12551,0.0032,0.08642
776,1777817803320,Neutral,0.31227,0.00222,-0.00526,0.34528,0.12733,0.00443,0.08488,0.30524,0.00182,-0.00551,0.34494,0.12606,0.00357,0.08596
777,1777817803355,Neutral,0.31434,0.00197,-0.00555,0.34548,0.12765,0.00458,0.08498,0.30797,0.00186,-0.00552,0.34511,0.12654,0.00387,0.08566
778,1777817803388,Neutral,0.30722,0.00165,-0.00578,0.34612,0.12666,0.00444,0.08524,0.30774,0.0018,-0.0056,0.34541,0.12657,0.00404,0.08554
779,1777817803455,Neutral,0.3287,0.00205,-0.00445,0.34365,0.11996,0.00378,0.0863,0.31403,0.00188,-0.00525,0.34488,0.12459,0.00396,0.08577
780,1777817803489,Neutral,0.33984,0.00189,-0.00521,0.34484,0.11703,0.00299,0.08577,0.32177,0.00188,-0.00524,0.34487,0.12232,0.00367,0.08577
781,1777817803554,Sad,0.34407,0.00179,-0.00641,0.34668,0.11615,0.0023,0.08579,0.32846,0.00185,-0.00559,0.34541,0.12047,0.00326,0.08577
782,1777817803587,Sad,0.34526,0.0016,-0.0069,0.34771,0.11542,0.00214,0.08589,0.3335,0.00178,-0.00598,0.3461,0.11895,0.00292,0.08581
783,1777817803621,Sad,0.35058,0.00147,-0.00733,0.3485,0.11502,0.00305,0.0857,0.33863,0.00168,-0.00639,0.34682,0.11777,0.00296,0.08578
784,1777817803655,Sad,0.35048,0.00189,-0.00683,0.34746,0.11402,0.00402,0.08571,0.34218,0.00175,-0.00652,0.34701,0.11665,0.00328,0.08576
785,1777817803688,Neutral,0.35879,0.00198,-0.00658,0.34643,0.11371,0.00385,0.08561,0.34717,0.00182,-0.00654,0.34684,0.11577,0.00345,0.08571
786,1777817803722,Neutral,0.35864,0.002,-0.00632,0.34518,0.11349,0.00336,0.08625,0.35061,0.00187,-0.00647,0.34634,0.11508,0.00342,0.08587
787,1777817803787,Neutral,0.36161,0.00197,-0.0065,0.34422,0.11318,0.00362,0.08583,0.35391,0.0019,-0.00648,0.34571,0.11451,0.00348,0.08586
788,1777817803821,Neutral,0.36522,0.00203,-0.00618,0.34362,0.1123,0.00328,0.08599,0.3573,0.00194,-0.00639,0.34508,0.11385,0.00342,0.0859
789,1777817803855,Neutral,0.36704,0.00211,-0.00623,0.34347,0.11195,0.00298,0.08602,0.36022,0.00199,-0.00634,0.3446,0.11328,0.00329,0.08594
790,1777817803889,Neutral,0.36617,0.002,-0.00618,0.34317,0.11207,0.00297,0.0861,0.36201,0.002,-0.00629,0.34417,0.11292,0.00319,0.08599
791,1777817803956,Neutral,0.36445,0.00185,-0.00625,0.34299,0.11258,0.00328,0.08654,0.36274,0.00195,-0.00628,0.34382,0.11282,0.00322,0.08615
792,1777817804020,Neutral,0.36829,0.00189,-0.00677,0.34299,0.11146,0.0031,0.08673,0.3644,0.00193,-0.00643,0.34357,0.11241,0.00318,0.08632
793,1777817804055,Neutral,0.36631,0.00193,-0.00677,0.34244,0.11184,0.00283,0.08668,0.36498,0.00193,-0.00653,0.34323,0.11224,0.00308,0.08643
794,1777817804088,Neutral,0.36451,0.00186,-0.00684,0.34253,0.11216,0.00302,0.08661,0.36484,0.00191,-0.00662,0.34302,0.11221,0.00306,0.08648
795,1777817804121,Neutral,0.3551,0.00189,-0.00686,0.343,0.11437,0.00315,0.08646,0.36191,0.0019,-0.00669,0.34301,0.11286,0.00309,0.08648
796,1777817804154,Neutral,0.24089,0.00244,-0.00662,0.34306,0.1376,0.0038,0.08694,0.32561,0.00206,-0.00667,0.34303,0.12028,0.0033,0.08662
797,1777817804189,Neutral,0.05713,0.00257,-0.00646,0.34163,0.17126,0.00402,0.0873,0.24506,0.00222,-0.00661,0.34261,0.13558,0.00352,0.08682
798,1777817804254,Neutral,0.09714,0.00295,-0.00637,0.34151,0.16576,0.0045,0.08747,0.20069,0.00244,-0.00653,0.34228,0.14463,0.00381,0.08702
799,1777817804288,Neutral,0.14487,0.00296,-0.00638,0.3417,0.15874,0.00452,0.08743,0.18394,0.00259,-0.00649,0.34211,0.14886,0.00402,0.08714
800,1777817804355,Neutral,0.1735,0.00288,-0.00626,0.34281,0.15564,0.00417,0.08732,0.18081,0.00268,-0.00642,0.34232,0.1509,0.00407,0.0872
801,1777817804388,Neutral,0.18313,0.00266,-0.00626,0.3439,0.15367,0.00411,0.08729,0.18151,0.00267,-0.00637,0.34279,0.15173,0.00408,0.08722
802,1777817804421,Neutral,0.20071,0.0025,-0.00629,0.34496,0.15037,0.00398,0.08725,0.18727,0.00262,-0.00635,0.34344,0.15132,0.00405,0.08723
803,1777817804454,Neutral,0.22057,0.00233,-0.00627,0.34552,0.14684,0.00375,0.08721,0.19726,0.00253,-0.00632,0.34407,0.14998,0.00396,0.08722
804,1777817804488,Neutral,0.23278,0.00225,-0.00628,0.34617,0.14473,0.00356,0.08719,0.20791,0.00245,-0.00631,0.3447,0.1484,0.00384,0.08722
805,1777817804554,Neutral,0.2514,0.00201,-0.00633,0.34676,0.14179,0.00335,0.08682,0.22096,0.00232,-0.00632,0.34531,0.14642,0.00369,0.0871
806,1777817804588,Neutral,0.25902,0.00191,-0.00633,0.34684,0.14086,0.00331,0.0866,0.23238,0.00219,-0.00632,0.34577,0.14475,0.00358,0.08695
807,1777817804654,Neutral,0.26909,0.00185,-0.00637,0.34692,0.13923,0.00341,0.08668,0.24339,0.00209,-0.00634,0.34612,0.1431,0.00353,0.08687
808,1777817804688,Neutral,0.274,0.00184,-0.00641,0.34668,0.13845,0.00337,0.08658,0.25258,0.00201,-0.00636,0.34629,0.1417,0.00348,0.08678
809,1777817804721,Neutral,0.27741,0.00184,-0.00648,0.34615,0.1378,0.00336,0.08654,0.26003,0.00196,-0.0064,0.34625,0.14053,0.00345,0.08671
810,1777817804754,Neutral,0.2815,0.00199,-0.00645,0.34535,0.13684,0.00334,0.08656,0.26647,0.00197,-0.00641,0.34598,0.13943,0.00341,0.08666
811,1777817804788,Neutral,0.29034,0.00208,-0.00646,0.3445,0.13471,0.00343,0.08656,0.27363,0.002,-0.00643,0.34553,0.13801,0.00342,0.08663
812,1777817804821,Neutral,0.29656,0.0021,-0.00642,0.34407,0.13304,0.00353,0.08647,0.28051,0.00203,-0.00642,0.34509,0.13652,0.00345,0.08658
813,1777817804854,Neutral,0.30143,0.00211,-0.0064,0.34367,0.13171,0.00345,0.08644,0.28679,0.00205,-0.00642,0.34467,0.13508,0.00345,0.08654
814,1777817804889,Neutral,0.3054,0.00213,-0.00633,0.34224,0.13091,0.0033,0.08639,0.29237,0.00208,-0.00639,0.34394,0.13382,0.0034,0.08649
815,1777817804954,Neutral,0.30805,0.00206,-0.00627,0.3411,0.1301,0.00328,0.08642,0.29707,0.00207,-0.00636,0.34309,0.13271,0.00337,0.08647
816,1777817805019,Neutral,0.30865,0.003,-0.00429,0.33956,0.12915,0.00245,0.08781,0.30055,0.00235,-0.00574,0.34203,0.13164,0.00309,0.08687
817,1777817805052,Neutral,0.30871,0.00342,0.00023,0.33949,0.12831,0.0021,0.09224,0.303,0.00267,-0.00395,0.34127,0.13064,0.00279,0.08849
818,1777817805087,Neutral,0.30527,0.00503,0.00767,0.33783,0.12839,0.00048,0.09984,0.30368,0.00338,-0.00046,0.34024,0.12997,0.0021,0.09189
819,1777817805121,Neutral,0.25425,0.00752,0.01464,0.33167,0.13945,0.0011,0.10873,0.28885,0.00462,0.00407,0.33767,0.13281,0.0018,0.09694
820,1777817805154,Neutral,0.13462,0.00671,0.01884,0.32805,0.16031,0.00012,0.11613,0.24258,0.00525,0.0085,0.33478,0.14106,0.0013,0.1027
821,1777817805188,Happy,0.08345,0.00333,0.02008,0.32773,0.16929,0.0035,0.11794,0.19484,0.00467,0.01197,0.33267,0.14953,0.00196,0.10727
822,1777817805220,Happy,0.07263,0.00158,0.0208,0.33044,0.17006,0.00538,0.11804,0.15818,0.00375,0.01462,0.332,0.15569,0.00298,0.1105
823,1777817805285,Happy,0.1339,0.00299,0.02095,0.34259,0.1631,0.00478,0.11422,0.15089,0.00352,0.01652,0.33518,0.15791,0.00352,0.11162
824,1777817805319,Happy,0.17039,0.00431,0.02098,0.35483,0.15474,0.00569,0.1121,0.15674,0.00375,0.01786,0.34107,0.15696,0.00417,0.11176
825,1777817805354,Happy,0.20562,0.00472,0.02148,0.36181,0.14681,0.007,0.11173,0.17141,0.00404,0.01895,0.34729,0.15392,0.00502,0.11175
826,1777817805420,Happy,0.07611,0.00463,0.02509,0.3636,0.17195,0.01015,0.11104,0.14282,0.00422,0.02079,0.35219,0.15933,0.00656,0.11154
827,1777817805453,Happy,0.04198,0.00489,0.02618,0.36552,0.18007,0.01054,0.11104,0.11257,0.00442,0.02241,0.35619,0.16555,0.00775,0.11139
828,1777817805487,Happy,0.05222,0.00479,0.02736,0.36635,0.17774,0.00997,0.11171,0.09446,0.00453,0.02389,0.35923,0.16921,0.00842,0.11149
829,1777817805521,Happy,0.08512,0.00461,0.02842,0.36704,0.17355,0.0096,0.11208,0.09166,0.00456,0.02525,0.36158,0.17051,0.00877,0.11166
830,1777817805554,Happy,0.12478,0.00443,0.02947,0.36795,0.16677,0.00928,0.11214,0.10159,0.00452,0.02651,0.36349,0.16939,0.00892,0.11181
831,1777817805588,Happy,0.17457,0.00422,0.03047,0.36822,0.15916,0.00908,0.11127,0.12349,0.00443,0.0277,0.36491,0.16632,0.00897,0.11165
832,1777817805653,Happy,0.23328,0.00454,0.03246,0.37061,0.15199,0.00903,0.10918,0.15642,0.00446,0.02913,0.36662,0.16202,0.00899,0.11091
833,1777817805687,Happy,0.25269,0.00477,0.03337,0.37166,0.14959,0.00896,0.10839,0.1853,0.00456,0.0304,0.36813,0.15829,0.00898,0.11015
834,1777817805720,Happy,0.26642,0.00505,0.03408,0.37254,0.14781,0.00887,0.10802,0.20964,0.00471,0.03151,0.36945,0.15515,0.00895,0.10951
835,1777817805755,Happy,0.27585,0.00522,0.03485,0.37342,0.14678,0.00865,0.10793,0.2295,0.00486,0.03251,0.37064,0.15264,0.00886,0.10904
836,1777817805820,Happy,0.2916,0.00543,0.03471,0.37381,0.14536,0.00634,0.10701,0.24813,0.00503,0.03317,0.37159,0.15046,0.0081,0.10843
837,1777817805854,Happy,0.297,0.00531,0.03518,0.37445,0.14437,0.00616,0.10704,0.26279,0.00511,0.03377,0.37245,0.14863,0.00752,0.10801
838,1777817805887,Happy,0.30076,0.00501,0.03556,0.37516,0.14302,0.00647,0.10708,0.27418,0.00508,0.03431,0.37326,0.14695,0.0072,0.10773
839,1777817805953,Happy,0.30587,0.00484,0.03604,0.3762,0.14119,0.00675,0.10759,0.28369,0.00501,0.03483,0.37414,0.14522,0.00707,0.10769
840,1777817805988,Happy,0.30671,0.00467,0.03595,0.37658,0.14048,0.00687,0.10781,0.2906,0.00491,0.03517,0.37487,0.1438,0.00701,0.10773
841,1777817806054,Happy,0.30834,0.00405,0.03569,0.37835,0.13981,0.0064,0.10652,0.29592,0.00465,0.03532,0.37592,0.1426,0.00683,0.10737
842,1777817806087,Happy,0.31048,0.00392,0.03563,0.37812,0.13934,0.00613,0.10639,0.30029,0.00443,0.03542,0.37658,0.14162,0.00662,0.10707
843,1777817806153,Happy,0.31511,0.00346,0.03532,0.37833,0.13816,0.00585,0.10628,0.30473,0.00414,0.03539,0.3771,0.14058,0.00639,0.10684
844,1777817806187,Happy,0.31737,0.00312,0.0346,0.37893,0.13756,0.00532,0.10673,0.30852,0.00383,0.03515,0.37765,0.13968,0.00607,0.1068
845,1777817806287,Happy,0.31455,0.00182,0.03016,0.38025,0.13697,0.00187,0.10231,0.31033,0.00323,0.03365,0.37843,0.13886,0.00481,0.10546
846,1777817806320,Happy,0.31687,0.00254,0.02858,0.38143,0.13686,0.00059,0.09959,0.31229,0.00302,0.03213,0.37933,0.13826,0.00354,0.10369
847,1777817806353,Happy,0.32046,0.00323,0.02757,0.38436,0.13667,0.00155,0.0971,0.31474,0.00309,0.03076,0.38084,0.13778,0.00295,0.10172
848,1777817806387,Happy,0.32082,0.00271,0.02494,0.38631,0.13655,0.00189,0.09401,0.31657,0.00297,0.02902,0.38248,0.13741,0.00263,0.09941
849,1777817806454,Happy,0.32035,0.00168,0.02277,0.39188,0.13711,0.00065,0.08911,0.3177,0.00258,0.02714,0.3853,0.13732,0.00204,0.09632
850,1777817806487,Happy,0.31606,0.0028,0.0227,0.3962,0.13713,0.00193,0.08726,0.31721,0.00265,0.02581,0.38857,0.13726,0.002,0.0936
851,1777817806520,Happy,0.31467,0.00201,0.02356,0.39772,0.13736,0.00179,0.08794,0.31645,0.00246,0.02513,0.39132,0.13729,0.00194,0.0919
852,1777817806554,Happy,0.31164,0.00222,0.02477,0.39955,0.13713,0.00184,0.08848,0.31501,0.00239,0.02503,0.39379,0.13724,0.00191,0.09088
853,1777817806586,Happy,0.31276,0.00177,0.02454,0.40139,0.13664,0.00294,0.08779,0.31433,0.0022,0.02488,0.39607,0.13706,0.00222,0.08995
854,1777817806619,Happy,0.31424,0.00173,0.02509,0.40164,0.13635,0.0026,0.08723,0.3143,0.00206,0.02494,0.39774,0.13685,0.00233,0.08913
855,1777817806653,Happy,0.31359,0.00244,0.02545,0.40226,0.13625,0.00309,0.08685,0.31409,0.00217,0.0251,0.3991,0.13667,0.00256,0.08845
856,1777817806688,Happy,0.31378,0.00265,0.02558,0.40243,0.13604,0.0035,0.08698,0.314,0.00232,0.02524,0.4001,0.13648,0.00284,0.08801
857,1777817806754,Happy,0.31409,0.00201,0.02623,0.40322,0.13552,0.00329,0.08685,0.31402,0.00222,0.02554,0.40103,0.13619,0.00298,0.08766
858,1777817806787,Happy,0.31507,0.00192,0.02623,0.4035,0.13485,0.00294,0.08683,0.31434,0.00213,0.02574,0.40177,0.13579,0.00296,0.08741
859,1777817806820,Happy,0.31497,0.00206,0.02641,0.40409,0.13471,0.00259,0.0867,0.31453,0.00211,0.02594,0.40247,0.13546,0.00285,0.0872
860,1777817806854,Happy,0.31498,0.00215,0.0267,0.40484,0.13445,0.00225,0.08659,0.31466,0.00212,0.02617,0.40318,0.13516,0.00267,0.08702
861,1777817806887,Happy,0.31625,0.00218,0.02687,0.40464,0.13423,0.00227,0.08659,0.31514,0.00214,0.02638,0.40362,0.13488,0.00255,0.08689
862,1777817806920,Happy,0.31787,0.00211,0.02691,0.40466,0.13387,0.00213,0.08662,0.31596,0.00213,0.02654,0.40393,0.13458,0.00242,0.08681
863,1777817806953,Happy,0.31817,0.00213,0.02692,0.40439,0.13372,0.00201,0.08662,0.31662,0.00213,0.02665,0.40407,0.13432,0.0023,0.08675
864,1777817806988,Happy,0.31798,0.00217,0.02694,0.40434,0.13349,0.00198,0.08671,0.31703,0.00214,0.02674,0.40415,0.13407,0.0022,0.08674
865,1777817807053,Happy,0.31726,0.00205,0.02703,0.40425,0.13394,0.0022,0.08725,0.3171,0.00211,0.02683,0.40418,0.13403,0.0022,0.08689
866,1777817807087,Happy,0.31376,0.00184,0.027,0.40414,0.13474,0.00219,0.08734,0.3161,0.00203,0.02688,0.40417,0.13425,0.0022,0.08703
867,1777817807154,Happy,0.11261,0.00132,0.02634,0.40194,0.17074,0.00308,0.08854,0.25505,0.00182,0.02672,0.4035,0.14519,0.00246,0.08748
868,1777817807186,Happy,0.0362,0.0015,0.02447,0.4006,0.18649,0.00317,0.08821,0.1894,0.00172,0.02604,0.40263,0.15758,0.00268,0.0877
869,1777817807220,Happy,0.02577,0.00129,0.02062,0.3965,0.18868,0.00306,0.08319,0.14031,0.00159,0.02441,0.40079,0.16691,0.00279,0.08635
870,1777817807253,Happy,0.05238,0.00188,0.01744,0.3918,0.1822,0.00291,0.0798,0.11393,0.00168,0.02232,0.3981,0.1715,0.00283,0.08438
871,1777817807286,Happy,0.08247,0.00311,0.01484,0.38626,0.17728,0.00337,0.07798,0.10449,0.00211,0.02008,0.39454,0.17323,0.00299,0.08246
872,1777817807319,Happy,0.14186,0.00459,0.01282,0.38179,0.16694,0.0037,0.07618,0.1157,0.00285,0.0179,0.39072,0.17135,0.0032,0.08058
873,1777817807353,Happy,0.19063,0.00538,0.01221,0.37844,0.15882,0.00432,0.07547,0.13818,0.00361,0.01619,0.38703,0.16759,0.00354,0.07905
874,1777817807387,Happy,0.22512,0.00581,0.01146,0.37708,0.15311,0.00498,0.07507,0.16426,0.00427,0.01477,0.38405,0.16325,0.00397,0.07785
875,1777817807454,Happy,0.2562,0.00617,0.01105,0.37347,0.14792,0.00493,0.07525,0.19185,0.00484,0.01366,0.38088,0.15865,0.00426,0.07707
876,1777817807518,Happy,0.2725,0.00658,0.01057,0.37204,0.14523,0.00458,0.07497,0.21604,0.00536,0.01273,0.37823,0.15462,0.00435,0.07644
877,1777817807552,Happy,0.27762,0.00676,0.01015,0.37125,0.14439,0.00456,0.07548,0.23452,0.00578,0.01196,0.37613,0.15155,0.00442,0.07615
878,1777817807585,Happy,0.27931,0.00688,0.0097,0.37081,0.14426,0.0044,0.07541,0.24795,0.00611,0.01128,0.37454,0.14936,0.00441,0.07593
879,1777817807619,Happy,0.28033,0.00682,0.00909,0.3708,0.14399,0.00389,0.07552,0.25767,0.00632,0.01062,0.37342,0.14775,0.00426,0.07581
880,1777817807653,Neutral,0.28185,0.00682,0.00792,0.36903,0.14375,0.00353,0.07505,0.26492,0.00647,0.00981,0.3721,0.14655,0.00404,0.07558
881,1777817807687,Neutral,0.28447,0.00696,0.00588,0.36471,0.14324,0.00421,0.07515,0.27079,0.00662,0.00863,0.36988,0.14556,0.00409,0.07545
882,1777817807753,Neutral,0.28733,0.00706,0.00141,0.35509,0.14241,0.00633,0.07448,0.27575,0.00675,0.00647,0.36545,0.14461,0.00476,0.07516
883,1777817807786,Neutral,0.28827,0.00727,-0.00233,0.34902,0.14207,0.00858,0.0738,0.2795,0.00691,0.00383,0.36052,0.14385,0.00591,0.07475
884,1777817807819,Neutral,0.29049,0.00773,-0.00412,0.34105,0.1415,0.00943,0.07272,0.2828,0.00715,0.00144,0.35468,0.14314,0.00697,0.07414
885,1777817807853,Neutral,0.29483,0.00764,-0.00546,0.33375,0.14058,0.00853,0.07162,0.28641,0.0073,-0.00063,0.3484,0.14238,0.00744,0.07338
886,1777817807886,Neutral,0.29762,0.00701,-0.00636,0.32736,0.13981,0.00874,0.07086,0.28977,0.00721,-0.00235,0.34209,0.14161,0.00783,0.07263
887,1777817807920,Neutral,0.29914,0.0065,-0.0069,0.32334,0.13928,0.00863,0.07067,0.29258,0.007,-0.00371,0.33646,0.14091,0.00807,0.07204
888,1777817807953,Neutral,0.30137,0.00622,-0.00691,0.31753,0.1388,0.00833,0.07062,0.29522,0.00677,-0.00467,0.33078,0.14028,0.00815,0.07161
889,1777817807986,Neutral,0.30212,0.0059,-0.00701,0.31345,0.1385,0.00816,0.06926,0.29729,0.0065,-0.00537,0.32558,0.13974,0.00815,0.07091
890,1777817808019,Neutral,0.30299,0.00498,-0.00773,0.31176,0.1382,0.00771,0.06779,0.299,0.00605,-0.00608,0.32143,0.13928,0.00802,0.06997
891,1777817808053,Neutral,0.30443,0.00482,-0.0077,0.31182,0.13784,0.00763,0.06668,0.30063,0.00568,-0.00657,0.31855,0.13885,0.0079,0.06898
892,1777817808087,Neutral,0.3048,0.0048,-0.00761,0.31293,0.13747,0.00769,0.06674,0.30188,0.00542,-0.00688,0.31686,0.13844,0.00784,0.06831
893,1777817808153,Neutral,0.30619,0.00321,-0.00757,0.31576,0.1355,0.00076,0.08187,0.30317,0.00475,-0.00709,0.31653,0.13756,0.00572,0.07238
894,1777817808186,Neutral,0.3089,0.01406,-0.00974,0.31804,0.13413,0.00186,0.08589,0.30489,0.00755,-0.00788,0.31698,0.13653,0.00456,0.07643
895,1777817808219,Neutral,0.31489,0.11617,-0.01554,0.31254,0.13307,0.00174,0.08696,0.30789,0.04013,-0.01018,0.31565,0.13549,0.00371,0.07959
896,1777817808253,Neutral,0.32134,0.15701,-0.01793,0.31061,0.13246,0.00204,0.08662,0.31193,0.0752,-0.01251,0.31414,0.13458,0.00321,0.0817
897,1777817808286,Neutral,0.32518,0.16582,-0.01895,0.31063,0.13175,0.00245,0.086,0.3159,0.10238,-0.01444,0.31309,0.13373,0.00298,0.08299
898,1777817808319,Neutral,0.328,0.16886,-0.02063,0.31114,0.13065,0.00227,0.08537,0.31953,0.12233,-0.0163,0.3125,0.13281,0.00277,0.0837
899,1777817808385,Neutral,0.32683,0.16941,-0.02154,0.31253,0.13143,0.00217,0.08433,0.32172,0.13645,-0.01787,0.31251,0.13239,0.00259,0.08389
900,1777817808418,Neutral,0.3253,0.16721,-0.0218,0.31294,0.13205,0.00249,0.08357,0.3228,0.14568,-0.01905,0.31264,0.13229,0.00256,0.08379
901,1777817808452,Neutral,0.3221,0.16724,-0.02219,0.31324,0.13217,0.00279,0.08366,0.32259,0.15215,-0.01999,0.31282,0.13225,0.00263,0.08375
902,1777817808518,Neutral,0.3257,0.16648,-0.0236,0.31202,0.13176,0.0034,0.08337,0.32352,0.15645,-0.02107,0.31258,0.13211,0.00286,0.08364
903,1777817808583,Neutral,0.32838,0.14747,-0.02179,0.31298,0.13204,0.00274,0.08299,0.32498,0.15375,-0.02129,0.3127,0.13208,0.00283,0.08344
904,1777817808619,Neutral,0.3272,0.13855,-0.02021,0.31346,0.13224,0.00232,0.08285,0.32565,0.14919,-0.02096,0.31293,0.13213,0.00267,0.08327
905,1777817808684,Neutral,0.32395,0.10995,-0.01585,0.31641,0.13208,0.00229,0.08248,0.32514,0.13742,-0.01943,0.31397,0.13211,0.00256,0.08303
906,1777817808718,Neutral,0.32064,0.09413,-0.01353,0.3174,0.13229,0.00198,0.0836,0.32379,0.12443,-0.01766,0.315,0.13217,0.00239,0.0832
907,1777817808752,Neutral,0.32048,0.08545,-0.01223,0.31856,0.13197,0.00213,0.08413,0.3228,0.11274,-0.01603,0.31607,0.13211,0.00231,0.08348
908,1777817808787,Neutral,0.3188,0.07629,-0.01155,0.31937,0.13121,0.00226,0.08424,0.3216,0.1018,-0.01469,0.31706,0.13184,0.0023,0.08371
909,1777817808853,Neutral,0.32181,0.05312,-0.00859,0.31998,0.12176,0.00309,0.08751,0.32166,0.0872,-0.01286,0.31794,0.12882,0.00253,0.08485
910,1777817808886,Neutral,0.32526,0.04887,-0.00843,0.32109,0.11684,0.00283,0.08772,0.32274,0.0757,-0.01153,0.31888,0.12522,0.00262,0.08571
911,1777817808919,Neutral,0.32702,0.04726,-0.00829,0.32114,0.11203,0.00274,0.08709,0.32402,0.06717,-0.01056,0.31956,0.12126,0.00266,0.08612
912,1777817808951,Neutral,0.32689,0.09098,-0.01598,0.32371,0.10558,0.00439,0.08196,0.32488,0.07431,-0.01218,0.3208,0.11656,0.00318,0.08488
913,1777817808985,Neutral,0.32685,0.15275,-0.01779,0.33047,0.09664,0.00332,0.07227,0.32547,0.09784,-0.01387,0.3237,0.11058,0.00322,0.08109
914,1777817809019,Disgusted,0.31114,0.21346,-0.01773,0.34306,0.08792,0.0041,0.05986,0.32117,0.13253,-0.01502,0.32951,0.10379,0.00348,0.07473
915,1777817809053,Disgusted,0.29592,0.27385,-0.0248,0.35657,0.08193,0.0016,0.0444,0.3136,0.17493,-0.01796,0.33763,0.09723,0.00292,0.06563
916,1777817809087,Disgusted,0.27415,0.29519,-0.02351,0.36591,0.07793,0.00022,0.03837,0.30176,0.211,-0.01962,0.34611,0.09144,0.00211,0.05745
917,1777817809152,Disgusted,0.24691,0.30469,-0.0228,0.37103,0.07606,0.00212,0.03765,0.28531,0.23911,-0.02058,0.35359,0.08682,0.00211,0.05151
918,1777817809218,Disgusted,0.23759,0.29567,-0.02435,0.36915,0.07477,0.0009,0.03922,0.27099,0.25608,-0.02171,0.35826,0.08321,0.00175,0.04782
919,1777817809252,Disgusted,0.23209,0.2846,-0.02462,0.36852,0.07439,0.00106,0.0405,0.25932,0.26463,-0.02258,0.36134,0.08056,0.00154,0.04563
920,1777817809285,Disgusted,0.23095,0.27708,-0.02507,0.36801,0.07396,0.00124,0.04161,0.25081,0.26837,-0.02333,0.36334,0.07858,0.00145,0.04442
921,1777817809319,Disgusted,0.23099,0.26917,-0.02559,0.36742,0.07395,0.00114,0.04294,0.24487,0.26861,-0.02401,0.36456,0.07719,0.00136,0.04398
922,1777817809352,Disgusted,0.22918,0.26546,-0.02614,0.36712,0.07341,0.00111,0.04403,0.24016,0.26766,-0.02465,0.36533,0.07606,0.00128,0.044
923,1777817809385,Disgusted,0.22873,0.26048,-0.0264,0.36709,0.07217,0.00173,0.04536,0.23673,0.26551,-0.02517,0.36586,0.07489,0.00142,0.0444
924,1777817809452,Disgusted,0.23723,0.25185,-0.02719,0.36694,0.07027,0.00197,0.04561,0.23688,0.26141,-0.02578,0.36618,0.0735,0.00158,0.04477
925,1777817809486,Disgusted,0.24067,0.24945,-0.02711,0.3668,0.06956,0.00178,0.04557,0.23802,0.25782,-0.02618,0.36637,0.07232,0.00164,0.04501
926,1777817809553,Disgusted,0.24294,0.24618,-0.02745,0.36669,0.06895,0.00172,0.04586,0.23949,0.25433,-0.02656,0.36646,0.07131,0.00167,0.04526
927,1777817809618,Disgusted,0.24476,0.24385,-0.02719,0.36708,0.06874,0.00193,0.04611,0.24107,0.25119,-0.02675,0.36665,0.07054,0.00175,0.04552
928,1777817809652,Disgusted,0.24503,0.2423,-0.02707,0.36738,0.06881,0.00205,0.04652,0.24226,0.24852,-0.02684,0.36687,0.07002,0.00184,0.04582
929,1777817809685,Disgusted,0.24494,0.24088,-0.02695,0.36752,0.06888,0.0022,0.04667,0.24306,0.24623,-0.02688,0.36706,0.06968,0.00195,0.04607
930,1777817809718,Disgusted,0.24548,0.24019,-0.02692,0.36778,0.06887,0.0022,0.04676,0.24379,0.24442,-0.02689,0.36728,0.06944,0.00202,0.04628
931,1777817809751,Disgusted,0.2461,0.23865,-0.02666,0.36778,0.06887,0.00237,0.04679,0.24448,0.24269,-0.02682,0.36743,0.06927,0.00213,0.04643
932,1777817809786,Disgusted,0.2462,0.23665,-0.0263,0.36782,0.06893,0.00274,0.0468,0.245,0.24087,-0.02666,0.36755,0.06916,0.00231,0.04654
933,1777817809850,Disgusted,0.24655,0.23544,-0.02608,0.36792,0.06908,0.00308,0.04685,0.24546,0.23924,-0.02649,0.36766,0.06914,0.00254,0.04664
934,1777817809885,Disgusted,0.24632,0.23532,-0.02621,0.36779,0.06924,0.00329,0.04688,0.24572,0.23807,-0.0264,0.3677,0.06917,0.00277,0.04671
935,1777817809917,Disgusted,0.24305,0.23537,-0.0263,0.36779,0.06993,0.00336,0.04691,0.24492,0.23726,-0.02637,0.36772,0.0694,0.00295,0.04677
936,1777817809952,Disgusted,0.22257,0.23458,-0.02647,0.36783,0.07395,0.00356,0.04699,0.23821,0.23645,-0.0264,0.36776,0.07076,0.00313,0.04684
937,1777817810019,Disgusted,0.21037,0.23484,-0.02657,0.36765,0.07687,0.00359,0.04758,0.22986,0.23597,-0.02645,0.36772,0.0726,0.00327,0.04706
938,1777817810085,Disgusted,0.20563,0.23185,-0.02601,0.36656,0.07806,0.00358,0.04896,0.22259,0.23473,-0.02632,0.36737,0.07424,0.00336,0.04763
939,1777817810152,Disgusted,0.20693,0.22799,-0.02601,0.36534,0.07807,0.00271,0.05003,0.21789,0.23271,-0.02623,0.36676,0.07539,0.00317,0.04835
940,1777817810185,Disgusted,0.20751,0.22575,-0.02604,0.36422,0.07812,0.00216,0.05029,0.21478,0.23062,-0.02617,0.366,0.07621,0.00286,0.04893
941,1777817810253,Disgusted,0.21067,0.21863,-0.02543,0.36345,0.07837,0.00191,0.05129,0.21355,0.22702,-0.02595,0.36524,0.07686,0.00258,0.04964
942,1777817810318,Disgusted,0.21471,0.21506,-0.02525,0.36349,0.07854,0.00133,0.05093,0.2139,0.22343,-0.02574,0.36471,0.07736,0.0022,0.05003
943,1777817810385,Disgusted,0.2199,0.21146,-0.02487,0.36286,0.07833,0.00051,0.05051,0.2157,0.21984,-0.02548,0.36416,0.07765,0.00169,0.05017
944,1777817810418,Disgusted,0.22192,0.20991,-0.0246,0.36273,0.07829,0.00052,0.05095,0.21757,0.21686,-0.02522,0.36373,0.07784,0.00134,0.05041
945,1777817810452,Disgusted,0.22461,0.20764,-0.02429,0.36061,0.07827,0.00061,0.05161,0.21968,0.21409,-0.02494,0.36279,0.07797,0.00112,0.05077
946,1777817810486,Disgusted,0.22723,0.20407,-0.02352,0.35564,0.07824,0.00074,0.05321,0.22194,0.21109,-0.02451,0.36065,0.07805,0.00101,0.0515
947,1777817810552,Disgusted,0.23176,0.20237,-0.02332,0.35242,0.07824,0.001,0.0549,0.22489,0.20847,-0.02415,0.35818,0.07811,0.001,0.05252
948,1777817810585,Disgusted,0.23239,0.20199,-0.02322,0.35148,0.07823,0.00117,0.05541,0.22714,0.20653,-0.02388,0.35617,0.07815,0.00105,0.05339
949,1777817810617,Disgusted,0.23309,0.2012,-0.02292,0.35106,0.07827,0.00132,0.05586,0.22892,0.20493,-0.02359,0.35464,0.07818,0.00113,0.05413
950,1777817810651,Disgusted,0.23351,0.20107,-0.02284,0.35061,0.07827,0.00157,0.05616,0.2303,0.20377,-0.02336,0.35343,0.07821,0.00126,0.05474
951,1777817810719,Disgusted,0.23886,0.2011,-0.02263,0.35049,0.07671,0.00213,0.05665,0.23287,0.20297,-0.02314,0.35255,0.07776,0.00152,0.05531
952,1777817810785,Disgusted,0.25636,0.20154,-0.02256,0.35021,0.07358,0.00235,0.05717,0.23991,0.20254,-0.02297,0.35185,0.0765,0.00177,0.05587
953,1777817810851,Disgusted,0.2646,0.20124,-0.02212,0.35074,0.07199,0.00305,0.05731,0.24732,0.20215,-0.02271,0.35151,0.07515,0.00216,0.0563
954,1777817810884,Disgusted,0.26647,0.20088,-0.02198,0.35092,0.07169,0.00313,0.05728,0.25307,0.20177,-0.02249,0.35134,0.07411,0.00245,0.05659
955,1777817810917,Disgusted,0.26891,0.20025,-0.02199,0.35113,0.07154,0.00307,0.05676,0.25782,0.20131,-0.02234,0.35127,0.07334,0.00263,0.05665
956,1777817810952,Disgusted,0.26969,0.19943,-0.02204,0.35121,0.07165,0.00282,0.05647,0.26138,0.20075,-0.02225,0.35126,0.07283,0.00269,0.05659
957,1777817810985,Disgusted,0.26949,0.19971,-0.02217,0.35113,0.07174,0.00279,0.05615,0.26381,0.20044,-0.02223,0.35122,0.07251,0.00272,0.05646
958,1777817811052,Disgusted,0.26897,0.19936,-0.02216,0.35114,0.07164,0.00256,0.05639,0.26536,0.20012,-0.02221,0.35119,0.07225,0.00267,0.05644
959,1777817811118,Disgusted,0.26847,0.19994,-0.02219,0.35138,0.07175,0.00261,0.05713,0.26629,0.20006,-0.0222,0.35125,0.0721,0.00265,0.05665
960,1777817811151,Disgusted,0.26865,0.20003,-0.0222,0.35147,0.0717,0.00266,0.05714,0.267,0.20005,-0.0222,0.35131,0.07198,0.00266,0.0568
961,1777817811185,Disgusted,0.26893,0.20013,-0.02213,0.35139,0.07171,0.00271,0.05736,0.26758,0.20007,-0.02218,0.35134,0.0719,0.00267,0.05696
962,1777817811251,Disgusted,0.26915,0.19882,-0.0217,0.35084,0.0719,0.00219,0.05965,0.26805,0.1997,-0.02204,0.35119,0.0719,0.00253,0.05777
963,1777817811317,Disgusted,0.07537,0.10168,-0.01213,0.34564,0.10936,0.00054,0.06783,0.21024,0.17029,-0.01907,0.34952,0.08314,0.00193,0.06079
964,1777817811351,Disgusted,0.04079,0.03278,-0.00379,0.344,0.13754,0.00064,0.07346,0.15941,0.12904,-0.01448,0.34787,0.09946,0.00154,0.06459
965,1777817811384,Neutral,0.03458,0.01047,-0.00113,0.34539,0.1538,0.00169,0.07578,0.12196,0.09347,-0.01048,0.34713,0.11576,0.00159,0.06795
966,1777817811418,Neutral,0.08591,0.0037,0.0031,0.34698,0.15612,0.0004,0.07731,0.11114,0.06654,-0.0064,0.34708,0.12787,0.00123,0.07076
967,1777817811451,Neutral,0.10536,0.00267,0.00536,0.34832,0.16197,0.00029,0.07812,0.10941,0.04738,-0.00287,0.34745,0.1381,0.00095,0.07296
968,1777817811484,Neutral,0.14261,0.00265,0.00777,0.34935,0.15886,0.00082,0.07846,0.11937,0.03396,0.00032,0.34802,0.14433,0.00091,0.07461
969,1777817811517,Neutral,0.18188,0.00267,0.00937,0.34999,0.15417,0.00063,0.07899,0.13812,0.02457,0.00303,0.34862,0.14728,0.00083,0.07593
970,1777817811551,Neutral,0.21546,0.00263,0.01029,0.35085,0.14919,0.00038,0.07994,0.16132,0.01799,0.00521,0.34929,0.14785,0.00069,0.07713
971,1777817811585,Neutral,0.24064,0.00254,0.01066,0.35127,0.14591,0.00065,0.08021,0.18512,0.01335,0.00685,0.34988,0.14727,0.00068,0.07805
972,1777817811652,Neutral,0.26399,0.00242,0.01094,0.35167,0.14262,0.00125,0.08164,0.20878,0.01007,0.00807,0.35042,0.14587,0.00085,0.07913
973,1777817811717,Neutral,0.27047,0.00259,0.01088,0.35167,0.14136,0.00188,0.0825,0.22729,0.00783,0.00892,0.35079,0.14452,0.00116,0.08014
974,1777817811750,Neutral,0.27565,0.003,0.0111,0.35172,0.14015,0.00237,0.08265,0.2418,0.00638,0.00957,0.35107,0.14321,0.00152,0.08089
975,1777817811784,Happy,0.28056,0.00315,0.01145,0.35168,0.13886,0.00305,0.08272,0.25342,0.00541,0.01013,0.35125,0.1419,0.00198,0.08144
976,1777817811818,Happy,0.28318,0.00358,0.01197,0.35158,0.13776,0.00339,0.08321,0.26235,0.00486,0.01069,0.35135,0.14066,0.00241,0.08197
977,1777817811885,Happy,0.2849,0.00394,0.01261,0.35155,0.13683,0.0034,0.08331,0.26912,0.00458,0.01126,0.35141,0.13951,0.00271,0.08237
978,1777817811951,Happy,0.2893,0.00334,0.01338,0.35208,0.13515,0.00347,0.08318,0.27517,0.00421,0.0119,0.35161,0.1382,0.00294,0.08261
979,1777817811984,Happy,0.29281,0.00311,0.01425,0.35281,0.13396,0.00367,0.08313,0.28046,0.00388,0.01261,0.35197,0.13693,0.00316,0.08277
980,1777817812017,Happy,0.29621,0.00243,0.01482,0.35315,0.13299,0.0043,0.0835,0.28519,0.00345,0.01327,0.35232,0.13575,0.0035,0.08299
981,1777817812050,Happy,0.30012,0.00209,0.01605,0.35383,0.1322,0.00624,0.08356,0.28967,0.00304,0.01411,0.35278,0.13468,0.00432,0.08316
982,1777817812083,Happy,0.30549,0.00184,0.01939,0.35915,0.13121,0.01011,0.08356,0.29441,0.00268,0.01569,0.35469,0.13364,0.00606,0.08328
983,1777817812118,Happy,0.30822,0.0019,0.02189,0.36284,0.13069,0.01193,0.08405,0.29856,0.00244,0.01755,0.35713,0.13275,0.00782,0.08351
984,1777817812184,Happy,0.30762,0.00193,0.02425,0.36843,0.13246,0.01137,0.08461,0.30128,0.00229,0.01956,0.36052,0.13267,0.00888,0.08384
985,1777817812249,Happy,0.29788,0.00234,0.02345,0.36783,0.13347,0.0119,0.08672,0.30026,0.00231,0.02072,0.36271,0.13291,0.00979,0.08471
986,1777817812284,Happy,0.29613,0.00249,0.02304,0.3676,0.13364,0.01135,0.08668,0.29902,0.00236,0.02142,0.36418,0.13313,0.01026,0.0853
987,1777817812317,Happy,0.29603,0.00251,0.02349,0.36858,0.13345,0.0122,0.08693,0.29812,0.0024,0.02204,0.3655,0.13323,0.01084,0.08579
988,1777817812351,Happy,0.29475,0.0028,0.02289,0.36722,0.13285,0.01307,0.08703,0.29711,0.00252,0.0223,0.36602,0.13311,0.01151,0.08616
989,1777817812417,Happy,0.2931,0.0033,0.02236,0.36889,0.13128,0.01104,0.08751,0.29591,0.00276,0.02231,0.36688,0.13256,0.01137,0.08656
990,1777817812450,Happy,0.29327,0.00348,0.0223,0.36816,0.13112,0.01086,0.08748,0.29512,0.00297,0.02231,0.36726,0.13213,0.01122,0.08684
991,1777817812482,Happy,0.29374,0.00379,0.02226,0.36733,0.13083,0.01093,0.08755,0.2947,0.00322,0.0223,0.36728,0.13174,0.01113,0.08705
992,1777817812517,Happy,0.29367,0.00388,0.02232,0.36766,0.13081,0.01089,0.08763,0.29439,0.00342,0.0223,0.3674,0.13146,0.01106,0.08722
993,1777817812550,Happy,0.29339,0.00391,0.02238,0.3674,0.1309,0.01084,0.08749,0.29409,0.00357,0.02233,0.3674,0.13129,0.01099,0.0873
994,1777817812585,Happy,0.29335,0.00402,0.02234,0.36619,0.13108,0.01093,0.0874,0.29387,0.0037,0.02233,0.36703,0.13123,0.01097,0.08733
995,1777817812651,Happy,0.29348,0.004,0.02217,0.36521,0.1315,0.01074,0.08729,0.29375,0.00379,0.02228,0.36649,0.13131,0.0109,0.08732
996,1777817812717,Happy,0.29433,0.00411,0.02187,0.36354,0.13157,0.01054,0.08705,0.29393,0.00389,0.02216,0.3656,0.13139,0.0108,0.08724
997,1777817812750,Happy,0.29404,0.00397,0.0218,0.36322,0.13175,0.01037,0.08698,0.29396,0.00391,0.02205,0.36489,0.1315,0.01067,0.08716
998,1777817812818,Happy,0.29392,0.00387,0.02141,0.3609,0.13196,0.0091,0.08664,0.29395,0.0039,0.02186,0.36369,0.13164,0.0102,0.087
999,1777817812884,Happy,0.30937,0.00386,0.01878,0.35653,0.12523,0.00427,0.08678,0.29858,0.00389,0.02093,0.36154,0.12972,0.00842,0.08694
1000,1777817812951,Happy,0.33441,0.00314,0.01457,0.35508,0.11867,0.00199,0.08497,0.30933,0.00366,0.01903,0.3596,0.1264,0.00649,0.08635
1001,1777817813017,Happy,0.33907,0.00307,0.01206,0.36002,0.11692,0.01386,0.08427,0.31825,0.00349,0.01694,0.35973,0.12356,0.0087,0.08572
1002,1777817813051,Happy,0.33743,0.00322,0.01305,0.37006,0.11645,0.02572,0.08381,0.32401,0.00341,0.01577,0.36283,0.12143,0.01381,0.08515
1003,1777817813117,Happy,0.33831,0.00449,0.01574,0.382,0.11543,0.04698,0.08002,0.3283,0.00373,0.01576,0.36858,0.11963,0.02376,0.08361
1004,1777817813184,Happy,0.34273,0.00492,0.01465,0.38472,0.11489,0.05333,0.07844,0.33263,0.00409,0.01543,0.37342,0.11821,0.03263,0.08206
1005,1777817813217,Happy,0.34393,0.00476,0.01453,0.38644,0.11461,0.05553,0.07801,0.33602,0.00429,0.01516,0.37733,0.11713,0.0395,0.08085
1006,1777817813285,Happy,0.34446,0.00485,0.01252,0.38475,0.11453,0.05781,0.07591,0.33855,0.00446,0.01437,0.37955,0.11635,0.04499,0.07936
1007,1777817813351,Happy,0.34135,0.00528,0.012,0.38224,0.11455,0.059,0.07436,0.33939,0.00471,0.01366,0.38036,0.11581,0.0492,0.07786
1008,1777817813417,Happy,0.33978,0.00547,0.01284,0.38153,0.11519,0.05992,0.07481,0.33951,0.00494,0.01341,0.38071,0.11562,0.05241,0.07695
1009,1777817813450,Happy,0.34031,0.00543,0.01292,0.381,0.11587,0.05921,0.07508,0.33975,0.00509,0.01326,0.3808,0.1157,0.05445,0.07639
1010,1777817813483,Happy,0.34092,0.0055,0.0129,0.38111,0.11621,0.05966,0.07489,0.3401,0.00521,0.01316,0.38089,0.11585,0.05602,0.07594
1011,1777817813551,Happy,0.34273,0.005,0.01308,0.38125,0.11649,0.05961,0.07504,0.34089,0.00515,0.01313,0.381,0.11604,0.05709,0.07567
1012,1777817813616,Happy,0.34302,0.00505,0.01235,0.38223,0.11569,0.05796,0.07421,0.34153,0.00512,0.0129,0.38137,0.11594,0.05735,0.07523
1013,1777817813684,Happy,0.34254,0.00502,0.0115,0.38212,0.11504,0.05778,0.07397,0.34183,0.00509,0.01248,0.38159,0.11567,0.05748,0.07485
1014,1777817813751,Happy,0.34349,0.00476,0.01206,0.38167,0.11487,0.05651,0.0741,0.34233,0.00499,0.01235,0.38162,0.11543,0.05719,0.07463
1015,1777817813817,Happy,0.34325,0.00455,0.01158,0.37856,0.11581,0.0527,0.07525,0.3426,0.00486,0.01212,0.3807,0.11554,0.05584,0.07481
1016,1777817813882,Happy,0.34138,0.00427,0.01131,0.37662,0.11617,0.0508,0.07643,0.34224,0.00468,0.01188,0.37947,0.11573,0.05433,0.0753
1017,1777817813916,Happy,0.34197,0.00442,0.01139,0.37516,0.11632,0.0495,0.07687,0.34216,0.0046,0.01173,0.37818,0.11591,0.05288,0.07577
1018,1777817813949,Happy,0.34152,0.00456,0.01128,0.3744,0.11607,0.04905,0.07705,0.34197,0.00459,0.0116,0.37705,0.11596,0.05173,0.07615
1019,1777817813984,Happy,0.34262,0.00471,0.01137,0.37373,0.11608,0.0478,0.07757,0.34216,0.00463,0.01153,0.37605,0.11599,0.05055,0.07658
1020,1777817814050,Happy,0.34468,0.00467,0.01173,0.37165,0.11594,0.04623,0.07816,0.34292,0.00464,0.01159,0.37473,0.11598,0.04925,0.07705
1021,1777817814117,Happy,0.34784,0.00463,0.01185,0.37071,0.11567,0.04584,0.07777,0.34439,0.00464,0.01167,0.37352,0.11588,0.04823,0.07727
1022,1777817814184,Happy,0.34806,0.00451,0.01127,0.36982,0.1156,0.04443,0.07771,0.34549,0.0046,0.01155,0.37241,0.1158,0.04709,0.0774
1023,1777817814217,Happy,0.34795,0.00454,0.011,0.36963,0.11559,0.04372,0.07773,0.34623,0.00458,0.01139,0.37158,0.11574,0.04608,0.0775
1024,1777817814282,Happy,0.35039,0.00457,0.01098,0.3704,0.11495,0.04366,0.07802,0.34748,0.00458,0.01127,0.37122,0.1155,0.04535,0.07765
1025,1777817814316,Happy,0.34933,0.00451,0.011,0.37006,0.11488,0.04347,0.07842,0.34803,0.00456,0.01119,0.37088,0.11532,0.04479,0.07788
1026,1777817814384,Happy,0.35201,0.00493,0.01084,0.36984,0.11446,0.0444,0.07803,0.34923,0.00467,0.01108,0.37057,0.11506,0.04467,0.07793
1027,1777817814451,Happy,0.35484,0.00531,0.01174,0.37334,0.11456,0.04765,0.07678,0.35091,0.00486,0.01128,0.3714,0.11491,0.04556,0.07758
1028,1777817814517,Happy,0.35531,0.00518,0.01175,0.37318,0.11447,0.04751,0.07699,0.35223,0.00496,0.01142,0.37193,0.11478,0.04615,0.07741
1029,1777817814583,Happy,0.35125,0.00481,0.0116,0.37182,0.11492,0.04593,0.07755,0.35194,0.00491,0.01147,0.3719,0.11482,0.04608,0.07745
1030,1777817814616,Happy,0.35166,0.0047,0.01136,0.37078,0.11508,0.04543,0.07768,0.35186,0.00485,0.01144,0.37156,0.1149,0.04589,0.07752
1031,1777817814649,Happy,0.35052,0.0044,0.0111,0.36983,0.11522,0.04472,0.07759,0.35145,0.00471,0.01134,0.37104,0.115,0.04554,0.07754
1032,1777817814684,Happy,0.35145,0.00438,0.01086,0.36964,0.1151,0.04424,0.07773,0.35145,0.00462,0.01119,0.37062,0.11503,0.04515,0.0776
1033,1777817814750,Happy,0.35003,0.00422,0.01123,0.36955,0.11518,0.04456,0.07781,0.35103,0.0045,0.0112,0.3703,0.11507,0.04497,0.07766
1034,1777817814817,Happy,0.34917,0.00403,0.0121,0.37037,0.11519,0.04528,0.07774,0.35047,0.00436,0.01147,0.37032,0.11511,0.04506,0.07768
1035,1777817814849,Happy,0.34909,0.00403,0.01234,0.37086,0.11508,0.04576,0.07756,0.35005,0.00426,0.01173,0.37048,0.1151,0.04527,0.07765
1036,1777817814882,Happy,0.34923,0.00406,0.01259,0.37143,0.115,0.04654,0.07722,0.34981,0.0042,0.01199,0.37077,0.11507,0.04565,0.07752
1037,1777817814916,Happy,0.34987,0.00406,0.01264,0.37165,0.115,0.04662,0.07706,0.34983,0.00416,0.01218,0.37103,0.11505,0.04594,0.07738
1038,1777817814949,Happy,0.34911,0.00405,0.01257,0.37174,0.11511,0.04703,0.07674,0.34961,0.00413,0.0123,0.37125,0.11507,0.04627,0.07719
1039,1777817814982,Happy,0.34855,0.00396,0.01266,0.37182,0.11511,0.04767,0.07661,0.34929,0.00408,0.01241,0.37142,0.11508,0.04669,0.07701
1040,1777817815015,Happy,0.34815,0.00387,0.01263,0.37154,0.11512,0.04783,0.07661,0.34895,0.00401,0.01248,0.37145,0.11509,0.04703,0.07689
1041,1777817815049,Happy,0.3465,0.00376,0.01247,0.37167,0.1151,0.04855,0.07607,0.34822,0.00394,0.01248,0.37152,0.11509,0.04749,0.07665
1042,1777817815083,Happy,0.34473,0.00493,0.01214,0.37172,0.11426,0.05062,0.07538,0.34717,0.00424,0.01237,0.37158,0.11484,0.04843,0.07627
1043,1777817815115,Happy,0.34345,0.00508,0.01267,0.3702,0.11404,0.04949,0.07596,0.34605,0.00449,0.01246,0.37117,0.1146,0.04875,0.07617
1044,1777817815150,Happy,0.31221,0.00503,0.01329,0.36991,0.11959,0.0486,0.07581,0.3359,0.00465,0.01271,0.37079,0.1161,0.0487,0.07607
1045,1777817815217,Happy,0.28597,0.00358,0.01398,0.36875,0.12448,0.04506,0.07622,0.32092,0.00433,0.01309,0.37018,0.11861,0.04761,0.07611
1046,1777817815282,Happy,0.29306,0.00381,0.01312,0.36701,0.12386,0.04189,0.07759,0.31257,0.00418,0.0131,0.36923,0.12019,0.04589,0.07656
1047,1777817815316,Happy,0.29788,0.00373,0.01312,0.36582,0.12293,0.04112,0.07767,0.30816,0.00404,0.01311,0.3682,0.12101,0.04446,0.07689
1048,1777817815349,Happy,0.30253,0.004,0.01277,0.36538,0.12258,0.04059,0.07786,0.30647,0.00403,0.013,0.36736,0.12148,0.0433,0.07718
1049,1777817815383,Happy,0.30636,0.00382,0.01298,0.36527,0.12221,0.04053,0.07803,0.30644,0.00397,0.013,0.36673,0.1217,0.04247,0.07744
1050,1777817815448,Happy,0.31084,0.00362,0.01314,0.36523,0.12183,0.04091,0.0778,0.30776,0.00386,0.01304,0.36628,0.12174,0.042,0.07754
1051,1777817815481,Happy,0.31239,0.00359,0.013,0.36499,0.12163,0.04079,0.0776,0.30915,0.00378,0.01303,0.36589,0.12171,0.04164,0.07756
1052,1777817815514,Happy,0.31289,0.00365,0.01296,0.36499,0.12151,0.04105,0.07755,0.31027,0.00374,0.01301,0.36562,0.12165,0.04146,0.07756
1053,1777817815549,Happy,0.31284,0.00368,0.01284,0.3649,0.12145,0.04098,0.07752,0.31104,0.00372,0.01296,0.3654,0.12159,0.04132,0.07755
1054,1777817815582,Happy,0.31335,0.00359,0.0128,0.36444,0.12132,0.04092,0.07748,0.31174,0.00368,0.01291,0.36512,0.12151,0.0412,0.07753
1055,1777817815617,Happy,0.31365,0.0039,0.01268,0.36437,0.12143,0.04087,0.07775,0.31231,0.00375,0.01284,0.36489,0.12148,0.0411,0.0776
1056,1777817815682,Happy,0.31861,0.00431,0.01233,0.36423,0.12057,0.04066,0.07828,0.3142,0.00391,0.01269,0.36469,0.12121,0.04097,0.0778
1057,1777817815715,Happy,0.32032,0.00395,0.01229,0.3638,0.12034,0.04021,0.07808,0.31603,0.00392,0.01257,0.36443,0.12095,0.04074,0.07788
1058,1777817815748,Happy,0.32184,0.00408,0.01214,0.36326,0.12028,0.03975,0.07804,0.31778,0.00397,0.01244,0.36408,0.12075,0.04044,0.07793
1059,1777817815782,Happy,0.3222,0.00362,0.01195,0.36289,0.12016,0.03897,0.07773,0.3191,0.00387,0.01229,0.36372,0.12057,0.04,0.07787
1060,1777817815850,Happy,0.32371,0.00363,0.01114,0.36284,0.11984,0.03871,0.0773,0.32049,0.0038,0.01195,0.36345,0.12035,0.03961,0.0777
1061,1777817815915,Happy,0.32185,0.00327,0.01221,0.36373,0.12011,0.03381,0.07693,0.3209,0.00364,0.01203,0.36354,0.12028,0.03787,0.07747
1062,1777817815949,Happy,0.32051,0.00348,0.0124,0.36444,0.12013,0.03226,0.07642,0.32078,0.00359,0.01214,0.36381,0.12023,0.03619,0.07715
1063,1777817815981,Happy,0.31895,0.00344,0.01263,0.36475,0.12016,0.03073,0.07632,0.32023,0.00355,0.01228,0.36409,0.12021,0.03455,0.0769
1064,1777817816015,Happy,0.31821,0.00333,0.0126,0.36519,0.12027,0.0299,0.07617,0.31963,0.00348,0.01238,0.36442,0.12023,0.03316,0.07668
1065,1777817816048,Happy,0.3137,0.00339,0.01246,0.36509,0.11901,0.03006,0.07582,0.31785,0.00345,0.0124,0.36462,0.11986,0.03223,0.07642
1066,1777817816083,Happy,0.32023,0.00342,0.01244,0.365,0.11689,0.03056,0.07587,0.31856,0.00344,0.01242,0.36473,0.11897,0.03173,0.07626
1067,1777817816149,Happy,0.3286,0.00378,0.01225,0.36521,0.11365,0.03265,0.07572,0.32157,0.00354,0.01236,0.36488,0.11737,0.032,0.0761
1068,1777817816181,Happy,0.33329,0.0038,0.01222,0.36539,0.11197,0.03425,0.07595,0.32509,0.00362,0.01232,0.36503,0.11575,0.03268,0.07605
1069,1777817816215,Happy,0.3335,0.00396,0.01204,0.36598,0.11169,0.03641,0.07503,0.32761,0.00372,0.01224,0.36532,0.11453,0.0338,0.07574
1070,1777817816249,Happy,0.33068,0.0055,0.01118,0.3661,0.11186,0.03756,0.07463,0.32853,0.00426,0.01192,0.36555,0.11373,0.03493,0.07541
1071,1777817816317,Happy,0.3259,0.0045,0.01139,0.36642,0.11176,0.03901,0.07447,0.32774,0.00433,0.01176,0.36581,0.11314,0.03615,0.07513
1072,1777817816382,Happy,0.3228,0.00506,0.01049,0.36688,0.11196,0.04034,0.07391,0.32626,0.00455,0.01138,0.36613,0.11279,0.03741,0.07476
1073,1777817816449,Happy,0.31966,0.00667,0.00959,0.36702,0.11196,0.03999,0.07289,0.32428,0.00519,0.01084,0.3664,0.11254,0.03818,0.0742
1074,1777817816550,Happy,0.32089,0.0061,0.00957,0.36806,0.11173,0.03821,0.07255,0.32326,0.00546,0.01046,0.3669,0.1123,0.03819,0.0737
1075,1777817816616,Happy,0.31966,0.00556,0.0101,0.36784,0.11156,0.03711,0.07247,0.32218,0.00549,0.01035,0.36718,0.11208,0.03787,0.07334
1076,1777817816681,Happy,0.32073,0.00545,0.01014,0.36771,0.11141,0.03673,0.07243,0.32175,0.00548,0.01029,0.36734,0.11187,0.03753,0.07306
1077,1777817816715,Happy,0.32113,0.00537,0.01015,0.36773,0.11132,0.03669,0.07243,0.32156,0.00544,0.01025,0.36745,0.11171,0.03728,0.07287
1078,1777817816783,Happy,0.32185,0.00521,0.01012,0.3676,0.1113,0.03657,0.07248,0.32165,0.00537,0.01021,0.3675,0.11159,0.03706,0.07276
1079,1777817816848,Happy,0.3225,0.00517,0.01037,0.3676,0.11123,0.03706,0.07253,0.32191,0.00531,0.01026,0.36753,0.11148,0.03706,0.07269
1080,1777817816881,Happy,0.3227,0.00515,0.01044,0.36779,0.11117,0.03722,0.07267,0.32214,0.00526,0.01031,0.36761,0.11139,0.03711,0.07268
1081,1777817816914,Happy,0.32297,0.00514,0.01051,0.36796,0.11109,0.03742,0.07268,0.32239,0.00523,0.01037,0.36771,0.1113,0.0372,0.07268
1082,1777817816949,Happy,0.32302,0.00511,0.01044,0.36788,0.11106,0.03759,0.07271,0.32258,0.00519,0.01039,0.36776,0.11123,0.03732,0.07269
1083,1777817817017,Happy,0.32327,0.00509,0.01062,0.36705,0.11087,0.0387,0.07281,0.32278,0.00516,0.01046,0.36755,0.11112,0.03773,0.07272
1084,1777817817081,Happy,0.32339,0.00518,0.01046,0.36721,0.11052,0.03979,0.07284,0.32297,0.00517,0.01046,0.36745,0.11094,0.03835,0.07276
1085,1777817817114,Happy,0.32376,0.0053,0.01033,0.36707,0.11035,0.0401,0.07289,0.32321,0.00521,0.01042,0.36733,0.11076,0.03888,0.0728
1086,1777817817148,Happy,0.3245,0.00531,0.01027,0.36709,0.11015,0.0404,0.0729,0.3236,0.00524,0.01038,0.36726,0.11058,0.03933,0.07283
1087,1777817817181,Happy,0.32524,0.00532,0.01017,0.36673,0.10989,0.0407,0.0729,0.32409,0.00526,0.01031,0.3671,0.11037,0.03974,0.07285
1088,1777817817214,Happy,0.32588,0.00532,0.01009,0.36659,0.10974,0.04087,0.07291,0.32463,0.00528,0.01025,0.36695,0.11018,0.04008,0.07287
1089,1777817817249,Happy,0.32278,0.00541,0.00999,0.36688,0.11089,0.0411,0.07289,0.32407,0.00532,0.01017,0.36693,0.1104,0.04039,0.07287
1090,1777817817316,Happy,0.2764,0.00518,0.00997,0.36821,0.12275,0.04166,0.07286,0.30977,0.00528,0.01011,0.36731,0.1141,0.04077,0.07287
1091,1777817817381,Happy,0.26711,0.0052,0.01031,0.36946,0.12594,0.04281,0.07283,0.29697,0.00525,0.01017,0.36796,0.11766,0.04138,0.07286
1092,1777817817415,Happy,0.26705,0.00519,0.01032,0.36971,0.12638,0.04305,0.07294,0.288,0.00523,0.01022,0.36848,0.12027,0.04188,0.07288
1093,1777817817483,Happy,0.2664,0.00552,0.01015,0.36983,0.12698,0.04335,0.07307,0.28152,0.00532,0.0102,0.36889,0.12228,0.04232,0.07294
1094,1777817817548,Happy,0.26691,0.00576,0.00993,0.36918,0.12748,0.04333,0.07329,0.27714,0.00545,0.01012,0.36898,0.12384,0.04263,0.07304
1095,1777817817615,Contempt,0.26707,0.00634,0.0093,0.36886,0.12764,0.04381,0.07338,0.27411,0.00572,0.00987,0.36894,0.12498,0.04298,0.07314
1096,1777817817648,Contempt,0.26726,0.00759,0.00879,0.36879,0.12779,0.04388,0.07338,0.27206,0.00628,0.00955,0.3689,0.12582,0.04325,0.07322
1097,1777817817716,Contempt,0.28499,0.00907,0.00736,0.36651,0.12245,0.04317,0.07323,0.27594,0.00712,0.00889,0.36818,0.12481,0.04322,0.07322
1098,1777817817781,Contempt,0.32533,0.01136,0.00562,0.36463,0.11389,0.04362,0.07254,0.29076,0.00839,0.00791,0.36712,0.12153,0.04334,0.07302
1099,1777817817814,Contempt,0.33199,0.01175,0.00499,0.36428,0.11247,0.04358,0.07242,0.30313,0.0094,0.00703,0.36626,0.11882,0.04342,0.07284
1100,1777817817848,Contempt,0.33523,0.01228,0.00425,0.36383,0.1117,0.04378,0.07228,0.31276,0.01026,0.0062,0.36553,0.11668,0.04353,0.07267
1101,1777817817881,Contempt,0.3362,0.01265,0.00329,0.36271,0.11127,0.04318,0.07198,0.31979,0.01098,0.00533,0.36469,0.11506,0.04342,0.07246
1102,1777817817915,Contempt,0.33581,0.01319,0.00264,0.36182,0.11112,0.0429,0.07187,0.32459,0.01164,0.00452,0.36383,0.11388,0.04326,0.07229
1103,1777817817948,Contempt,0.33722,0.01416,0.00167,0.36073,0.11077,0.04234,0.07173,0.32838,0.0124,0.00367,0.3629,0.11295,0.04299,0.07212
1104,1777817818015,Contempt,0.34384,0.01613,-0.00087,0.35836,0.11019,0.04036,0.07206,0.33302,0.01352,0.00231,0.36154,0.11212,0.0422,0.0721
1105,1777817818081,Contempt,0.34592,0.01386,-0.0012,0.35605,0.10935,0.04041,0.07282,0.33689,0.01362,0.00125,0.35989,0.11129,0.04166,0.07232
1106,1777817818115,Neutral,0.34649,0.01335,-0.00103,0.35503,0.10878,0.04009,0.07316,0.33977,0.01354,0.00057,0.35843,0.11054,0.04119,0.07257
1107,1777817818182,Neutral,0.34481,0.0134,-0.00121,0.3541,0.1084,0.03945,0.07338,0.34128,0.0135,3e-05,0.35713,0.1099,0.04067,0.07281
1108,1777817818248,Neutral,0.34326,0.01625,-0.00112,0.35338,0.10888,0.03943,0.07366,0.34188,0.01432,-0.00031,0.35601,0.10959,0.0403,0.07307
1109,1777817818280,Neutral,0.34261,0.01651,-0.00153,0.35277,0.10924,0.0387,0.07412,0.34209,0.01498,-0.00068,0.35504,0.10949,0.03982,0.07338
1110,1777817818314,Neutral,0.34244,0.01612,-0.00162,0.35286,0.10909,0.03861,0.07433,0.3422,0.01532,-0.00096,0.35438,0.10937,0.03945,0.07367
1111,1777817818348,Neutral,0.34232,0.01638,-0.00185,0.35221,0.10902,0.03911,0.07438,0.34223,0.01564,-0.00123,0.35373,0.10926,0.03935,0.07388
1112,1777817818416,Neutral,0.34117,0.0086,-5e-05,0.35255,0.10888,0.03894,0.07551,0.34191,0.01353,-0.00088,0.35338,0.10915,0.03923,0.07437
1113,1777817818481,Neutral,0.33831,0.01082,-0.00091,0.35197,0.10973,0.03844,0.07549,0.34083,0.01271,-0.00089,0.35295,0.10932,0.03899,0.07471
1114,1777817818514,Neutral,0.3372,0.01254,-0.00141,0.3519,0.10943,0.03861,0.07452,0.33974,0.01266,-0.00104,0.35264,0.10936,0.03888,0.07465
1115,1777817818547,Neutral,0.32898,0.01297,-0.00152,0.35191,0.11062,0.03818,0.07379,0.33651,0.01276,-0.00119,0.35242,0.10974,0.03867,0.07439
1116,1777817818584,Neutral,0.28303,0.01337,-0.0015,0.35224,0.11947,0.0374,0.07363,0.32047,0.01294,-0.00128,0.35237,0.11266,0.03828,0.07416
1117,1777817818649,Neutral,0.20233,0.01461,-0.00198,0.35231,0.13677,0.03601,0.07373,0.28503,0.01344,-0.00149,0.35235,0.11989,0.0376,0.07403
1118,1777817818715,Neutral,0.22195,0.01083,-0.00039,0.35437,0.13349,0.03458,0.07489,0.26611,0.01266,-0.00116,0.35295,0.12397,0.03669,0.07429
1119,1777817818781,Neutral,0.23844,0.01221,-0.00016,0.35636,0.13053,0.03387,0.07446,0.25781,0.01252,-0.00086,0.35398,0.12594,0.03585,0.07434
1120,1777817818815,Neutral,0.24513,0.01319,-0.00021,0.3563,0.12927,0.03377,0.07435,0.254,0.01272,-0.00067,0.35467,0.12694,0.03522,0.07434
1121,1777817818882,Neutral,0.25109,0.01385,-0.00021,0.35685,0.12813,0.03402,0.07432,0.25313,0.01306,-0.00053,0.35533,0.1273,0.03486,0.07434
1122,1777817818948,Neutral,0.25146,0.01451,-0.00047,0.35704,0.12813,0.03401,0.07433,0.25263,0.0135,-0.00051,0.35584,0.12755,0.03461,0.07434
1123,1777817819015,Neutral,0.25638,0.01662,-0.00034,0.35711,0.1272,0.03393,0.07427,0.25375,0.01443,-0.00046,0.35622,0.12744,0.0344,0.07432
1124,1777817819048,Neutral,0.25844,0.01703,-0.00024,0.35712,0.12684,0.03415,0.0744,0.25516,0.01521,-0.00039,0.35649,0.12726,0.03433,0.07434
1125,1777817819116,Neutral,0.26634,0.01631,0.00013,0.35771,0.12556,0.03478,0.07454,0.25851,0.01554,-0.00024,0.35686,0.12675,0.03446,0.0744
1126,1777817819181,Neutral,0.27463,0.01714,0.00024,0.35793,0.1236,0.03476,0.07442,0.26335,0.01602,-0.0001,0.35718,0.12581,0.03455,0.07441
1127,1777817819214,Neutral,0.27756,0.0163,0.00014,0.3578,0.12299,0.03487,0.07397,0.26761,0.0161,-3e-05,0.35737,0.12496,0.03465,0.07428
1128,1777817819247,Neutral,0.28008,0.01627,-7e-05,0.35754,0.12282,0.03474,0.07394,0.27135,0.01616,-4e-05,0.35742,0.12432,0.03468,0.07418
1129,1777817819281,Neutral,0.28138,0.01515,-0.00028,0.35751,0.12228,0.03492,0.07396,0.27436,0.01585,-0.00011,0.35745,0.12371,0.03475,0.07411
1130,1777817819348,Neutral,0.27955,0.01447,-0.00019,0.35749,0.12224,0.03448,0.07359,0.27592,0.01544,-0.00013,0.35746,0.12327,0.03467,0.07396
1131,1777817819415,Neutral,0.27947,0.01473,-0.00053,0.35757,0.12229,0.034,0.0736,0.27699,0.01523,-0.00025,0.35749,0.12297,0.03447,0.07385
1132,1777817819447,Neutral,0.27982,0.0142,-0.00056,0.35745,0.12221,0.03402,0.07335,0.27783,0.01492,-0.00035,0.35748,0.12274,0.03433,0.0737
1133,1777817819480,Neutral,0.27927,0.01388,-0.00052,0.35748,0.12235,0.03416,0.07347,0.27827,0.01461,-0.0004,0.35748,0.12262,0.03428,0.07363
1134,1777817819515,Neutral,0.27768,0.01259,-0.00054,0.35757,0.12275,0.03397,0.07352,0.27809,0.014,-0.00044,0.35751,0.12266,0.03419,0.0736
1135,1777817819547,Neutral,0.27689,0.01319,-0.00065,0.35746,0.12288,0.03371,0.07362,0.27773,0.01376,-0.0005,0.35749,0.12273,0.03404,0.0736
1136,1777817819581,Neutral,0.27686,0.01291,-0.00054,0.35728,0.12301,0.03347,0.07373,0.27747,0.0135,-0.00052,0.35743,0.12281,0.03387,0.07364
1137,1777817819648,Neutral,0.27899,0.012,-0.00045,0.35738,0.12257,0.03374,0.07449,0.27792,0.01305,-0.0005,0.35741,0.12274,0.03383,0.0739
1138,1777817819715,Neutral,0.28006,0.01371,-0.00106,0.35727,0.12267,0.03347,0.07449,0.27856,0.01325,-0.00067,0.35737,0.12272,0.03372,0.07408
1139,1777817819748,Neutral,0.28095,0.01367,-0.00109,0.35712,0.12267,0.03322,0.07451,0.27928,0.01338,-0.00079,0.35729,0.12271,0.03357,0.07421
1140,1777817819816,Neutral,0.2812,0.01432,-0.00156,0.35746,0.12277,0.03308,0.0743,0.27986,0.01366,-0.00102,0.35735,0.12272,0.03343,0.07423
1141,1777817819881,Neutral,0.28102,0.01423,-0.00154,0.35796,0.12276,0.03285,0.07405,0.2802,0.01383,-0.00118,0.35753,0.12274,0.03325,0.07418
1142,1777817819914,Neutral,0.28097,0.01321,-0.00142,0.35814,0.12273,0.03273,0.07394,0.28044,0.01364,-0.00125,0.35771,0.12273,0.03309,0.07411
1143,1777817819947,Neutral,0.28159,0.01235,-0.00128,0.35815,0.12281,0.03237,0.07387,0.28078,0.01326,-0.00126,0.35784,0.12276,0.03288,0.07404
1144,1777817819981,Neutral,0.28179,0.01171,-0.00119,0.35838,0.12286,0.03229,0.07377,0.28109,0.01279,-0.00124,0.35801,0.12279,0.0327,0.07396
1145,1777817820048,Neutral,0.28357,0.01076,-0.00085,0.35822,0.12234,0.03199,0.07398,0.28183,0.01218,-0.00112,0.35807,0.12265,0.03249,0.07397
1146,1777817820114,Neutral,0.28282,0.01188,-0.00131,0.35834,0.1223,0.03191,0.07378,0.28213,0.01209,-0.00118,0.35815,0.12255,0.03232,0.07391
1147,1777817820147,Neutral,0.28229,0.0127,-0.00159,0.35824,0.12225,0.03208,0.07374,0.28218,0.01227,-0.0013,0.35818,0.12246,0.03224,0.07386
1148,1777817820180,Neutral,0.28205,0.01267,-0.00157,0.35815,0.1221,0.03193,0.0739,0.28214,0.01239,-0.00138,0.35817,0.12235,0.03215,0.07387
1149,1777817820214,Neutral,0.2829,0.01191,-0.00137,0.35805,0.12198,0.03202,0.07394,0.28237,0.01225,-0.00138,0.35813,0.12224,0.03211,0.07389
1150,1777817820247,Neutral,0.28417,0.01107,-0.00094,0.35807,0.12172,0.03174,0.07404,0.28291,0.01189,-0.00125,0.35811,0.12208,0.032,0.07394
1151,1777817820281,Neutral,0.28415,0.00994,-0.0005,0.35779,0.1218,0.03106,0.07415,0.28328,0.01131,-0.00102,0.35802,0.122,0.03172,0.074
1152,1777817820348,Neutral,0.28299,0.00763,0.00025,0.35885,0.12178,0.03002,0.07363,0.28319,0.0102,-0.00064,0.35827,0.12193,0.03121,0.07389
1153,1777817820414,Neutral,0.28103,0.00766,0.00087,0.35946,0.12188,0.03053,0.07335,0.28255,0.00944,-0.00019,0.35863,0.12192,0.031,0.07373
1154,1777817820448,Neutral,0.28364,0.00874,0.00079,0.35908,0.11943,0.0305,0.07276,0.28287,0.00923,0.0001,0.35876,0.12117,0.03085,0.07344
1155,1777817820515,Neutral,0.29954,0.01138,-0.00026,0.35902,0.11473,0.03034,0.07223,0.28787,0.00987,-1e-05,0.35884,0.11924,0.0307,0.07307
1156,1777817820580,Neutral,0.30063,0.01188,-0.00074,0.35857,0.11303,0.03052,0.07198,0.2917,0.01047,-0.00023,0.35876,0.11738,0.03064,0.07275
1157,1777817820613,Neutral,0.30054,0.01195,-0.00089,0.35831,0.11273,0.03054,0.07213,0.29435,0.01092,-0.00042,0.35862,0.11598,0.03061,0.07256
1158,1777817820647,Neutral,0.30188,0.01159,-0.00102,0.35787,0.11228,0.03059,0.07228,0.29661,0.01112,-0.0006,0.3584,0.11487,0.03061,0.07248
1159,1777817820681,Neutral,0.30141,0.01097,-0.00089,0.35695,0.1123,0.03059,0.07235,0.29805,0.01108,-0.00069,0.35796,0.1141,0.0306,0.07244
1160,1777817820714,Neutral,0.30023,0.00983,-0.00077,0.35667,0.11187,0.03078,0.0724,0.29871,0.0107,-0.00071,0.35758,0.11343,0.03065,0.07243
1161,1777817820747,Neutral,0.2978,0.00898,-0.00072,0.3564,0.1114,0.03089,0.07265,0.29843,0.01018,-0.00072,0.35722,0.11282,0.03073,0.07249
1162,1777817820815,Neutral,0.30276,0.00943,-0.0008,0.35571,0.11034,0.03124,0.07277,0.29973,0.00996,-0.00074,0.35677,0.11208,0.03088,0.07257
1163,1777817820847,Neutral,0.30342,0.00925,-0.00098,0.35514,0.11014,0.0313,0.07281,0.30084,0.00975,-0.00081,0.35628,0.1115,0.03101,0.07265
1164,1777817820880,Neutral,0.3042,0.00941,-0.00114,0.3547,0.10992,0.03139,0.07284,0.30185,0.00964,-0.00091,0.35581,0.11102,0.03112,0.0727
1165,1777817820914,Neutral,0.305,0.00927,-0.00117,0.35436,0.10989,0.0314,0.07292,0.30279,0.00953,-0.00099,0.35538,0.11068,0.03121,0.07277
1166,1777817820980,Neutral,0.30539,0.00921,-0.0011,0.35362,0.10972,0.0317,0.07327,0.30357,0.00943,-0.00102,0.35485,0.11039,0.03135,0.07292
1167,1777817821012,Neutral,0.30518,0.00933,-0.00107,0.35344,0.10966,0.03179,0.07337,0.30405,0.0094,-0.00104,0.35443,0.11017,0.03149,0.07306
1168,1777817821046,Neutral,0.30536,0.01019,-0.00126,0.35329,0.10968,0.03187,0.0734,0.30444,0.00964,-0.0011,0.35408,0.11003,0.0316,0.07316
1169,1777817821080,Neutral,0.30552,0.01023,-0.00123,0.35316,0.10946,0.03189,0.07333,0.30477,0.00981,-0.00114,0.35381,0.10986,0.03169,0.07321
1170,1777817821113,Neutral,0.30684,0.01055,-0.00134,0.35297,0.10927,0.03192,0.07322,0.30539,0.01004,-0.0012,0.35355,0.10968,0.03176,0.07321
1171,1777817821147,Neutral,0.30728,0.01075,-0.00141,0.35287,0.10912,0.0319,0.07315,0.30596,0.01025,-0.00126,0.35335,0.10951,0.0318,0.07319
1172,1777817821215,Neutral,0.30935,0.01107,-0.00153,0.35281,0.10913,0.03178,0.07315,0.30697,0.0105,-0.00134,0.35319,0.1094,0.03179,0.07318
1173,1777817821280,Neutral,0.31231,0.01006,-0.00143,0.35249,0.10907,0.03141,0.07319,0.30858,0.01037,-0.00137,0.35298,0.1093,0.03168,0.07318
1174,1777817821313,Neutral,0.31399,0.01055,-0.00164,0.35243,0.10901,0.03124,0.07315,0.3102,0.01042,-0.00145,0.35282,0.10921,0.03155,0.07317
1175,1777817821380,Neutral,0.32152,0.00876,-0.00085,0.35272,0.10882,0.03137,0.07463,0.3136,0.00992,-0.00127,0.35279,0.10909,0.03149,0.07361
1176,1777817821414,Neutral,0.32434,0.00946,-0.00098,0.35278,0.10838,0.03132,0.07493,0.31682,0.00978,-0.00118,0.35279,0.10888,0.03144,0.07401
1177,1777817821448,Neutral,0.331,0.00802,-0.00131,0.35273,0.10847,0.0305,0.07517,0.32107,0.00925,-0.00122,0.35277,0.10876,0.03116,0.07435
1178,1777817821514,Neutral,0.34044,0.00487,-0.00113,0.34706,0.10852,0.02481,0.07807,0.32688,0.00794,-0.00119,0.35105,0.10869,0.02925,0.07547
1179,1777817821547,Neutral,0.3478,0.00357,5e-05,0.34241,0.10834,0.019,0.08156,0.33316,0.00663,-0.00082,0.34846,0.10858,0.02618,0.0773
1180,1777817821579,Neutral,0.3513,0.00249,0.00279,0.33247,0.10797,0.01163,0.08526,0.3386,0.00539,0.00026,0.34366,0.1084,0.02181,0.07968
1181,1777817821614,Contempt,0.35958,0.00215,0.00412,0.32114,0.10766,0.00656,0.08832,0.3449,0.00442,0.00142,0.33691,0.10818,0.01724,0.08228
1182,1777817821681,Contempt,0.36292,0.00165,0.00334,0.318,0.10768,0.00159,0.08811,0.3503,0.00359,0.002,0.33124,0.10803,0.01255,0.08403
1183,1777817821747,Contempt,0.36557,0.00178,0.0021,0.31848,0.10717,0.00055,0.08747,0.35488,0.00304,0.00203,0.32741,0.10777,0.00895,0.08506
1184,1777817821814,Angry,0.36411,0.00217,-8e-05,0.32193,0.1065,0.00191,0.08661,0.35765,0.00278,0.00139,0.32577,0.10739,0.00683,0.08552
1185,1777817821849,Angry,0.36251,0.00231,-0.0008,0.32304,0.10673,0.00232,0.08623,0.35911,0.00264,0.00073,0.32495,0.10719,0.00548,0.08574
1186,1777817821915,Angry,0.35998,0.00207,-0.0014,0.32414,0.10711,0.00177,0.0859,0.35937,0.00247,9e-05,0.3247,0.10717,0.00437,0.08579
1187,1777817821979,Angry,0.36101,0.00159,-0.00165,0.32461,0.10629,0.0016,0.08473,0.35986,0.00221,-0.00043,0.32468,0.1069,0.00354,0.08547
1188,1777817822012,Angry,0.361,0.00187,-0.002,0.32562,0.10648,0.00168,0.08519,0.3602,0.00211,-0.0009,0.32496,0.10678,0.00298,0.08538
1189,1777817822046,Angry,0.35859,0.00194,-0.00188,0.32641,0.1066,0.002,0.08489,0.35972,0.00206,-0.00119,0.3254,0.10672,0.00269,0.08524
1190,1777817822080,Angry,0.35499,0.00209,-0.0016,0.328,0.10715,0.00129,0.08538,0.3583,0.00207,-0.00132,0.32618,0.10685,0.00227,0.08528
1191,1777817822113,Angry,0.35336,0.00191,-0.00147,0.32911,0.10741,0.00091,0.08549,0.35682,0.00202,-0.00136,0.32706,0.10702,0.00186,0.08534
1192,1777817822148,Angry,0.35276,0.0018,-0.00152,0.32943,0.10712,0.0009,0.08531,0.3556,0.00195,-0.00141,0.32777,0.10705,0.00157,0.08533
1193,1777817822213,Angry,0.35341,0.00223,-0.00187,0.32952,0.10702,0.0011,0.08611,0.35494,0.00204,-0.00155,0.3283,0.10704,0.00143,0.08556
1194,1777817822280,Angry,0.35709,0.00233,-0.00158,0.32967,0.10681,0.00171,0.08569,0.35559,0.00213,-0.00156,0.32871,0.10697,0.00151,0.0856
1195,1777817822314,Angry,0.35156,0.00245,-0.00144,0.32986,0.10774,0.00143,0.08571,0.35438,0.00222,-0.00152,0.32905,0.1072,0.00149,0.08564
1196,1777817822381,Neutral,0.18139,0.00338,-0.00132,0.32881,0.13998,0.00109,0.08753,0.30248,0.00257,-0.00146,0.32898,0.11704,0.00137,0.0862
1197,1777817822447,Neutral,0.10572,0.00362,-0.0009,0.32835,0.15505,0.00046,0.08779,0.24345,0.00289,-0.00129,0.32879,0.12844,0.0011,0.08668
1198,1777817822479,Neutral,0.12961,0.00412,-0.00047,0.32795,0.15165,0.00038,0.08821,0.2093,0.00326,-0.00105,0.32854,0.1354,0.00088,0.08714
1199,1777817822513,Neutral,0.16176,0.00442,0.00016,0.32849,0.14649,0.00148,0.08877,0.19504,0.00361,-0.00068,0.32852,0.13873,0.00106,0.08763
1200,1777817822547,Neutral,0.17593,0.00481,-8e-05,0.32865,0.14489,0.00146,0.08948,0.18931,0.00397,-0.0005,0.32856,0.14058,0.00118,0.08818
1201,1777817822615,Neutral,0.21465,0.00404,-0.0003,0.3288,0.13962,0.00175,0.08942,0.19691,0.00399,-0.00044,0.32863,0.14029,0.00135,0.08856
1202,1777817822679,Neutral,0.2414,0.0038,-0.00063,0.32886,0.13539,0.00211,0.08864,0.21026,0.00393,-0.0005,0.3287,0.13882,0.00158,0.08858
1203,1777817822713,Neutral,0.25429,0.00345,-0.00042,0.32889,0.13311,0.00226,0.08863,0.22347,0.00379,-0.00047,0.32876,0.13711,0.00178,0.08859
1204,1777817822746,Neutral,0.26551,0.0032,-0.00025,0.32908,0.13108,0.00232,0.08839,0.23608,0.00361,-0.00041,0.32886,0.1353,0.00195,0.08853
1205,1777817822780,Neutral,0.27259,0.00273,1e-05,0.32898,0.12997,0.00287,0.08805,0.24703,0.00335,-0.00028,0.32889,0.1337,0.00222,0.08839
1206,1777817822812,Neutral,0.2743,0.00238,0.00027,0.32896,0.12999,0.00384,0.08778,0.25521,0.00306,-0.00012,0.32891,0.13259,0.00271,0.08821
1207,1777817822848,Neutral,0.27764,0.00298,0.00048,0.32894,0.12926,0.00511,0.08742,0.26194,0.00303,6e-05,0.32892,0.13159,0.00343,0.08797
1208,1777817822913,Neutral,0.28093,0.00375,0.00281,0.3287,0.1286,0.00757,0.08817,0.26764,0.00325,0.00089,0.32885,0.13069,0.00467,0.08803
1209,1777817822946,Neutral,0.28403,0.00428,0.00283,0.32886,0.12769,0.0076,0.08776,0.27256,0.00356,0.00147,0.32886,0.12979,0.00555,0.08795
1210,1777817822979,Neutral,0.28175,0.00442,0.00441,0.32869,0.12838,0.00887,0.08843,0.27531,0.00382,0.00235,0.32881,0.12937,0.00655,0.08809
1211,1777817823013,Neutral,0.28446,0.00497,0.0062,0.32777,0.12747,0.01096,0.08853,0.27806,0.00416,0.00351,0.3285,0.1288,0.00787,0.08822
1212,1777817823081,Contempt,0.2813,0.00426,0.00867,0.33066,0.12927,0.01556,0.08764,0.27903,0.00419,0.00506,0.32915,0.12894,0.01018,0.08805
1213,1777817823146,Contempt,0.27818,0.00498,0.00911,0.33193,0.12811,0.0169,0.0873,0.27877,0.00443,0.00627,0.32998,0.12869,0.01219,0.08782
1214,1777817823179,Contempt,0.27518,0.00505,0.00976,0.33319,0.12799,0.01743,0.08733,0.2777,0.00462,0.00732,0.33094,0.12848,0.01376,0.08768
1215,1777817823213,Contempt,0.27433,0.005,0.00994,0.33422,0.12737,0.01647,0.08675,0.27669,0.00473,0.0081,0.33193,0.12815,0.01458,0.0874
1216,1777817823247,Contempt,0.27298,0.00541,0.00998,0.33433,0.1275,0.01506,0.08624,0.27558,0.00493,0.00867,0.33265,0.12795,0.01472,0.08705
1217,1777817823314,Contempt,0.27028,0.00576,0.00982,0.3355,0.12786,0.01337,0.08431,0.27399,0.00518,0.00901,0.3335,0.12792,0.01431,0.08623
1218,1777817823379,Contempt,0.27101,0.00775,0.00933,0.33589,0.1244,0.01173,0.08435,0.27309,0.00595,0.00911,0.33422,0.12687,0.01354,0.08567
1219,1777817823413,Contempt,0.28884,0.00768,0.00951,0.3365,0.11805,0.01119,0.08459,0.27782,0.00647,0.00923,0.3349,0.12422,0.01283,0.08534
1220,1777817823446,Contempt,0.31444,0.00743,0.00915,0.33668,0.11151,0.01011,0.08393,0.2888,0.00676,0.0092,0.33544,0.12041,0.01202,0.08492
1221,1777817823480,Contempt,0.325,0.00737,0.00886,0.33715,0.10832,0.00908,0.08333,0.29966,0.00694,0.0091,0.33595,0.11678,0.01113,0.08444
1222,1777817823512,Contempt,0.32799,0.00783,0.00837,0.33704,0.10729,0.00828,0.08291,0.30816,0.00721,0.00888,0.33628,0.11394,0.01028,0.08399
1223,1777817823547,Contempt,0.32858,0.00805,0.00829,0.33692,0.10699,0.00733,0.08273,0.31429,0.00746,0.00871,0.33647,0.11185,0.00939,0.08361
1224,1777817823613,Neutral,0.32662,0.00798,0.00798,0.33786,0.10611,0.00473,0.08175,0.31799,0.00762,0.00849,0.33688,0.11013,0.00799,0.08305
1225,1777817823679,Neutral,0.32803,0.00857,0.00799,0.3395,0.10536,0.00285,0.08308,0.321,0.0079,0.00834,0.33767,0.1087,0.00645,0.08306
1226,1777817823713,Neutral,0.32531,0.00843,0.00806,0.34038,0.10533,0.00212,0.08313,0.32229,0.00806,0.00826,0.33848,0.10769,0.00515,0.08308
1227,1777817823780,Neutral,0.3249,0.00802,0.00738,0.34057,0.1049,0.00154,0.08311,0.32308,0.00805,0.008,0.33911,0.10685,0.00407,0.08309
1228,1777817823813,Neutral,0.32552,0.00813,0.00694,0.34014,0.1049,0.00126,0.08335,0.32381,0.00807,0.00768,0.33942,0.10627,0.00323,0.08317
1229,1777817823846,Neutral,0.32604,0.00819,0.00666,0.34001,0.10488,0.00081,0.0833,0.32448,0.00811,0.00737,0.33959,0.10585,0.0025,0.08321
1230,1777817823879,Neutral,0.32634,0.00829,0.0065,0.3398,0.10495,0.00017,0.08307,0.32504,0.00816,0.00711,0.33965,0.10558,0.0018,0.08317
1231,1777817823913,Neutral,0.32755,0.00837,0.0062,0.33982,0.10495,0.00036,0.08293,0.32579,0.00822,0.00684,0.33971,0.10539,0.00137,0.0831
1232,1777817823946,Neutral,0.32847,0.00864,0.00592,0.33982,0.10498,0.00051,0.08296,0.3266,0.00835,0.00656,0.33974,0.10527,0.00111,0.08305
1233,1777817824014,Neutral,0.32858,0.00862,0.00566,0.33997,0.10509,0.00063,0.08291,0.32719,0.00843,0.00629,0.33981,0.10521,0.00097,0.08301
1234,1777817824079,Neutral,0.32876,0.00844,0.00554,0.3397,0.10492,0.00067,0.08294,0.32766,0.00843,0.00607,0.33978,0.10513,0.00088,0.08299
1235,1777817824112,Neutral,0.32879,0.00829,0.0054,0.33972,0.10485,0.00084,0.0829,0.328,0.00839,0.00587,0.33976,0.10504,0.00087,0.08296
1236,1777817824145,Neutral,0.33069,0.00822,0.00505,0.33919,0.10486,0.00123,0.08275,0.32881,0.00834,0.00562,0.33959,0.10499,0.00098,0.0829
1237,1777817824179,Neutral,0.33257,0.00794,0.00474,0.33867,0.1052,0.00171,0.08278,0.32994,0.00822,0.00536,0.33931,0.10505,0.0012,0.08286
1238,1777817824212,Neutral,0.32313,0.00778,0.00422,0.33829,0.10852,0.00235,0.08278,0.32789,0.00809,0.00502,0.33901,0.10609,0.00154,0.08284
1239,1777817824247,Neutral,0.29317,0.00775,0.0037,0.33852,0.11611,0.00264,0.08333,0.31748,0.00799,0.00462,0.33886,0.1091,0.00187,0.08299
1240,1777817824312,Neutral,0.2767,0.00638,0.00236,0.33789,0.12093,0.00032,0.08393,0.30524,0.0075,0.00394,0.33857,0.11265,0.00141,0.08327
1241,1777817824345,Neutral,0.2745,0.00579,0.00212,0.33758,0.1222,0.0001,0.08448,0.29602,0.00699,0.0034,0.33827,0.11551,0.00102,0.08363
1242,1777817824379,Neutral,0.27316,0.0054,0.00203,0.33685,0.12307,2e-05,0.08466,0.28916,0.00651,0.00299,0.33785,0.11778,0.00072,0.08394
1243,1777817824413,Neutral,0.27507,0.0053,0.0019,0.33645,0.12306,0.00024,0.08488,0.28493,0.00615,0.00266,0.33743,0.11936,0.00057,0.08422
1244,1777817824446,Neutral,0.27652,0.00523,0.00181,0.33743,0.12316,0.00046,0.08491,0.28241,0.00587,0.00241,0.33743,0.1205,0.00054,0.08443
1245,1777817824480,Neutral,0.27763,0.00518,0.00178,0.33797,0.12314,0.00083,0.08497,0.28098,0.00567,0.00222,0.33759,0.12129,0.00063,0.08459
1246,1777817824546,Neutral,0.27899,0.00504,0.00165,0.33747,0.12312,0.00122,0.085,0.28038,0.00548,0.00205,0.33756,0.12184,0.0008,0.08471
1247,1777817824579,Neutral,0.27972,0.00499,0.00158,0.33741,0.12321,0.00144,0.08502,0.28018,0.00533,0.00191,0.33751,0.12225,0.001,0.08481
1248,1777817824612,Neutral,0.2806,0.00496,0.00147,0.33733,0.12331,0.00155,0.08505,0.28031,0.00522,0.00178,0.33746,0.12257,0.00116,0.08488
1249,1777817824646,Neutral,0.28061,0.00495,0.00124,0.33722,0.12367,0.00165,0.08518,0.2804,0.00514,0.00161,0.33739,0.1229,0.00131,0.08497
1250,1777817824678,Neutral,0.28037,0.00475,0.00119,0.3372,0.12406,0.00148,0.08539,0.28039,0.00502,0.00149,0.33733,0.12325,0.00136,0.0851
1251,1777817824714,Neutral,0.28032,0.00472,0.00081,0.33727,0.1245,0.00158,0.08547,0.28037,0.00493,0.00128,0.33731,0.12362,0.00143,0.08521
1252,1777817824779,Neutral,0.27855,0.00462,-5e-05,0.337,0.1256,0.00126,0.08548,0.27982,0.00484,0.00088,0.33722,0.12422,0.00138,0.08529
1253,1777817824812,Neutral,0.28068,0.00463,-0.00047,0.33683,0.12592,0.00125,0.08581,0.28008,0.00477,0.00048,0.3371,0.12473,0.00134,0.08544
1254,1777817824846,Neutral,0.2804,0.00537,-0.00085,0.33644,0.12598,0.00153,0.08592,0.28017,0.00495,8e-05,0.3369,0.12511,0.0014,0.08559
1255,1777817824879,Neutral,0.28021,0.00545,-0.00102,0.33622,0.12638,0.002,0.08634,0.28018,0.0051,-0.00025,0.3367,0.12549,0.00158,0.08581
1256,1777817824912,Neutral,0.28304,0.00534,-0.00099,0.33612,0.12631,0.00274,0.08678,0.28104,0.00517,-0.00047,0.33653,0.12574,0.00193,0.0861
1257,1777817824947,Neutral,0.28295,0.00493,-0.00083,0.33624,0.12609,0.0042,0.08648,0.28161,0.0051,-0.00058,0.33644,0.12584,0.00261,0.08622
1258,1777817825012,Neutral,0.2854,0.00371,0.0011,0.34079,0.12647,0.00591,0.08649,0.28275,0.00468,-8e-05,0.33775,0.12603,0.0036,0.0863
1259,1777817825045,Neutral,0.28384,0.0036,0.00125,0.34374,0.12581,0.00841,0.08592,0.28308,0.00436,0.00032,0.33954,0.12596,0.00504,0.08618
1260,1777817825079,Neutral,0.28335,0.00336,0.00189,0.34598,0.12631,0.01044,0.08533,0.28316,0.00406,0.00079,0.34147,0.12607,0.00666,0.08593
1261,1777817825113,Contempt,0.28352,0.00328,0.00229,0.34682,0.12602,0.01199,0.08461,0.28327,0.00383,0.00124,0.34308,0.12605,0.00826,0.08553
1262,1777817825180,Contempt,0.28442,0.00279,0.00267,0.34755,0.12572,0.01524,0.08413,0.28361,0.00352,0.00167,0.34442,0.12595,0.01035,0.08511
1263,1777817825212,Contempt,0.28396,0.00266,0.00305,0.34772,0.12546,0.01579,0.08411,0.28372,0.00326,0.00208,0.34541,0.12581,0.01199,0.08481
1264,1777817825246,Contempt,0.28507,0.00287,0.00306,0.34787,0.12517,0.01676,0.08391,0.28412,0.00314,0.00238,0.34615,0.12561,0.01342,0.08454
1265,1777817825278,Contempt,0.28395,0.00273,0.00334,0.34803,0.12506,0.01757,0.08347,0.28407,0.00302,0.00267,0.34671,0.12545,0.01466,0.08422
1266,1777817825311,Contempt,0.28326,0.00287,0.00322,0.34796,0.12544,0.01789,0.08321,0.28383,0.00297,0.00283,0.34709,0.12544,0.01563,0.08392
1267,1777817825346,Contempt,0.2833,0.00271,0.0035,0.3488,0.12555,0.01864,0.0827,0.28367,0.0029,0.00303,0.3476,0.12548,0.01654,0.08355
1268,1777817825379,Contempt,0.28579,0.00289,0.00364,0.34872,0.12536,0.01844,0.08218,0.28431,0.00289,0.00322,0.34794,0.12544,0.01711,0.08314
1269,1777817825413,Contempt,0.28423,0.00247,0.00421,0.3486,0.12513,0.01835,0.08235,0.28429,0.00277,0.00351,0.34814,0.12535,0.01748,0.0829
1270,1777817825478,Contempt,0.28503,0.00267,0.00371,0.34841,0.1227,0.01865,0.08314,0.28451,0.00274,0.00357,0.34822,0.12455,0.01783,0.08297
1271,1777817825512,Contempt,0.29572,0.00285,0.00332,0.34813,0.11907,0.01865,0.08312,0.28787,0.00277,0.0035,0.34819,0.12291,0.01808,0.08302
1272,1777817825545,Contempt,0.30452,0.00339,0.00308,0.34767,0.11591,0.01894,0.08279,0.29287,0.00296,0.00337,0.34804,0.12081,0.01834,0.08295
1273,1777817825610,Contempt,0.31751,0.0034,0.00267,0.34749,0.11282,0.01923,0.0824,0.30026,0.00309,0.00316,0.34787,0.11841,0.01861,0.08278
1274,1777817825645,Contempt,0.32252,0.00374,0.00198,0.34766,0.1116,0.01897,0.08235,0.30694,0.00328,0.00281,0.34781,0.11637,0.01871,0.08265
1275,1777817825712,Contempt,0.33115,0.00406,0.00186,0.34817,0.10975,0.01915,0.0823,0.3142,0.00352,0.00252,0.34792,0.11438,0.01884,0.08255
1276,1777817825745,Contempt,0.33456,0.00413,0.00184,0.34785,0.10905,0.01866,0.08245,0.32031,0.0037,0.00232,0.3479,0.11278,0.01879,0.08252
1277,1777817825779,Contempt,0.34008,0.00416,0.00185,0.34742,0.10783,0.01834,0.08237,0.32624,0.00384,0.00218,0.34775,0.1113,0.01865,0.08248
1278,1777817825813,Contempt,0.3443,0.00416,0.00186,0.34727,0.107,0.0182,0.08239,0.33166,0.00394,0.00208,0.34761,0.11001,0.01852,0.08245
1279,1777817825880,Contempt,0.35038,0.00403,0.00202,0.34728,0.10586,0.01784,0.08233,0.33727,0.00396,0.00207,0.34751,0.10876,0.01831,0.08241
1280,1777817825945,Contempt,0.34799,0.00366,0.00215,0.347,0.10558,0.01798,0.08301,0.34049,0.00387,0.00209,0.34736,0.10781,0.01821,0.08259
1281,1777817825978,Contempt,0.34952,0.00353,0.00223,0.34672,0.10529,0.01757,0.08309,0.3432,0.00377,0.00213,0.34717,0.10705,0.01802,0.08274
1282,1777817826011,Contempt,0.35085,0.00343,0.00224,0.34643,0.10548,0.01689,0.08311,0.34549,0.00367,0.00216,0.34695,0.10658,0.01768,0.08285
1283,1777817826046,Contempt,0.3507,0.00337,0.00181,0.34619,0.10575,0.01632,0.08294,0.34706,0.00358,0.00206,0.34672,0.10633,0.01727,0.08288
1284,1777817826078,Contempt,0.3502,0.00355,0.00138,0.34609,0.10588,0.01591,0.08306,0.348,0.00357,0.00186,0.34653,0.1062,0.01686,0.08293
1285,1777817826113,Contempt,0.3497,0.00384,0.00127,0.3451,0.10596,0.0155,0.08325,0.34851,0.00365,0.00168,0.3461,0.10613,0.01646,0.08303
1286,1777817826178,Contempt,0.35026,0.00371,0.00165,0.34477,0.1053,0.01583,0.0832,0.34904,0.00367,0.00167,0.3457,0.10588,0.01627,0.08308
1287,1777817826212,Contempt,0.34877,0.00368,0.00197,0.3448,0.10535,0.01588,0.08318,0.34895,0.00367,0.00176,0.34543,0.10572,0.01615,0.08311
1288,1777817826245,Contempt,0.34823,0.00371,0.00184,0.34331,0.10536,0.01585,0.08294,0.34874,0.00368,0.00178,0.34479,0.10561,0.01606,0.08306
1289,1777817826279,Contempt,0.34824,0.00353,0.00205,0.34307,0.10547,0.01542,0.08257,0.34859,0.00364,0.00186,0.34428,0.10557,0.01587,0.08291
1290,1777817826347,Contempt,0.34659,0.00403,0.00134,0.34269,0.10587,0.01477,0.08274,0.34799,0.00375,0.00171,0.3438,0.10566,0.01554,0.08286
1291,1777817826412,Contempt,0.34855,0.00372,0.00182,0.34203,0.10551,0.01453,0.08304,0.34816,0.00375,0.00174,0.34327,0.10562,0.01524,0.08291
1292,1777817826445,Contempt,0.35076,0.00368,0.00183,0.34189,0.10549,0.01424,0.08296,0.34894,0.00373,0.00177,0.34286,0.10558,0.01494,0.08293
1293,1777817826479,Contempt,0.34962,0.00365,0.00194,0.34111,0.10568,0.01437,0.08322,0.34914,0.0037,0.00182,0.34233,0.10561,0.01477,0.08301
1294,1777817826512,Contempt,0.34891,0.00379,0.0018,0.34042,0.10556,0.0148,0.08326,0.34907,0.00373,0.00181,0.34176,0.10559,0.01478,0.08309
1295,1777817826578,Contempt,0.35054,0.00414,0.00225,0.34028,0.10533,0.01534,0.08428,0.34951,0.00385,0.00194,0.34132,0.10551,0.01494,0.08345
1296,1777817826611,Contempt,0.34999,0.00432,0.00179,0.34101,0.10535,0.01594,0.08376,0.34966,0.00399,0.0019,0.34122,0.10546,0.01524,0.08354
1297,1777817826645,Contempt,0.35081,0.00409,0.00153,0.34119,0.10563,0.01638,0.08333,0.35,0.00402,0.00179,0.34121,0.10551,0.01559,0.08348
1298,1777817826678,Contempt,0.35114,0.00404,0.00147,0.34164,0.10577,0.01637,0.0831,0.35034,0.00403,0.00169,0.34134,0.10559,0.01582,0.08336
1299,1777817826746,Contempt,0.35104,0.00399,0.00126,0.34186,0.10607,0.01635,0.08269,0.35055,0.00402,0.00156,0.3415,0.10573,0.01598,0.08316
1300,1777817826778,Contempt,0.35095,0.00404,0.00116,0.3418,0.10624,0.01624,0.08256,0.35067,0.00402,0.00144,0.34159,0.10589,0.01606,0.08298
1301,1777817826813,Contempt,0.35122,0.00375,0.0012,0.34193,0.10621,0.01669,0.08228,0.35084,0.00394,0.00137,0.34169,0.10598,0.01625,0.08277
1302,1777817826878,Contempt,0.35118,0.00334,0.00136,0.34183,0.10606,0.01673,0.08237,0.35094,0.00376,0.00137,0.34173,0.10601,0.01639,0.08265
1303,1777817826912,Contempt,0.35167,0.00355,0.00122,0.34179,0.10603,0.0166,0.08256,0.35116,0.0037,0.00132,0.34175,0.10601,0.01646,0.08262
1304,1777817826945,Contempt,0.35104,0.00359,0.00119,0.34162,0.10583,0.01643,0.08274,0.35112,0.00367,0.00128,0.34171,0.10596,0.01645,0.08266
1305,1777817826979,Contempt,0.35006,0.00368,0.0011,0.34153,0.10585,0.01623,0.08291,0.3508,0.00367,0.00123,0.34166,0.10593,0.01638,0.08273
1306,1777817827045,Contempt,0.34966,0.00372,0.00113,0.34141,0.10589,0.0158,0.08322,0.35046,0.00369,0.0012,0.34158,0.10592,0.01621,0.08288
1307,1777817827110,Contempt,0.35083,0.00377,0.00104,0.34159,0.10593,0.01561,0.08346,0.35057,0.00371,0.00115,0.34158,0.10592,0.01603,0.08305
1308,1777817827144,Contempt,0.3511,0.00363,0.00095,0.34165,0.10584,0.01562,0.08329,0.35073,0.00369,0.00109,0.3416,0.10589,0.01591,0.08312
1309,1777817827178,Contempt,0.35102,0.00357,0.00098,0.34168,0.10579,0.01579,0.08311,0.35082,0.00365,0.00106,0.34163,0.10586,0.01587,0.08312
1310,1777817827211,Contempt,0.35055,0.00349,0.00102,0.34184,0.10574,0.01587,0.08291,0.35074,0.0036,0.00105,0.34169,0.10583,0.01587,0.08305
1311,1777817827244,Contempt,0.35094,0.00341,0.00098,0.34199,0.10588,0.01588,0.08261,0.3508,0.00354,0.00103,0.34178,0.10584,0.01587,0.08292
1312,1777817827278,Contempt,0.34995,0.00346,0.00106,0.3421,0.10599,0.01575,0.08251,0.35054,0.00352,0.00104,0.34188,0.10589,0.01584,0.0828
1313,1777817827344,Contempt,0.35205,0.00346,0.00182,0.34195,0.10575,0.01528,0.08257,0.351,0.0035,0.00127,0.3419,0.10585,0.01567,0.08273
1314,1777817827411,Contempt,0.35181,0.00374,0.00213,0.34215,0.10586,0.01503,0.08306,0.35124,0.00357,0.00153,0.34197,0.10585,0.01548,0.08283
1315,1777817827446,Contempt,0.35223,0.00396,0.00208,0.34218,0.10567,0.01511,0.08328,0.35154,0.00369,0.00169,0.34203,0.10579,0.01537,0.08296
1316,1777817827513,Contempt,0.35255,0.00419,0.00173,0.34297,0.10557,0.01522,0.08354,0.35184,0.00384,0.00171,0.34231,0.10573,0.01533,0.08314
1317,1777817827578,Contempt,0.35476,0.00406,0.00117,0.34269,0.10575,0.01556,0.08274,0.35272,0.00391,0.00155,0.34243,0.10573,0.01539,0.08302
1318,1777817827611,Contempt,0.35417,0.00392,0.00109,0.3425,0.10569,0.01565,0.08265,0.35315,0.00391,0.00141,0.34245,0.10572,0.01547,0.08291
1319,1777817827645,Contempt,0.3532,0.00385,0.00101,0.34255,0.10565,0.01563,0.08258,0.35317,0.00389,0.00129,0.34248,0.1057,0.01552,0.08281
1320,1777817827679,Contempt,0.35243,0.0038,0.00098,0.3426,0.10552,0.01577,0.08242,0.35295,0.00387,0.00119,0.34252,0.10565,0.01559,0.08269
1321,1777817827746,Contempt,0.35394,0.00397,0.00105,0.34325,0.10525,0.01533,0.08194,0.35324,0.0039,0.00115,0.34274,0.10553,0.01552,0.08247
1322,1777817827811,Contempt,0.35401,0.00422,0.00092,0.34265,0.1054,0.01533,0.08192,0.35347,0.004,0.00108,0.34271,0.10549,0.01546,0.0823
1323,1777817827845,Contempt,0.35369,0.0041,0.00102,0.34259,0.10538,0.01535,0.08201,0.35354,0.00403,0.00106,0.34268,0.10546,0.01543,0.08221
1324,1777817827878,Contempt,0.35327,0.00416,0.00087,0.34212,0.10541,0.01536,0.08228,0.35346,0.00407,0.00101,0.34251,0.10544,0.01541,0.08223
1325,1777817827911,Contempt,0.35271,0.0041,0.00074,0.34203,0.10541,0.01544,0.0823,0.35323,0.00408,0.00093,0.34237,0.10543,0.01542,0.08225
1326,1777817827944,Neutral,0.35215,0.00417,0.00074,0.342,0.10543,0.01545,0.08228,0.35291,0.00411,0.00087,0.34226,0.10543,0.01543,0.08226
1327,1777817827979,Neutral,0.35232,0.00415,0.00081,0.34196,0.10547,0.01539,0.08232,0.35273,0.00412,0.00085,0.34217,0.10544,0.01542,0.08228
1328,1777817828045,Neutral,0.35247,0.00402,0.00082,0.34168,0.10521,0.01556,0.08222,0.35265,0.00409,0.00084,0.34202,0.10537,0.01546,0.08226
1329,1777817828078,Neutral,0.35251,0.00399,0.00085,0.34144,0.10501,0.01553,0.08231,0.35261,0.00406,0.00085,0.34185,0.10527,0.01548,0.08228
1330,1777817828111,Neutral,0.35312,0.00391,0.00095,0.34122,0.10496,0.01539,0.08235,0.35276,0.00401,0.00088,0.34166,0.10518,0.01545,0.0823
1331,1777817828145,Contempt,0.35321,0.00384,0.00106,0.34119,0.10496,0.01544,0.08219,0.3529,0.00396,0.00093,0.34152,0.10511,0.01545,0.08227
1332,1777817828212,Contempt,0.35295,0.00385,0.00102,0.34111,0.10495,0.01531,0.08238,0.35291,0.00393,0.00096,0.34139,0.10506,0.01541,0.0823
1333,1777817828245,Contempt,0.33213,0.00387,0.00126,0.34138,0.10923,0.01476,0.08259,0.34668,0.00391,0.00105,0.34139,0.10631,0.01522,0.08239
1334,1777817828278,Contempt,0.23407,0.00397,0.00157,0.34187,0.12983,0.01423,0.08319,0.31289,0.00393,0.0012,0.34153,0.11337,0.01492,0.08263
1335,1777817828312,Contempt,0.05996,0.00434,0.00207,0.34038,0.16364,0.01348,0.08431,0.23701,0.00405,0.00146,0.34119,0.12845,0.01449,0.08313
1336,1777817828345,Contempt,0.027,0.00473,0.00245,0.33858,0.17297,0.01293,0.08478,0.17401,0.00426,0.00176,0.34041,0.14181,0.01402,0.08363
1337,1777817828378,Contempt,0.02622,0.00462,0.00268,0.33589,0.17532,0.01159,0.08517,0.12967,0.00436,0.00203,0.33905,0.15186,0.01329,0.08409
1338,1777817828411,Contempt,0.03822,0.00459,0.00249,0.33288,0.17228,0.00985,0.08541,0.10224,0.00443,0.00217,0.3372,0.15798,0.01226,0.08449
1339,1777817828446,Contempt,0.05494,0.0048,0.00267,0.33005,0.16915,0.00883,0.08575,0.08805,0.00454,0.00232,0.33505,0.16133,0.01123,0.08487
1340,1777817828511,Contempt,0.10405,0.00503,0.00254,0.32833,0.16305,0.00737,0.08597,0.09285,0.00469,0.00239,0.33304,0.16185,0.01007,0.0852
1341,1777817828544,Contempt,0.11787,0.00519,0.00229,0.32668,0.16127,0.00663,0.08605,0.10035,0.00484,0.00236,0.33113,0.16167,0.00904,0.08545
1342,1777817828578,Contempt,0.12742,0.0055,0.00222,0.32588,0.16064,0.0063,0.08637,0.10848,0.00504,0.00232,0.32956,0.16136,0.00822,0.08573
1343,1777817828612,Neutral,0.1354,0.00586,0.0021,0.32485,0.15947,0.0055,0.08679,0.11655,0.00528,0.00225,0.32814,0.1608,0.0074,0.08605
1344,1777817828644,Neutral,0.14849,0.0062,0.00225,0.32373,0.15741,0.00499,0.08735,0.12613,0.00556,0.00225,0.32682,0.15978,0.00668,0.08644
1345,1777817828711,Neutral,0.15737,0.00627,0.001,0.32217,0.15558,0.00387,0.08801,0.1355,0.00577,0.00188,0.32543,0.15852,0.00584,0.08691
1346,1777817828744,Neutral,0.16938,0.00632,0.00177,0.32123,0.1539,0.00402,0.08903,0.14567,0.00594,0.00185,0.32417,0.15713,0.00529,0.08755
1347,1777817828778,Neutral,0.1777,0.00641,0.00188,0.32027,0.15252,0.0035,0.08946,0.15528,0.00608,0.00186,0.323,0.15575,0.00475,0.08812
1348,1777817828812,Neutral,0.18463,0.00911,0.00214,0.31749,0.15177,0.00413,0.09024,0.16408,0.00699,0.00194,0.32135,0.15456,0.00456,0.08876
1349,1777817828845,Neutral,0.19237,0.01594,0.0017,0.31197,0.15061,0.00351,0.09048,0.17257,0.00967,0.00187,0.31853,0.15337,0.00425,0.08927
1350,1777817828912,Neutral,0.20272,0.02178,-7e-05,0.31198,0.14974,0.00322,0.09041,0.18161,0.01331,0.00129,0.31656,0.15228,0.00394,0.08961
1351,1777817829011,Neutral,0.21047,0.0471,-0.00421,0.31099,0.1494,0.00387,0.09107,0.19027,0.02345,-0.00036,0.31489,0.15142,0.00392,0.09005
1352,1777817829076,Neutral,0.20683,0.04997,-0.00477,0.31078,0.15029,0.00312,0.09,0.19524,0.0314,-0.00168,0.31366,0.15108,0.00368,0.09004
1353,1777817829109,Neutral,0.20518,0.05181,-0.00549,0.31211,0.15097,0.0026,0.0893,0.19822,0.03753,-0.00282,0.3132,0.15105,0.00336,0.08982
1354,1777817829145,Neutral,0.20449,0.05408,-0.00605,0.31316,0.15114,0.00267,0.089,0.2001,0.04249,-0.00379,0.31318,0.15108,0.00315,0.08957
1355,1777817829210,Neutral,0.20045,0.05854,-0.00675,0.31276,0.15272,0.00307,0.08949,0.20021,0.04731,-0.00468,0.31306,0.15157,0.00313,0.08955
1356,1777817829277,Neutral,0.19954,0.05658,-0.00608,0.31298,0.15327,0.00336,0.09,0.20001,0.05009,-0.0051,0.31303,0.15208,0.00319,0.08968
1357,1777817829312,Neutral,0.19556,0.05391,-0.00582,0.31322,0.15375,0.00282,0.08922,0.19868,0.05123,-0.00532,0.31309,0.15258,0.00308,0.08955
1358,1777817829378,Neutral,0.18127,0.07386,-0.0087,0.31325,0.15542,0.00308,0.08842,0.19346,0.05802,-0.00633,0.31314,0.15343,0.00308,0.08921
1359,1777817829444,Neutral,0.1809,0.06939,-0.00826,0.31302,0.15525,0.00382,0.08748,0.18969,0.06143,-0.00691,0.3131,0.15398,0.0033,0.08869
1360,1777817829477,Neutral,0.18444,0.06755,-0.00788,0.31294,0.15491,0.00302,0.0875,0.18812,0.06327,-0.0072,0.31305,0.15426,0.00322,0.08833
1361,1777817829511,Neutral,0.19032,0.07084,-0.00818,0.313,0.15427,0.00303,0.08779,0.18878,0.06554,-0.00749,0.31304,0.15426,0.00316,0.08817
1362,1777817829544,Neutral,0.1922,0.06819,-0.0083,0.31327,0.15467,0.00355,0.08742,0.1898,0.06633,-0.00773,0.31311,0.15438,0.00328,0.08794
1363,1777817829577,Neutral,0.18835,0.0736,-0.00941,0.31367,0.15458,0.00334,0.08798,0.18937,0.06851,-0.00824,0.31328,0.15444,0.0033,0.08795
1364,1777817829613,Neutral,0.20097,0.07639,-0.01001,0.31341,0.1528,0.00401,0.08769,0.19285,0.07088,-0.00877,0.31332,0.15395,0.00351,0.08787
1365,1777817829677,Neutral,0.21184,0.07287,-0.01027,0.3142,0.15092,0.00466,0.08683,0.19855,0.07147,-0.00922,0.31358,0.15304,0.00386,0.08756
1366,1777817829711,Neutral,0.21408,0.06813,-0.00949,0.31502,0.15028,0.00419,0.08727,0.20321,0.07047,-0.0093,0.31401,0.15221,0.00396,0.08747
1367,1777817829744,Neutral,0.21374,0.06665,-0.0093,0.31446,0.14945,0.00495,0.08701,0.20637,0.06933,-0.0093,0.31415,0.15138,0.00425,0.08733
1368,1777817829778,Neutral,0.20454,0.07345,-0.0101,0.31167,0.15063,0.00494,0.08783,0.20582,0.07056,-0.00954,0.3134,0.15116,0.00446,0.08748
1369,1777817829811,Neutral,0.20008,0.07886,-0.01063,0.31223,0.15206,0.00319,0.08706,0.2041,0.07305,-0.00987,0.31305,0.15143,0.00408,0.08736
1370,1777817829844,Neutral,0.20099,0.07941,-0.01076,0.31193,0.15205,0.00229,0.08665,0.20317,0.07496,-0.01014,0.31271,0.15161,0.00354,0.08714
1371,1777817829911,Neutral,0.20292,0.09302,-0.01249,0.31105,0.15212,0.00153,0.08641,0.20309,0.08038,-0.01084,0.31221,0.15177,0.00294,0.08693
1372,1777817829943,Neutral,0.20109,0.09825,-0.01303,0.31176,0.15232,0.00154,0.08606,0.20249,0.08574,-0.0115,0.31208,0.15193,0.00252,0.08667
1373,1777817829977,Neutral,0.20266,0.10382,-0.01375,0.31344,0.1522,0.0019,0.08558,0.20254,0.09116,-0.01217,0.31248,0.15201,0.00233,0.08634
1374,1777817830011,Neutral,0.20375,0.10908,-0.01432,0.31365,0.15198,0.00144,0.08537,0.2029,0.09654,-0.01282,0.31283,0.152,0.00207,0.08605
1375,1777817830077,Neutral,0.20788,0.12105,-0.01511,0.31277,0.15168,0.00059,0.08557,0.2044,0.10389,-0.01351,0.31281,0.1519,0.00162,0.08591
1376,1777817830142,Neutral,0.21617,0.13845,-0.01746,0.30905,0.14845,0.00239,0.08583,0.20793,0.11426,-0.01469,0.31168,0.15087,0.00185,0.08588
1377,1777817830177,Neutral,0.22737,0.14739,-0.0186,0.30923,0.14554,0.00346,0.08584,0.21376,0.1242,-0.01586,0.31095,0.14927,0.00234,0.08587
1378,1777817830211,Neutral,0.23752,0.1518,-0.01927,0.30968,0.14321,0.00339,0.08527,0.22089,0.13248,-0.01689,0.31057,0.14745,0.00265,0.08569
1379,1777817830245,Neutral,0.24643,0.15289,-0.01967,0.3098,0.14134,0.00313,0.08445,0.22855,0.1386,-0.01772,0.31034,0.14562,0.0028,0.08532
1380,1777817830311,Neutral,0.25646,0.15179,-0.01914,0.31147,0.13897,0.00436,0.08397,0.23692,0.14256,-0.01815,0.31068,0.14362,0.00327,0.08491
1381,1777817830344,Neutral,0.26447,0.15334,-0.01918,0.3123,0.13678,0.0045,0.0847,0.24519,0.14579,-0.01846,0.31116,0.14157,0.00364,0.08485
1382,1777817830377,Neutral,0.27317,0.15689,-0.01982,0.31431,0.13464,0.00535,0.08481,0.25358,0.14912,-0.01887,0.31211,0.13949,0.00415,0.08484
1383,1777817830411,Neutral,0.28368,0.15434,-0.01993,0.31706,0.13219,0.00505,0.08422,0.26261,0.15069,-0.01919,0.31359,0.1373,0.00442,0.08465
1384,1777817830444,Neutral,0.2925,0.16321,-0.02074,0.31624,0.1309,0.00525,0.08466,0.27158,0.15444,-0.01965,0.31439,0.13538,0.00467,0.08465
1385,1777817830510,Neutral,0.30002,0.16906,-0.02214,0.31433,0.12913,0.00542,0.08355,0.28011,0.15883,-0.0204,0.31437,0.13351,0.0049,0.08432
1386,1777817830544,Neutral,0.30256,0.17462,-0.02281,0.31568,0.12809,0.00577,0.08407,0.28685,0.16356,-0.02112,0.31476,0.13188,0.00516,0.08425
1387,1777817830577,Neutral,0.30282,0.17928,-0.02396,0.31459,0.12711,0.00703,0.08411,0.29164,0.16828,-0.02197,0.31471,0.13045,0.00572,0.08421
1388,1777817830643,Neutral,0.30324,0.18728,-0.02366,0.31095,0.12657,0.01064,0.0837,0.29512,0.17398,-0.02248,0.31358,0.12929,0.0072,0.08406
1389,1777817830709,Neutral,0.30618,0.1923,-0.02443,0.31081,0.12633,0.01014,0.08099,0.29844,0.17948,-0.02307,0.31275,0.1284,0.00808,0.08313
1390,1777817830743,Neutral,0.31081,0.2096,-0.02705,0.31169,0.12817,0.00841,0.08181,0.30215,0.18851,-0.02426,0.31243,0.12833,0.00818,0.08274
1391,1777817830777,Neutral,0.30503,0.20154,-0.02513,0.31119,0.12955,0.00942,0.08153,0.30301,0.19242,-0.02452,0.31206,0.1287,0.00855,0.08238
1392,1777817830810,Neutral,0.2575,0.20386,-0.02591,0.31391,0.13692,0.00886,0.08133,0.28936,0.19585,-0.02494,0.31262,0.13116,0.00865,0.08206
1393,1777817830877,Neutral,0.01862,0.20228,-0.02359,0.30787,0.17118,0.01136,0.08392,0.20814,0.19778,-0.02453,0.31119,0.14317,0.00946,0.08262
1394,1777817830910,Neutral,0.10273,0.20945,-0.02712,0.30896,0.15412,0.00841,0.08456,0.17652,0.20128,-0.02531,0.31052,0.14645,0.00914,0.0832
1395,1777817830944,Neutral,0.20979,0.21009,-0.02565,0.31014,0.13947,0.00784,0.08313,0.1865,0.20392,-0.02541,0.31041,0.14436,0.00875,0.08318
1396,1777817830977,Neutral,0.26609,0.19889,-0.02381,0.31197,0.13005,0.00918,0.08454,0.21037,0.20241,-0.02493,0.31088,0.14006,0.00888,0.08359
1397,1777817831012,Neutral,0.30434,0.20112,-0.02632,0.31294,0.12351,0.00832,0.08308,0.23857,0.20203,-0.02535,0.31149,0.1351,0.00871,0.08344
1398,1777817831076,Neutral,0.33337,0.18431,-0.02242,0.31181,0.11891,0.00917,0.08485,0.26701,0.19671,-0.02447,0.31159,0.13024,0.00885,0.08386
1399,1777817831111,Neutral,0.3333,0.19019,-0.02368,0.31325,0.11975,0.00712,0.08334,0.2869,0.19476,-0.02423,0.31209,0.12709,0.00833,0.0837
1400,1777817831144,Neutral,0.33224,0.18385,-0.02276,0.31318,0.11912,0.00592,0.08361,0.3005,0.19148,-0.02379,0.31242,0.1247,0.00761,0.08368
1401,1777817831178,Neutral,0.33177,0.18045,-0.02344,0.31396,0.1184,0.00548,0.08342,0.30988,0.18817,-0.02368,0.31288,0.12281,0.00697,0.0836
1402,1777817831244,Neutral,0.30678,0.187,-0.02373,0.31019,0.12317,0.00691,0.08384,0.30895,0.18782,-0.0237,0.31207,0.12292,0.00695,0.08367
1403,1777817831277,Neutral,0.35513,0.19028,-0.02477,0.30999,0.11324,0.01027,0.08495,0.32281,0.18856,-0.02402,0.31145,0.12002,0.00795,0.08405
1404,1777817831310,Neutral,0.37567,0.18798,-0.02398,0.30881,0.11132,0.01031,0.08592,0.33866,0.18838,-0.02401,0.31066,0.11741,0.00866,0.08461
1405,1777817831377,Neutral,0.36217,0.18182,-0.02498,0.30877,0.11354,0.01183,0.08602,0.34572,0.18642,-0.0243,0.31009,0.11625,0.00961,0.08504
