frame,timestamp,emotion,ear_avg_raw,mar_raw,smile_coeff_raw,mouth_width_raw,brow_dist_raw,mouth_asymmetry_raw,upper_lip_raise_raw,ear_avg_smooth,mar_smooth,smile_coeff_smooth,mouth_width_smooth,brow_dist_smooth,mouth_asymmetry_smooth,upper_lip_raise_smooth
1,1777898448672,Happy,0.33959,0.0014,0.01018,0.34423,0.12147,0.00605,0.08429,0.33959,0.0014,0.01018,0.34423,0.12147,0.00605,0.08429
2,1777898448739,Happy,0.33166,0.00139,0.00897,0.34468,0.11915,0.00381,0.08281,0.33721,0.0014,0.00982,0.34437,0.12077,0.00538,0.08385
3,1777898448772,Happy,0.33128,0.00194,0.00873,0.34451,0.11835,0.00344,0.08287,0.33543,0.00156,0.00949,0.34441,0.12005,0.0048,0.08355
4,1777898448806,Happy,0.33096,0.00233,0.00859,0.34469,0.11812,0.00346,0.08293,0.33409,0.00179,0.00922,0.34449,0.11947,0.00439,0.08337
5,1777898448840,Happy,0.33018,0.00254,0.00813,0.34505,0.11787,0.00296,0.08299,0.33292,0.00202,0.00889,0.34466,0.11899,0.00396,0.08325
6,1777898448875,Happy,0.32982,0.0027,0.00776,0.34599,0.11759,0.00224,0.08299,0.33199,0.00222,0.00855,0.34506,0.11857,0.00345,0.08317
7,1777898448905,Happy,0.33013,0.00278,0.00751,0.34568,0.11756,0.00194,0.08296,0.33143,0.00239,0.00824,0.34524,0.11827,0.00299,0.08311
8,1777898448939,Happy,0.33069,0.00286,0.00723,0.34489,0.11736,0.00192,0.08292,0.33121,0.00253,0.00794,0.34514,0.118,0.00267,0.08306
9,1777898448974,Happy,0.331,0.00316,0.00671,0.34462,0.11719,0.00168,0.08284,0.33115,0.00272,0.00757,0.34498,0.11775,0.00237,0.08299
10,1777898449006,Happy,0.33125,0.00358,0.00596,0.34453,0.11713,0.00108,0.08285,0.33118,0.00298,0.00709,0.34485,0.11757,0.00199,0.08295
11,1777898449039,Neutral,0.33165,0.00391,0.00539,0.34412,0.11725,0.00049,0.08285,0.33132,0.00326,0.00658,0.34463,0.11747,0.00154,0.08292
12,1777898449072,Neutral,0.32678,0.00412,0.00501,0.34352,0.11867,0.0001,0.08293,0.32996,0.00352,0.00611,0.3443,0.11783,0.00111,0.08292
13,1777898449107,Neutral,0.32349,0.00438,0.00463,0.3431,0.12018,0.00058,0.0831,0.32802,0.00378,0.00566,0.34394,0.11854,0.00095,0.08297
14,1777898449139,Neutral,0.31945,0.00456,0.00428,0.34251,0.12162,0.0008,0.08306,0.32545,0.00401,0.00525,0.34351,0.11946,0.0009,0.083
15,1777898449172,Neutral,0.31815,0.00457,0.00397,0.3424,0.12226,0.00067,0.08294,0.32326,0.00418,0.00486,0.34318,0.1203,0.00083,0.08298
16,1777898449206,Neutral,0.31751,0.00462,0.00363,0.34194,0.12257,0.00077,0.08292,0.32153,0.00431,0.00449,0.34281,0.12098,0.00081,0.08296
17,1777898449240,Neutral,0.31878,0.00476,0.00334,0.34143,0.12248,0.00077,0.08297,0.32071,0.00445,0.00415,0.3424,0.12143,0.0008,0.08297
18,1777898449274,Neutral,0.31939,0.00464,0.00337,0.34096,0.12243,0.00084,0.08326,0.32031,0.00451,0.00391,0.34196,0.12173,0.00081,0.08305
19,1777898449305,Neutral,0.32011,0.00466,0.00326,0.341,0.12251,0.00077,0.08344,0.32025,0.00455,0.00372,0.34167,0.12196,0.0008,0.08317
20,1777898449339,Neutral,0.32045,0.00467,0.00313,0.34083,0.12249,0.00076,0.08352,0.32031,0.00458,0.00354,0.34142,0.12212,0.00079,0.08327
21,1777898449372,Neutral,0.32095,0.00462,0.00314,0.34078,0.12247,0.0007,0.08353,0.3205,0.0046,0.00342,0.34123,0.12223,0.00076,0.08335
22,1777898449406,Neutral,0.32093,0.00467,0.00307,0.34086,0.12248,0.00058,0.08346,0.32063,0.00462,0.00332,0.34112,0.1223,0.00071,0.08338
23,1777898449439,Neutral,0.32128,0.00466,0.00305,0.34083,0.12251,0.00055,0.08335,0.32083,0.00463,0.00324,0.34103,0.12237,0.00066,0.08337
24,1777898449474,Neutral,0.32199,0.0047,0.00298,0.3407,0.12256,0.00047,0.08319,0.32118,0.00465,0.00316,0.34093,0.12242,0.0006,0.08332
25,1777898449508,Neutral,0.32141,0.0047,0.00296,0.34055,0.1228,0.00042,0.08302,0.32124,0.00467,0.0031,0.34082,0.12254,0.00055,0.08323
26,1777898449541,Neutral,0.321,0.00472,0.0029,0.34061,0.12283,0.00028,0.08285,0.32117,0.00468,0.00304,0.34076,0.12262,0.00047,0.08312
27,1777898449574,Neutral,0.32073,0.00472,0.00292,0.34048,0.12295,0.00021,0.08276,0.32104,0.0047,0.003,0.34067,0.12272,0.00039,0.08301
28,1777898449606,Neutral,0.3207,0.00481,0.00286,0.34047,0.12269,0.00018,0.08287,0.32094,0.00473,0.00296,0.34061,0.12271,0.00033,0.08297
29,1777898449639,Neutral,0.32038,0.00493,0.0029,0.34064,0.12276,0.00016,0.08269,0.32077,0.00479,0.00294,0.34062,0.12273,0.00028,0.08288
30,1777898449675,Neutral,0.32007,0.00473,0.00282,0.34073,0.12273,0.0,0.08259,0.32056,0.00477,0.00291,0.34065,0.12273,0.00019,0.0828
31,1777898449705,Neutral,0.32076,0.00418,0.00308,0.34067,0.12239,0.00015,0.08238,0.32062,0.0046,0.00296,0.34066,0.12263,0.00018,0.08267
32,1777898449741,Neutral,0.32009,0.00414,0.00328,0.34139,0.12207,7e-05,0.08262,0.32046,0.00446,0.00305,0.34088,0.12246,0.00015,0.08266
33,1777898449774,Neutral,0.32014,0.00409,0.00356,0.3416,0.12166,0.00025,0.08304,0.32037,0.00435,0.00321,0.34109,0.12222,0.00018,0.08277
34,1777898449807,Neutral,0.32056,0.00405,0.00395,0.34158,0.12117,0.00048,0.08336,0.32042,0.00426,0.00343,0.34124,0.1219,0.00027,0.08295
35,1777898449874,Neutral,0.32127,0.00403,0.00415,0.34211,0.12065,0.00047,0.08345,0.32068,0.00419,0.00364,0.3415,0.12153,0.00033,0.0831
36,1777898449908,Neutral,0.32176,0.00391,0.00409,0.34225,0.12045,0.00042,0.08323,0.321,0.00411,0.00378,0.34173,0.1212,0.00036,0.08314
37,1777898449940,Neutral,0.32241,0.00381,0.004,0.34217,0.12021,0.0004,0.08316,0.32143,0.00402,0.00385,0.34186,0.12091,0.00037,0.08314
38,1777898449973,Neutral,0.3226,0.00374,0.0039,0.34186,0.12007,0.00017,0.08308,0.32178,0.00393,0.00386,0.34186,0.12066,0.00031,0.08312
39,1777898450006,Neutral,0.32286,0.00366,0.00399,0.34135,0.11982,0.00014,0.08287,0.3221,0.00385,0.0039,0.34171,0.1204,0.00026,0.08305
40,1777898450039,Neutral,0.32302,0.00368,0.00399,0.34081,0.11959,0.00021,0.08249,0.32238,0.0038,0.00393,0.34144,0.12016,0.00024,0.08288
41,1777898450073,Neutral,0.32317,0.0036,0.00402,0.34075,0.11945,0.00024,0.08251,0.32262,0.00374,0.00395,0.34123,0.11995,0.00024,0.08277
42,1777898450105,Neutral,0.32395,0.00372,0.004,0.34037,0.11924,0.00042,0.08268,0.32302,0.00373,0.00397,0.34097,0.11973,0.0003,0.08274
43,1777898450141,Neutral,0.32447,0.00372,0.00396,0.34014,0.11904,0.0006,0.0826,0.32345,0.00373,0.00397,0.34072,0.11953,0.00039,0.0827
44,1777898450173,Neutral,0.3248,0.00367,0.00397,0.34008,0.11888,0.00069,0.08251,0.32386,0.00371,0.00397,0.34053,0.11933,0.00048,0.08264
45,1777898450208,Neutral,0.32497,0.00373,0.0039,0.34004,0.11872,0.00073,0.08238,0.32419,0.00372,0.00395,0.34038,0.11915,0.00056,0.08256
46,1777898450240,Neutral,0.32516,0.00356,0.00367,0.34051,0.11862,0.00032,0.08223,0.32448,0.00367,0.00387,0.34042,0.11899,0.00049,0.08246
47,1777898450274,Neutral,0.3253,0.0035,0.00352,0.34071,0.11856,4e-05,0.0822,0.32473,0.00362,0.00376,0.34051,0.11886,0.00035,0.08238
48,1777898450304,Neutral,0.32527,0.00352,0.00347,0.34106,0.11852,0.0002,0.08223,0.32489,0.00359,0.00367,0.34067,0.11876,0.00031,0.08234
49,1777898450337,Neutral,0.32528,0.00354,0.0034,0.34107,0.11848,0.00042,0.08224,0.32501,0.00358,0.00359,0.34079,0.11868,0.00034,0.08231
50,1777898450372,Neutral,0.32535,0.00369,0.00349,0.34088,0.11847,0.0004,0.08246,0.32511,0.00361,0.00356,0.34082,0.11861,0.00036,0.08235
51,1777898450407,Neutral,0.32558,0.00378,0.00349,0.34093,0.11844,0.00038,0.08254,0.32525,0.00366,0.00354,0.34085,0.11856,0.00036,0.08241
52,1777898450441,Neutral,0.32563,0.0038,0.00349,0.34068,0.11842,0.00035,0.08261,0.32536,0.0037,0.00352,0.3408,0.11852,0.00036,0.08247
53,1777898450474,Neutral,0.32581,0.0038,0.00346,0.34074,0.11836,0.00047,0.08256,0.3255,0.00373,0.00351,0.34078,0.11847,0.00039,0.0825
54,1777898450507,Neutral,0.32595,0.00391,0.0033,0.34061,0.11831,0.00088,0.08261,0.32563,0.00378,0.00344,0.34073,0.11843,0.00054,0.08253
55,1777898450539,Neutral,0.32636,0.00395,0.0033,0.34041,0.11821,0.00061,0.08266,0.32585,0.00384,0.0034,0.34064,0.11836,0.00056,0.08257
56,1777898450574,Neutral,0.3266,0.00413,0.00331,0.34012,0.11814,0.00076,0.0828,0.32608,0.00392,0.00337,0.34048,0.11829,0.00062,0.08264
57,1777898450607,Neutral,0.32689,0.00428,0.00328,0.33927,0.11811,0.00078,0.08284,0.32632,0.00403,0.00335,0.34012,0.11824,0.00067,0.0827
58,1777898450638,Neutral,0.32712,0.00444,0.00321,0.33848,0.11807,0.00088,0.08284,0.32656,0.00415,0.0033,0.33963,0.11819,0.00073,0.08274
59,1777898450674,Neutral,0.32771,0.00458,0.00324,0.33808,0.11809,0.00088,0.08298,0.3269,0.00428,0.00328,0.33916,0.11816,0.00078,0.08281
60,1777898450706,Neutral,0.32811,0.00454,0.00326,0.33785,0.11802,0.00085,0.08302,0.32727,0.00436,0.00328,0.33877,0.11812,0.0008,0.08288
61,1777898450739,Neutral,0.32808,0.00439,0.00328,0.33781,0.11795,0.00096,0.08311,0.32751,0.00437,0.00328,0.33848,0.11807,0.00085,0.08295
62,1777898450774,Neutral,0.32848,0.00425,0.00338,0.33763,0.11781,0.00092,0.08306,0.3278,0.00433,0.00331,0.33823,0.11799,0.00087,0.08298
63,1777898450807,Neutral,0.32848,0.00409,0.00342,0.33772,0.11772,0.00105,0.08307,0.328,0.00426,0.00334,0.33807,0.11791,0.00092,0.08301
64,1777898450839,Neutral,0.32871,0.00394,0.00342,0.33756,0.11749,0.0011,0.08298,0.32822,0.00416,0.00336,0.33792,0.11778,0.00098,0.083
65,1777898450874,Neutral,0.3291,0.00386,0.00343,0.33724,0.11721,0.00108,0.08297,0.32848,0.00407,0.00339,0.33771,0.11761,0.00101,0.08299
66,1777898450908,Neutral,0.3293,0.00404,0.00342,0.33711,0.11714,0.00112,0.08309,0.32873,0.00406,0.0034,0.33753,0.11747,0.00104,0.08302
67,1777898450938,Neutral,0.32939,0.00405,0.00339,0.33678,0.11706,0.00088,0.08311,0.32893,0.00406,0.00339,0.33731,0.11735,0.00099,0.08305
68,1777898450973,Neutral,0.32908,0.00409,0.00334,0.33644,0.11707,0.00064,0.08316,0.32897,0.00407,0.00338,0.33705,0.11727,0.00089,0.08308
69,1777898451006,Neutral,0.32919,0.00405,0.00316,0.3365,0.11699,0.00025,0.08306,0.32904,0.00406,0.00331,0.33688,0.11718,0.00069,0.08308
70,1777898451038,Neutral,0.32928,0.00407,0.00288,0.33648,0.11694,0.00024,0.08301,0.32911,0.00407,0.00318,0.33676,0.11711,0.00056,0.08306
71,1777898451075,Neutral,0.32973,0.00406,0.00179,0.33725,0.11692,0.00024,0.08289,0.3293,0.00406,0.00277,0.33691,0.11705,0.00047,0.08301
72,1777898451107,Neutral,0.32984,0.00367,0.00031,0.3375,0.11691,0.00074,0.08245,0.32946,0.00395,0.00203,0.33709,0.11701,0.00055,0.08284
73,1777898451140,Neutral,0.33041,0.0031,-0.00192,0.33715,0.11682,0.00219,0.08088,0.32974,0.00369,0.00084,0.3371,0.11695,0.00104,0.08225
74,1777898451174,Neutral,0.33053,0.00188,-0.00656,0.33969,0.11664,0.00288,0.0748,0.32998,0.00315,-0.00138,0.33788,0.11686,0.00159,0.08002
75,1777898451207,Neutral,0.33059,0.00302,-0.01119,0.34712,0.11633,0.00325,0.06822,0.33016,0.00311,-0.00432,0.34065,0.1167,0.00209,0.07648
76,1777898451239,Neutral,0.33102,0.00361,-0.01462,0.35582,0.11573,0.00482,0.0636,0.33042,0.00326,-0.00741,0.3452,0.11641,0.00291,0.07261
77,1777898451274,Neutral,0.33251,0.00319,-0.01643,0.36445,0.11551,0.00631,0.06017,0.33105,0.00324,-0.01012,0.35098,0.11614,0.00393,0.06888
78,1777898451308,Neutral,0.33216,0.00367,-0.01759,0.3749,0.11536,0.00677,0.05781,0.33138,0.00337,-0.01236,0.35815,0.11591,0.00478,0.06556
79,1777898451339,Neutral,0.33235,0.00389,-0.018,0.38168,0.11529,0.00701,0.05613,0.33167,0.00352,-0.01405,0.36521,0.11572,0.00545,0.06273
80,1777898451374,Neutral,0.33224,0.00382,-0.01912,0.38566,0.11523,0.00675,0.05404,0.33184,0.00361,-0.01557,0.37134,0.11557,0.00584,0.06012
81,1777898451407,Neutral,0.3324,0.00341,-0.0198,0.38772,0.11537,0.00687,0.0542,0.33201,0.00355,-0.01684,0.37626,0.11551,0.00615,0.05835
82,1777898451439,Neutral,0.33334,0.00354,-0.02017,0.38972,0.11543,0.00666,0.05384,0.33241,0.00355,-0.01784,0.3803,0.11549,0.0063,0.05699
83,1777898451473,Neutral,0.33348,0.00364,-0.02063,0.39159,0.11557,0.00659,0.05331,0.33273,0.00358,-0.01868,0.38368,0.11551,0.00639,0.05589
84,1777898451506,Neutral,0.33349,0.00405,-0.02061,0.39283,0.11578,0.00637,0.05326,0.33296,0.00372,-0.01926,0.38643,0.11559,0.00638,0.0551
85,1777898451539,Neutral,0.33363,0.00428,-0.02058,0.39328,0.11603,0.00624,0.05328,0.33316,0.00389,-0.01966,0.38848,0.11572,0.00634,0.05455
86,1777898451573,Neutral,0.33324,0.00477,-0.02061,0.39342,0.11687,0.00621,0.05329,0.33318,0.00415,-0.01994,0.38996,0.11607,0.0063,0.05418
87,1777898451607,Neutral,0.33291,0.00524,-0.02071,0.39291,0.11768,0.00622,0.05324,0.3331,0.00448,-0.02017,0.39085,0.11655,0.00628,0.0539
88,1777898451639,Neutral,0.33321,0.00536,-0.02069,0.3925,0.11841,0.00625,0.05289,0.33313,0.00474,-0.02033,0.39134,0.11711,0.00627,0.05359
89,1777898451673,Neutral,0.33367,0.00535,-0.02077,0.39265,0.11939,0.00602,0.05294,0.33329,0.00492,-0.02046,0.39174,0.11779,0.00619,0.0534
90,1777898451707,Neutral,0.33564,0.00528,-0.02071,0.39293,0.12114,0.00599,0.05307,0.334,0.00503,-0.02054,0.39209,0.1188,0.00613,0.0533
91,1777898451739,Sad,0.33781,0.0053,-0.02079,0.39318,0.12321,0.00595,0.05309,0.33514,0.00511,-0.02061,0.39242,0.12012,0.00608,0.05324
92,1777898451774,Sad,0.34024,0.00547,-0.02025,0.39277,0.12548,0.00619,0.05345,0.33667,0.00522,-0.0205,0.39253,0.12173,0.00611,0.0533
93,1777898451806,Sad,0.34393,0.00554,-0.0201,0.3924,0.12647,0.00603,0.05387,0.33885,0.00531,-0.02038,0.39249,0.12315,0.00609,0.05347
94,1777898451839,Sad,0.34795,0.0055,-0.02008,0.39242,0.12698,0.00586,0.05426,0.34158,0.00537,-0.02029,0.39247,0.1243,0.00602,0.05371
95,1777898451874,Sad,0.34961,0.00538,-0.02011,0.39285,0.12739,0.00562,0.05435,0.34399,0.00537,-0.02024,0.39258,0.12522,0.0059,0.0539
96,1777898451906,Sad,0.35167,0.00533,-0.01984,0.39273,0.12718,0.00503,0.0545,0.34629,0.00536,-0.02012,0.39263,0.12581,0.00564,0.05408
97,1777898451939,Sad,0.35162,0.00527,-0.01991,0.39282,0.12695,0.00496,0.05466,0.34789,0.00533,-0.02005,0.39269,0.12615,0.00543,0.05426
98,1777898451973,Sad,0.35132,0.00524,-0.01985,0.39284,0.12681,0.0048,0.05481,0.34892,0.00531,-0.01999,0.39273,0.12635,0.00524,0.05442
99,1777898452006,Sad,0.35107,0.00521,-0.0198,0.39286,0.12677,0.00472,0.05485,0.34957,0.00528,-0.01993,0.39277,0.12647,0.00509,0.05455
100,1777898452038,Sad,0.35039,0.00533,-0.01976,0.39274,0.1266,0.00455,0.05506,0.34981,0.00529,-0.01988,0.39276,0.12651,0.00493,0.0547
101,1777898452074,Sad,0.34984,0.00517,-0.01989,0.39296,0.12656,0.00446,0.05517,0.34982,0.00525,-0.01989,0.39282,0.12653,0.00478,0.05484
102,1777898452106,Sad,0.34954,0.0053,-0.01999,0.3931,0.1265,0.00437,0.05529,0.34974,0.00527,-0.01992,0.3929,0.12652,0.00466,0.05498
103,1777898452138,Sad,0.34932,0.00528,-0.02001,0.39324,0.12642,0.00435,0.05533,0.34961,0.00527,-0.01995,0.39301,0.12649,0.00457,0.05508
104,1777898452173,Sad,0.34896,0.00531,-0.02001,0.39376,0.12643,0.00426,0.05543,0.34942,0.00528,-0.01996,0.39323,0.12647,0.00448,0.05519
105,1777898452206,Sad,0.34858,0.00518,-0.01998,0.39414,0.12639,0.00417,0.05545,0.34917,0.00525,-0.01997,0.3935,0.12644,0.00438,0.05527
106,1777898452239,Sad,0.34794,0.00517,-0.01998,0.39469,0.12626,0.00405,0.05541,0.3488,0.00523,-0.01997,0.39386,0.12639,0.00428,0.05531
107,1777898452273,Sad,0.34766,0.00513,-0.02001,0.39509,0.12609,0.00399,0.05542,0.34846,0.0052,-0.01998,0.39423,0.1263,0.0042,0.05534
108,1777898452306,Sad,0.34754,0.00512,-0.01987,0.39491,0.12585,0.00385,0.05536,0.34818,0.00517,-0.01995,0.39443,0.12616,0.00409,0.05535
109,1777898452338,Sad,0.34725,0.00513,-0.01984,0.39486,0.12551,0.00378,0.05539,0.3479,0.00516,-0.01992,0.39456,0.12597,0.004,0.05536
110,1777898452373,Sad,0.34681,0.0051,-0.01991,0.39469,0.1254,0.00354,0.05544,0.34758,0.00514,-0.01992,0.3946,0.1258,0.00386,0.05538
111,1777898452406,Sad,0.34621,0.0051,-0.01975,0.39442,0.12503,0.00334,0.05559,0.34717,0.00513,-0.01986,0.39455,0.12557,0.00371,0.05545
112,1777898452438,Sad,0.34616,0.00508,-0.01972,0.3944,0.12496,0.00334,0.05564,0.34687,0.00512,-0.01982,0.3945,0.12539,0.0036,0.0555
113,1777898452474,Sad,0.34536,0.00516,-0.01963,0.39433,0.12474,0.00325,0.05584,0.34641,0.00513,-0.01976,0.39445,0.12519,0.00349,0.05561
114,1777898452506,Sad,0.34468,0.00515,-0.01962,0.39435,0.12466,0.00324,0.05586,0.34589,0.00514,-0.01972,0.39442,0.12503,0.00342,0.05568
115,1777898452539,Sad,0.3441,0.00516,-0.0196,0.39398,0.12454,0.00321,0.05589,0.34536,0.00514,-0.01969,0.39429,0.12489,0.00335,0.05575
116,1777898452573,Sad,0.34341,0.00512,-0.01958,0.39392,0.12433,0.00315,0.05607,0.34477,0.00513,-0.01965,0.39418,0.12472,0.00329,0.05584
117,1777898452606,Sad,0.3429,0.00511,-0.0196,0.39394,0.12416,0.00308,0.05608,0.34421,0.00513,-0.01964,0.3941,0.12455,0.00323,0.05591
118,1777898452638,Sad,0.34258,0.00508,-0.01965,0.39388,0.12373,0.00295,0.0562,0.34372,0.00511,-0.01964,0.39404,0.1243,0.00314,0.056
119,1777898452673,Sad,0.34206,0.00505,-0.01973,0.39392,0.12346,0.00273,0.05631,0.34322,0.00509,-0.01967,0.394,0.12405,0.00302,0.05609
120,1777898452707,Sad,0.34161,0.00493,-0.01985,0.39425,0.12332,0.00231,0.05642,0.34274,0.00504,-0.01972,0.39408,0.12383,0.00281,0.05619
121,1777898452738,Sad,0.34095,0.00497,-0.01999,0.39446,0.12316,0.00205,0.05649,0.3422,0.00502,-0.0198,0.39419,0.12363,0.00258,0.05628
122,1777898452773,Sad,0.34026,0.00498,-0.02012,0.39456,0.12307,0.00184,0.05666,0.34162,0.00501,-0.0199,0.3943,0.12346,0.00236,0.05639
123,1777898452806,Sad,0.3404,0.00501,-0.0202,0.39492,0.12294,0.00166,0.0567,0.34125,0.00501,-0.01999,0.39449,0.12331,0.00215,0.05649
124,1777898452838,Sad,0.34046,0.0049,-0.02019,0.39498,0.12277,0.00168,0.05677,0.34102,0.00498,-0.02005,0.39463,0.12314,0.00201,0.05657
125,1777898452872,Sad,0.34022,0.00485,-0.02018,0.39484,0.12262,0.00168,0.05686,0.34078,0.00494,-0.02009,0.39469,0.12299,0.00191,0.05666
126,1777898452905,Sad,0.3402,0.00482,-0.02015,0.39463,0.12254,0.00173,0.05696,0.3406,0.00491,-0.02011,0.39468,0.12285,0.00186,0.05675
127,1777898452939,Sad,0.34012,0.00482,-0.02013,0.39456,0.12247,0.00177,0.05699,0.34046,0.00488,-0.02011,0.39464,0.12274,0.00183,0.05682
128,1777898452972,Sad,0.34006,0.00476,-0.02013,0.39459,0.12248,0.00177,0.05701,0.34034,0.00484,-0.02012,0.39463,0.12266,0.00181,0.05688
129,1777898453006,Sad,0.33995,0.00476,-0.02011,0.3946,0.12251,0.00174,0.05701,0.34022,0.00482,-0.02012,0.39462,0.12262,0.00179,0.05692
130,1777898453038,Sad,0.34004,0.00474,-0.02011,0.39454,0.12249,0.00175,0.05698,0.34017,0.00479,-0.02011,0.39459,0.12258,0.00178,0.05694
131,1777898453072,Sad,0.33998,0.00472,-0.02009,0.39474,0.12247,0.00185,0.05693,0.34011,0.00477,-0.02011,0.39464,0.12255,0.0018,0.05693
132,1777898453105,Sad,0.34006,0.00468,-0.02008,0.39468,0.12247,0.00195,0.0568,0.3401,0.00475,-0.0201,0.39465,0.12252,0.00184,0.0569
133,1777898453138,Sad,0.34009,0.00466,-0.02009,0.39456,0.12249,0.00196,0.05683,0.3401,0.00472,-0.0201,0.39462,0.12251,0.00188,0.05688
134,1777898453174,Sad,0.34042,0.00465,-0.02018,0.39437,0.12248,0.00196,0.05681,0.34019,0.0047,-0.02012,0.39455,0.1225,0.0019,0.05686
135,1777898453206,Sad,0.34069,0.00462,-0.02014,0.39407,0.12239,0.00191,0.05684,0.34034,0.00467,-0.02013,0.39441,0.12247,0.00191,0.05685
136,1777898453239,Sad,0.3407,0.0046,-0.02003,0.3941,0.1224,0.00182,0.05686,0.34045,0.00465,-0.0201,0.39431,0.12245,0.00188,0.05685
137,1777898453273,Sad,0.3408,0.00459,-0.01992,0.39405,0.12241,0.00176,0.05687,0.34055,0.00463,-0.02004,0.39423,0.12244,0.00184,0.05686
138,1777898453306,Sad,0.3409,0.00467,-0.0198,0.39403,0.12244,0.00173,0.0569,0.34066,0.00465,-0.01997,0.39417,0.12244,0.00181,0.05687
139,1777898453338,Sad,0.34094,0.00466,-0.01972,0.39409,0.12245,0.00172,0.05694,0.34074,0.00465,-0.01989,0.39415,0.12244,0.00178,0.05689
140,1777898453372,Sad,0.34128,0.00462,-0.01965,0.39424,0.12245,0.00171,0.05697,0.3409,0.00464,-0.01982,0.39418,0.12244,0.00176,0.05691
141,1777898453407,Sad,0.34137,0.00451,-0.01953,0.39421,0.12248,0.00171,0.05702,0.34104,0.0046,-0.01974,0.39419,0.12246,0.00174,0.05695
142,1777898453438,Sad,0.34154,0.00457,-0.01939,0.39413,0.12247,0.00166,0.05714,0.34119,0.00459,-0.01963,0.39417,0.12246,0.00172,0.057
143,1777898453473,Sad,0.3418,0.00453,-0.01934,0.39388,0.12235,0.00173,0.05721,0.34138,0.00457,-0.01954,0.39408,0.12243,0.00172,0.05707
144,1777898453505,Sad,0.34196,0.00444,-0.01923,0.39376,0.12228,0.00173,0.05757,0.34155,0.00453,-0.01945,0.39398,0.12238,0.00173,0.05722
145,1777898453538,Sad,0.342,0.00441,-0.01917,0.39353,0.12223,0.00175,0.05769,0.34169,0.0045,-0.01937,0.39385,0.12234,0.00173,0.05736
146,1777898453573,Sad,0.34206,0.00439,-0.01905,0.39339,0.12223,0.00175,0.05782,0.3418,0.00446,-0.01927,0.39371,0.12231,0.00174,0.0575
147,1777898453605,Sad,0.3416,0.0043,-0.01889,0.39332,0.12229,0.00174,0.05796,0.34174,0.00442,-0.01916,0.39359,0.1223,0.00174,0.05764
148,1777898453639,Sad,0.33639,0.00416,-0.01888,0.3933,0.12382,0.00178,0.05818,0.34013,0.00434,-0.01907,0.39351,0.12276,0.00175,0.0578
149,1777898453673,Sad,0.3239,0.00391,-0.01894,0.3935,0.12774,0.00195,0.05845,0.33527,0.00421,-0.01903,0.39351,0.12425,0.00181,0.058
150,1777898453706,Sad,0.31715,0.00385,-0.01902,0.39369,0.12987,0.00196,0.05856,0.32983,0.0041,-0.01903,0.39356,0.12594,0.00186,0.05817
151,1777898453738,Sad,0.31418,0.00376,-0.01907,0.39386,0.13089,0.00196,0.05857,0.32513,0.004,-0.01904,0.39365,0.12742,0.00189,0.05829
152,1777898453773,Sad,0.31378,0.00374,-0.01918,0.39386,0.13147,0.00202,0.05855,0.32173,0.00392,-0.01908,0.39371,0.12864,0.00193,0.05836
153,1777898453806,Sad,0.31275,0.00374,-0.01917,0.39398,0.13184,0.00194,0.05858,0.31903,0.00387,-0.01911,0.39379,0.1296,0.00193,0.05843
154,1777898453838,Sad,0.31277,0.00376,-0.01917,0.39411,0.13207,0.00193,0.05855,0.31716,0.00384,-0.01913,0.39389,0.13034,0.00193,0.05846
155,1777898453874,Sad,0.31357,0.00378,-0.01917,0.39433,0.13209,0.00185,0.05848,0.31608,0.00382,-0.01914,0.39402,0.13087,0.00191,0.05847
156,1777898453906,Sad,0.31397,0.00381,-0.01912,0.39437,0.13202,0.00194,0.05846,0.31545,0.00382,-0.01913,0.39413,0.13121,0.00192,0.05847
157,1777898453939,Sad,0.31413,0.00381,-0.01909,0.39452,0.13191,0.002,0.05845,0.31505,0.00381,-0.01912,0.39425,0.13142,0.00194,0.05846
158,1777898453971,Sad,0.31411,0.00382,-0.01906,0.39456,0.13174,0.00203,0.05845,0.31477,0.00382,-0.0191,0.39434,0.13152,0.00197,0.05846
159,1777898454004,Sad,0.31405,0.00382,-0.01903,0.39453,0.13155,0.00202,0.05843,0.31455,0.00382,-0.01908,0.3944,0.13153,0.00199,0.05845
160,1777898454038,Sad,0.31439,0.00374,-0.01887,0.39428,0.13138,0.00202,0.0585,0.3145,0.0038,-0.01902,0.39436,0.13148,0.00199,0.05846
161,1777898454073,Sad,0.31545,0.00371,-0.01883,0.39423,0.13118,0.00195,0.05855,0.31479,0.00377,-0.01896,0.39432,0.13139,0.00198,0.05849
162,1777898454104,Sad,0.31645,0.00372,-0.01883,0.39421,0.13095,0.00191,0.05857,0.31529,0.00375,-0.01892,0.39429,0.13126,0.00196,0.05852
163,1777898454139,Sad,0.31721,0.00374,-0.01886,0.39428,0.13076,0.00191,0.05858,0.31586,0.00375,-0.0189,0.39429,0.13111,0.00194,0.05853
164,1777898454172,Sad,0.31777,0.00375,-0.01881,0.39411,0.13058,0.00193,0.0586,0.31644,0.00375,-0.01888,0.39423,0.13095,0.00194,0.05855
165,1777898454204,Sad,0.31798,0.00379,-0.01887,0.39414,0.13053,0.00195,0.05859,0.3169,0.00376,-0.01887,0.39421,0.13082,0.00194,0.05857
166,1777898454237,Sad,0.31814,0.00381,-0.01887,0.39414,0.13035,0.00192,0.05868,0.31727,0.00378,-0.01887,0.39419,0.13068,0.00194,0.0586
167,1777898454272,Sad,0.31853,0.00383,-0.01887,0.39432,0.13026,0.00194,0.05872,0.31765,0.00379,-0.01887,0.39423,0.13056,0.00194,0.05864
168,1777898454339,Sad,0.31874,0.00407,-0.01871,0.39436,0.13014,0.00186,0.05887,0.31798,0.00388,-0.01882,0.39427,0.13043,0.00191,0.05871
169,1777898454370,Sad,0.31643,0.00408,-0.01869,0.39442,0.13,0.00188,0.0589,0.31751,0.00394,-0.01878,0.39431,0.1303,0.0019,0.05876
170,1777898454406,Sad,0.3185,0.00398,-0.01866,0.39486,0.1287,0.00191,0.0589,0.31781,0.00395,-0.01874,0.39448,0.12982,0.00191,0.0588
171,1777898454438,Sad,0.32024,0.00405,-0.01855,0.39524,0.12735,0.00192,0.05897,0.31854,0.00398,-0.01869,0.39471,0.12908,0.00191,0.05885
172,1777898454471,Sad,0.32273,0.00406,-0.01843,0.39551,0.12625,0.00192,0.059,0.3198,0.004,-0.01861,0.39495,0.12823,0.00191,0.0589
173,1777898454505,Sad,0.32305,0.00404,-0.01836,0.39579,0.12539,0.00188,0.05897,0.32077,0.00401,-0.01854,0.3952,0.12738,0.0019,0.05892
174,1777898454538,Sad,0.3242,0.00401,-0.01822,0.39569,0.12471,0.00172,0.05897,0.3218,0.00401,-0.01844,0.39535,0.12658,0.00185,0.05894
175,1777898454573,Sad,0.32495,0.00397,-0.01802,0.39537,0.12432,0.0015,0.05903,0.32275,0.004,-0.01831,0.39535,0.1259,0.00174,0.05896
176,1777898454606,Sad,0.32621,0.00397,-0.0179,0.39507,0.12405,0.00135,0.05913,0.32379,0.00399,-0.01819,0.39527,0.12535,0.00163,0.05901
177,1777898454639,Sad,0.32741,0.00397,-0.01779,0.39516,0.12383,0.00124,0.05913,0.32487,0.00398,-0.01807,0.39523,0.12489,0.00151,0.05905
178,1777898454672,Sad,0.32795,0.00388,-0.01768,0.39501,0.12371,0.00113,0.05918,0.3258,0.00395,-0.01795,0.39517,0.12454,0.0014,0.05909
179,1777898454705,Sad,0.32885,0.00379,-0.0177,0.39544,0.12356,0.0011,0.05916,0.32671,0.0039,-0.01788,0.39525,0.12424,0.00131,0.05911
180,1777898454738,Sad,0.32951,0.00369,-0.01769,0.39596,0.12342,0.00108,0.05918,0.32755,0.00384,-0.01782,0.39546,0.124,0.00124,0.05913
181,1777898454770,Sad,0.3302,0.00368,-0.01762,0.39601,0.12332,0.00114,0.05919,0.32835,0.00379,-0.01776,0.39563,0.12379,0.00121,0.05915
182,1777898454806,Sad,0.33031,0.00367,-0.01752,0.39602,0.12327,0.00095,0.05935,0.32893,0.00375,-0.01769,0.39574,0.12364,0.00113,0.05921
183,1777898454837,Sad,0.33055,0.00366,-0.01744,0.39605,0.12314,0.00094,0.05936,0.32942,0.00373,-0.01761,0.39584,0.12349,0.00107,0.05925
184,1777898454873,Sad,0.33069,0.00366,-0.01733,0.39614,0.12305,0.00102,0.05936,0.3298,0.00371,-0.01753,0.39593,0.12336,0.00106,0.05928
185,1777898454906,Sad,0.33112,0.00366,-0.01727,0.39608,0.123,0.00099,0.05934,0.3302,0.00369,-0.01745,0.39597,0.12325,0.00104,0.0593
186,1777898454937,Sad,0.33117,0.0036,-0.01725,0.39575,0.12303,0.00095,0.05943,0.33049,0.00367,-0.01739,0.39591,0.12318,0.00101,0.05934
187,1777898454972,Sad,0.33117,0.0036,-0.01721,0.39586,0.12295,0.00089,0.05948,0.33069,0.00364,-0.01734,0.39589,0.12311,0.00098,0.05938
188,1777898455004,Sad,0.33132,0.00358,-0.01719,0.3962,0.12291,0.00086,0.05953,0.33088,0.00362,-0.01729,0.39599,0.12305,0.00094,0.05943
189,1777898455038,Sad,0.33147,0.00355,-0.01719,0.39609,0.12291,0.00084,0.05955,0.33106,0.0036,-0.01726,0.39602,0.12301,0.00091,0.05946
190,1777898455071,Sad,0.33142,0.00352,-0.01716,0.39589,0.12291,0.00076,0.05959,0.33117,0.00358,-0.01723,0.39598,0.12298,0.00087,0.0595
191,1777898455104,Sad,0.33164,0.00349,-0.01713,0.39611,0.12287,0.00065,0.05969,0.33131,0.00355,-0.0172,0.39602,0.12295,0.0008,0.05956
192,1777898455137,Sad,0.33177,0.0035,-0.01713,0.3959,0.12283,0.00059,0.05978,0.33145,0.00354,-0.01718,0.39598,0.12291,0.00074,0.05962
193,1777898455171,Sad,0.33217,0.00348,-0.01711,0.39576,0.12276,0.00056,0.0599,0.33166,0.00352,-0.01716,0.39592,0.12287,0.00068,0.05971
194,1777898455203,Sad,0.33242,0.00349,-0.01708,0.39579,0.1227,0.00054,0.06,0.33189,0.00351,-0.01713,0.39588,0.12282,0.00064,0.05979
195,1777898455237,Sad,0.33261,0.0035,-0.0171,0.39565,0.12263,0.00054,0.06017,0.33211,0.00351,-0.01712,0.39581,0.12276,0.00061,0.05991
196,1777898455272,Sad,0.33271,0.00351,-0.01701,0.3957,0.12255,0.00048,0.06032,0.33229,0.00351,-0.01709,0.39578,0.1227,0.00057,0.06003
197,1777898455305,Sad,0.33296,0.00352,-0.01712,0.39587,0.12252,0.00048,0.06037,0.33249,0.00351,-0.0171,0.39581,0.12264,0.00054,0.06013
198,1777898455337,Sad,0.33298,0.00351,-0.01711,0.39587,0.12248,0.00043,0.06053,0.33263,0.00351,-0.0171,0.39582,0.1226,0.00051,0.06025
199,1777898455370,Sad,0.33302,0.00352,-0.01717,0.3959,0.12249,0.00046,0.06059,0.33275,0.00351,-0.01712,0.39585,0.12256,0.0005,0.06035
200,1777898455405,Sad,0.33327,0.00354,-0.01717,0.39589,0.12246,0.00044,0.06069,0.3329,0.00352,-0.01713,0.39586,0.12253,0.00048,0.06045
201,1777898455438,Sad,0.33359,0.00355,-0.01715,0.39587,0.12242,0.00041,0.06073,0.33311,0.00353,-0.01714,0.39586,0.1225,0.00046,0.06053
202,1777898455472,Sad,0.33398,0.00355,-0.01715,0.39586,0.12234,0.0004,0.06074,0.33337,0.00354,-0.01714,0.39586,0.12245,0.00044,0.0606
203,1777898455506,Sad,0.3343,0.00358,-0.01709,0.39546,0.12232,0.0004,0.06077,0.33365,0.00355,-0.01713,0.39574,0.12241,0.00043,0.06065
204,1777898455537,Sad,0.33463,0.0036,-0.01706,0.39497,0.12225,0.00052,0.06077,0.33394,0.00357,-0.01711,0.39551,0.12236,0.00045,0.06068
205,1777898455573,Sad,0.33485,0.00361,-0.01713,0.39493,0.12217,0.00045,0.06076,0.33422,0.00358,-0.01711,0.39534,0.12231,0.00045,0.06071
206,1777898455605,Sad,0.33587,0.00359,-0.0172,0.39478,0.12196,0.0005,0.06082,0.33471,0.00358,-0.01714,0.39517,0.1222,0.00047,0.06074
207,1777898455636,Sad,0.34157,0.00366,-0.0171,0.39394,0.12089,0.0006,0.06086,0.33677,0.00361,-0.01713,0.3948,0.12181,0.00051,0.06078
208,1777898455672,Sad,0.35605,0.00369,-0.01684,0.39039,0.11814,0.00079,0.06102,0.34255,0.00363,-0.01704,0.39348,0.12071,0.00059,0.06085
209,1777898455704,Neutral,0.37083,0.00253,-0.01496,0.37403,0.11542,0.00081,0.06333,0.35104,0.0033,-0.01642,0.38764,0.11912,0.00066,0.06159
210,1777898455738,Neutral,0.38206,0.00219,-0.01058,0.35774,0.11327,0.00217,0.07003,0.36034,0.00297,-0.01467,0.37867,0.11737,0.00111,0.06413
211,1777898455772,Neutral,0.38816,0.00531,-0.00816,0.33703,0.11142,0.00254,0.07633,0.36869,0.00367,-0.01271,0.36618,0.11558,0.00154,0.06779
212,1777898455806,Neutral,0.39166,0.02079,-0.00931,0.32123,0.10988,0.00435,0.07893,0.37558,0.00881,-0.01169,0.3527,0.11387,0.00238,0.07113
213,1777898455837,Neutral,0.3937,0.1332,-0.01658,0.30347,0.10839,0.00215,0.08021,0.38102,0.04612,-0.01316,0.33793,0.11223,0.00231,0.07385
214,1777898455872,Fear,0.39665,0.25199,-0.02607,0.30139,0.10618,0.00234,0.08095,0.38571,0.10788,-0.01703,0.32697,0.11041,0.00232,0.07598
215,1777898455905,Fear,0.39846,0.33002,-0.0321,0.30082,0.10446,0.00437,0.07952,0.38953,0.17452,-0.02155,0.31912,0.10863,0.00294,0.07704
216,1777898455937,Fear,0.3988,0.39887,-0.03794,0.29908,0.1036,0.00375,0.08086,0.39231,0.24183,-0.02647,0.31311,0.10712,0.00318,0.07819
217,1777898455972,Fear,0.40102,0.44511,-0.04366,0.30188,0.10264,0.00515,0.08245,0.39492,0.30281,-0.03163,0.30974,0.10578,0.00377,0.07947
218,1777898456003,Surprised,0.40322,0.48248,-0.04789,0.29932,0.10125,0.00478,0.08393,0.39741,0.35671,-0.03651,0.30662,0.10442,0.00407,0.0808
219,1777898456038,Surprised,0.40924,0.52751,-0.05142,0.29768,0.1002,0.00643,0.08353,0.40096,0.40795,-0.04098,0.30394,0.10315,0.00478,0.08162
220,1777898456071,Surprised,0.40951,0.55938,-0.05507,0.29721,0.10023,0.00655,0.0841,0.40353,0.45338,-0.04521,0.30192,0.10228,0.00531,0.08237
221,1777898456105,Surprised,0.41398,0.5867,-0.05707,0.29659,0.10089,0.00638,0.08394,0.40666,0.49338,-0.04876,0.30032,0.10186,0.00563,0.08284
222,1777898456137,Surprised,0.4113,0.59855,-0.05899,0.29232,0.10065,0.00825,0.08382,0.40805,0.52493,-0.05183,0.29792,0.1015,0.00642,0.08313
223,1777898456171,Surprised,0.41617,0.60798,-0.06023,0.2913,0.09967,0.00818,0.08311,0.41049,0.54984,-0.05435,0.29593,0.10095,0.00694,0.08313
224,1777898456206,Surprised,0.41861,0.60476,-0.06065,0.29103,0.09953,0.00865,0.08301,0.41293,0.56632,-0.05624,0.29446,0.10052,0.00745,0.08309
225,1777898456236,Surprised,0.41696,0.61211,-0.06092,0.28951,0.09962,0.00857,0.08284,0.41414,0.58006,-0.05764,0.29298,0.10025,0.00779,0.08302
226,1777898456272,Surprised,0.41698,0.63009,-0.06141,0.28878,0.09964,0.00887,0.08257,0.41499,0.59507,-0.05878,0.29172,0.10007,0.00811,0.08288
227,1777898456305,Surprised,0.41779,0.64289,-0.06293,0.28763,0.09958,0.00955,0.08257,0.41583,0.60941,-0.06002,0.29049,0.09992,0.00855,0.08279
228,1777898456337,Surprised,0.4169,0.64351,-0.06363,0.2866,0.0995,0.00947,0.08152,0.41615,0.61964,-0.0611,0.28932,0.09979,0.00882,0.08241
229,1777898456371,Surprised,0.41597,0.6399,-0.06351,0.28854,0.09927,0.0099,0.08134,0.4161,0.62572,-0.06183,0.28909,0.09964,0.00915,0.08209
230,1777898456405,Surprised,0.41653,0.63647,-0.06339,0.28804,0.099,0.01038,0.08171,0.41623,0.62894,-0.0623,0.28877,0.09945,0.00952,0.08197
231,1777898456438,Surprised,0.41627,0.63623,-0.06319,0.28929,0.09895,0.01018,0.08155,0.41624,0.63113,-0.06256,0.28893,0.0993,0.00971,0.08185
232,1777898456471,Surprised,0.41668,0.63593,-0.06292,0.28981,0.09872,0.01005,0.08149,0.41637,0.63257,-0.06267,0.28919,0.09912,0.00981,0.08174
233,1777898456505,Surprised,0.41568,0.63112,-0.06318,0.29121,0.09877,0.00967,0.08068,0.41616,0.63213,-0.06282,0.2898,0.09902,0.00977,0.08142
234,1777898456537,Surprised,0.41543,0.62893,-0.06321,0.29168,0.09861,0.00934,0.08103,0.41594,0.63117,-0.06294,0.29036,0.09889,0.00964,0.0813
235,1777898456571,Surprised,0.41598,0.62232,-0.06297,0.29269,0.09856,0.00919,0.0806,0.41596,0.62852,-0.06295,0.29106,0.09879,0.0095,0.08109
236,1777898456605,Surprised,0.41358,0.61498,-0.06167,0.29143,0.09827,0.00896,0.08086,0.41524,0.62446,-0.06257,0.29117,0.09864,0.00934,0.08102
237,1777898456637,Surprised,0.41204,0.61377,-0.06183,0.28998,0.09816,0.00849,0.08057,0.41428,0.62125,-0.06234,0.29082,0.09849,0.00908,0.08089
238,1777898456673,Surprised,0.41021,0.61195,-0.0615,0.28943,0.09837,0.00827,0.08053,0.41306,0.61846,-0.06209,0.2904,0.09846,0.00884,0.08078
239,1777898456704,Surprised,0.4092,0.60658,-0.06079,0.28954,0.09828,0.00823,0.08017,0.4119,0.6149,-0.0617,0.29014,0.0984,0.00866,0.0806
240,1777898456736,Surprised,0.40458,0.60336,-0.06057,0.28977,0.09874,0.00832,0.07997,0.40971,0.61144,-0.06136,0.29003,0.09851,0.00856,0.08041
241,1777898456772,Surprised,0.40417,0.60256,-0.06072,0.28937,0.099,0.00793,0.08,0.40804,0.60877,-0.06117,0.28983,0.09865,0.00837,0.08029
242,1777898456805,Surprised,0.4034,0.60075,-0.06057,0.28911,0.09936,0.00793,0.07987,0.40665,0.60637,-0.06099,0.28962,0.09887,0.00824,0.08016
243,1777898456836,Surprised,0.40545,0.5978,-0.06015,0.28915,0.09947,0.00804,0.07951,0.40629,0.6038,-0.06074,0.28947,0.09905,0.00818,0.07997
244,1777898456871,Surprised,0.40651,0.59745,-0.06008,0.28938,0.09961,0.00786,0.07932,0.40636,0.60189,-0.06054,0.28945,0.09922,0.00808,0.07977
245,1777898456905,Surprised,0.40559,0.59565,-0.05992,0.28952,0.09994,0.00817,0.07923,0.40612,0.60002,-0.06035,0.28947,0.09943,0.00811,0.07961
246,1777898456937,Surprised,0.40529,0.595,-0.06019,0.29046,0.10018,0.00816,0.07896,0.40587,0.59852,-0.0603,0.28977,0.09966,0.00812,0.07941
247,1777898456970,Surprised,0.40301,0.5932,-0.06015,0.29032,0.10066,0.00791,0.0793,0.40502,0.59692,-0.06026,0.28993,0.09996,0.00806,0.07938
248,1777898457003,Surprised,0.40296,0.59051,-0.05972,0.29038,0.10099,0.00802,0.07964,0.4044,0.595,-0.0601,0.29007,0.10027,0.00805,0.07946
249,1777898457036,Surprised,0.40044,0.58507,-0.05871,0.29057,0.10134,0.00795,0.08063,0.40321,0.59202,-0.05968,0.29022,0.10059,0.00802,0.07981
250,1777898457071,Surprised,0.39763,0.58176,-0.05795,0.29079,0.10226,0.00796,0.08083,0.40154,0.58894,-0.05916,0.29039,0.10109,0.008,0.08012
251,1777898457104,Surprised,0.39296,0.57743,-0.05705,0.291,0.10265,0.00785,0.08096,0.39897,0.58549,-0.05853,0.29057,0.10156,0.00796,0.08037
252,1777898457138,Surprised,0.39049,0.57481,-0.05662,0.29111,0.10253,0.00828,0.08079,0.39642,0.58229,-0.05796,0.29073,0.10185,0.00805,0.0805
253,1777898457171,Surprised,0.39228,0.57309,-0.05652,0.29132,0.10241,0.00839,0.08058,0.39518,0.57953,-0.05753,0.29091,0.10202,0.00815,0.08052
254,1777898457205,Surprised,0.39327,0.57321,-0.05673,0.29183,0.10235,0.00822,0.08075,0.39461,0.57763,-0.05729,0.29118,0.10212,0.00817,0.08059
255,1777898457237,Surprised,0.39337,0.57277,-0.05681,0.29206,0.10247,0.00823,0.08052,0.39424,0.57617,-0.05715,0.29145,0.10222,0.00819,0.08057
256,1777898457270,Surprised,0.39391,0.57291,-0.05685,0.29203,0.10254,0.0081,0.08062,0.39414,0.57519,-0.05706,0.29162,0.10232,0.00816,0.08058
257,1777898457304,Surprised,0.39356,0.57324,-0.05685,0.29193,0.10266,0.00787,0.08062,0.39397,0.57461,-0.05699,0.29171,0.10242,0.00807,0.0806
258,1777898457335,Surprised,0.39335,0.56988,-0.05709,0.29182,0.10274,0.00787,0.08059,0.39378,0.57319,-0.05702,0.29174,0.10252,0.00801,0.08059
259,1777898457370,Surprised,0.39329,0.56211,-0.05695,0.29182,0.10277,0.00808,0.08041,0.39363,0.56987,-0.057,0.29177,0.10259,0.00803,0.08054
260,1777898457402,Surprised,0.39257,0.55626,-0.05689,0.29272,0.10276,0.00821,0.08026,0.39331,0.56578,-0.05697,0.29205,0.10264,0.00809,0.08045
261,1777898457436,Surprised,0.39212,0.54997,-0.0567,0.29314,0.10279,0.00811,0.07988,0.39296,0.56104,-0.05689,0.29238,0.10269,0.00809,0.08028
262,1777898457470,Surprised,0.39183,0.55084,-0.05691,0.29326,0.10285,0.00819,0.07957,0.39262,0.55798,-0.05689,0.29264,0.10274,0.00812,0.08007
263,1777898457504,Surprised,0.39107,0.54361,-0.05671,0.2938,0.10298,0.00866,0.079,0.39215,0.55367,-0.05684,0.29299,0.10281,0.00828,0.07975
264,1777898457536,Surprised,0.38954,0.52281,-0.05586,0.29375,0.10305,0.00816,0.07805,0.39137,0.54441,-0.05654,0.29322,0.10288,0.00825,0.07924
265,1777898457569,Surprised,0.38861,0.4983,-0.05459,0.29401,0.10332,0.00683,0.07763,0.39054,0.53058,-0.05596,0.29345,0.10301,0.00782,0.07876
266,1777898457605,Surprised,0.38737,0.47268,-0.05265,0.29457,0.10352,0.00594,0.07825,0.38959,0.51321,-0.05497,0.29379,0.10316,0.00726,0.0786
267,1777898457636,Surprised,0.38659,0.45951,-0.05215,0.29515,0.10393,0.00522,0.07801,0.38869,0.4971,-0.05412,0.2942,0.10339,0.00665,0.07843
268,1777898457671,Surprised,0.38512,0.43931,-0.05077,0.2963,0.10411,0.00421,0.07705,0.38762,0.47976,-0.05312,0.29483,0.10361,0.00592,0.07801
269,1777898457703,Surprised,0.38443,0.43593,-0.05022,0.29694,0.10439,0.00373,0.07675,0.38666,0.46661,-0.05225,0.29546,0.10384,0.00526,0.07763
270,1777898457736,Surprised,0.38317,0.41719,-0.04949,0.29831,0.10484,0.00381,0.0764,0.38561,0.45178,-0.05142,0.29632,0.10414,0.00482,0.07726
271,1777898457769,Surprised,0.3805,0.39514,-0.04743,0.29992,0.10559,0.00387,0.07715,0.38408,0.43479,-0.05022,0.2974,0.10458,0.00454,0.07723
272,1777898457804,Surprised,0.37909,0.38238,-0.04562,0.30141,0.10638,0.00292,0.0782,0.38258,0.41907,-0.04884,0.2986,0.10512,0.00405,0.07752
273,1777898457837,Surprised,0.3775,0.36827,-0.04403,0.30283,0.10691,0.00369,0.07899,0.38106,0.40383,-0.0474,0.29987,0.10566,0.00394,0.07796
274,1777898457871,Surprised,0.37587,0.36192,-0.04414,0.30356,0.10721,0.00392,0.07954,0.3795,0.39125,-0.04642,0.30098,0.10612,0.00394,0.07843
275,1777898457904,Surprised,0.375,0.35126,-0.04328,0.30485,0.10752,0.00344,0.08,0.37815,0.37926,-0.04548,0.30214,0.10654,0.00379,0.0789
276,1777898457936,Surprised,0.37435,0.34249,-0.04247,0.30556,0.10776,0.00309,0.08117,0.37701,0.36823,-0.04458,0.30317,0.10691,0.00358,0.07958
277,1777898457969,Surprised,0.37399,0.33891,-0.04252,0.30642,0.10788,0.00278,0.08131,0.37611,0.35943,-0.04396,0.30414,0.1072,0.00334,0.0801
278,1777898458002,Fear,0.37279,0.33348,-0.04222,0.3069,0.10804,0.00258,0.08144,0.37511,0.35164,-0.04344,0.30497,0.10745,0.00311,0.0805
279,1777898458036,Fear,0.37247,0.32625,-0.04213,0.30761,0.10812,0.00227,0.08151,0.37432,0.34403,-0.04305,0.30576,0.10765,0.00286,0.08081
280,1777898458072,Fear,0.37262,0.32284,-0.04188,0.30764,0.10832,0.00207,0.08174,0.37381,0.33767,-0.0427,0.30633,0.10785,0.00262,0.08108
281,1777898458104,Fear,0.373,0.31694,-0.04161,0.3074,0.1084,0.00243,0.08184,0.37356,0.33145,-0.04237,0.30665,0.10802,0.00256,0.08131
282,1777898458137,Fear,0.37256,0.31433,-0.0412,0.30742,0.10855,0.00229,0.08186,0.37326,0.32632,-0.04202,0.30688,0.10818,0.00248,0.08148
283,1777898458169,Fear,0.37215,0.30507,-0.04094,0.30743,0.10881,0.00218,0.08201,0.37293,0.31994,-0.0417,0.30705,0.10837,0.00239,0.08164
284,1777898458204,Fear,0.3717,0.29537,-0.04097,0.30766,0.10911,0.0019,0.08189,0.37256,0.31257,-0.04148,0.30723,0.10859,0.00224,0.08171
285,1777898458235,Fear,0.37194,0.28798,-0.04057,0.30779,0.10934,0.00173,0.08169,0.37237,0.30519,-0.04121,0.3074,0.10882,0.00209,0.08171
286,1777898458268,Fear,0.37181,0.28205,-0.04024,0.30788,0.10953,0.00168,0.08175,0.3722,0.29825,-0.04091,0.30754,0.10903,0.00197,0.08172
287,1777898458303,Fear,0.37179,0.27915,-0.04005,0.30757,0.10971,0.00186,0.08197,0.37208,0.29252,-0.04065,0.30755,0.10923,0.00193,0.08179
288,1777898458335,Fear,0.37168,0.27619,-0.03942,0.30704,0.10977,0.00191,0.08233,0.37196,0.28762,-0.04028,0.3074,0.10939,0.00193,0.08195
289,1777898458369,Fear,0.37136,0.27558,-0.03924,0.3069,0.11008,0.00197,0.08229,0.37178,0.28401,-0.03997,0.30725,0.1096,0.00194,0.08206
290,1777898458402,Fear,0.37132,0.27306,-0.03871,0.30706,0.11011,0.00191,0.08245,0.37164,0.28073,-0.03959,0.30719,0.10975,0.00193,0.08218
291,1777898458435,Fear,0.3717,0.27407,-0.03865,0.3073,0.11017,0.00177,0.08242,0.37166,0.27873,-0.03931,0.30722,0.10988,0.00188,0.08225
292,1777898458469,Fear,0.37181,0.27478,-0.03852,0.30737,0.11017,0.00164,0.08247,0.3717,0.27754,-0.03907,0.30727,0.10997,0.00181,0.08232
293,1777898458502,Fear,0.37198,0.2751,-0.03851,0.30783,0.11018,0.00162,0.08246,0.37179,0.27681,-0.03891,0.30744,0.11003,0.00175,0.08236
294,1777898458537,Fear,0.37191,0.27584,-0.03858,0.30803,0.11024,0.00161,0.08251,0.37182,0.27652,-0.03881,0.30762,0.11009,0.00171,0.0824
295,1777898458569,Fear,0.37188,0.27597,-0.03849,0.30811,0.11027,0.00166,0.08261,0.37184,0.27636,-0.03871,0.30777,0.11015,0.00169,0.08246
296,1777898458603,Fear,0.37181,0.27622,-0.03854,0.3084,0.1103,0.00174,0.0828,0.37183,0.27631,-0.03866,0.30796,0.11019,0.00171,0.08256
297,1777898458636,Fear,0.37192,0.27681,-0.03881,0.3088,0.11031,0.00177,0.08285,0.37186,0.27646,-0.0387,0.30821,0.11023,0.00173,0.08265
298,1777898458669,Fear,0.37195,0.2796,-0.03904,0.30889,0.11036,0.00182,0.08287,0.37188,0.2774,-0.03881,0.30841,0.11027,0.00175,0.08272
299,1777898458702,Fear,0.37181,0.2815,-0.03925,0.30905,0.11036,0.00207,0.08292,0.37186,0.27863,-0.03894,0.3086,0.11029,0.00185,0.08278
300,1777898458735,Fear,0.37165,0.28268,-0.03964,0.30911,0.11036,0.00245,0.08298,0.3718,0.27985,-0.03915,0.30876,0.11032,0.00203,0.08284
301,1777898458801,Fear,0.37113,0.28255,-0.0399,0.30914,0.11044,0.00257,0.08302,0.3716,0.28066,-0.03938,0.30887,0.11035,0.00219,0.08289
302,1777898458835,Fear,0.37059,0.28207,-0.03976,0.30876,0.11042,0.00259,0.0831,0.37129,0.28108,-0.03949,0.30884,0.11037,0.00231,0.08296
303,1777898458868,Fear,0.37063,0.28263,-0.03979,0.30856,0.11047,0.00266,0.0831,0.3711,0.28155,-0.03958,0.30875,0.1104,0.00242,0.083
304,1777898458902,Fear,0.37085,0.28051,-0.03948,0.30859,0.11054,0.0026,0.08307,0.37102,0.28124,-0.03955,0.3087,0.11044,0.00247,0.08302
305,1777898458935,Fear,0.37104,0.27941,-0.03919,0.30864,0.11063,0.00248,0.08318,0.37103,0.28069,-0.03944,0.30868,0.1105,0.00247,0.08307
306,1777898458968,Fear,0.37087,0.2788,-0.03903,0.30876,0.11071,0.00245,0.08325,0.37098,0.28012,-0.03932,0.30871,0.11056,0.00247,0.08312
307,1777898459003,Fear,0.3705,0.27823,-0.039,0.30928,0.11086,0.00247,0.08322,0.37084,0.27955,-0.03922,0.30888,0.11065,0.00247,0.08315
308,1777898459034,Fear,0.37059,0.27725,-0.03893,0.30998,0.11091,0.00253,0.08311,0.37076,0.27886,-0.03913,0.30921,0.11073,0.00249,0.08314
309,1777898459069,Fear,0.37044,0.27615,-0.03868,0.31018,0.11107,0.00256,0.08324,0.37067,0.27805,-0.039,0.3095,0.11083,0.00251,0.08317
310,1777898459101,Fear,0.37012,0.27184,-0.03824,0.31047,0.11111,0.00263,0.0832,0.3705,0.27618,-0.03877,0.30979,0.11092,0.00254,0.08318
311,1777898459135,Fear,0.36972,0.26696,-0.03806,0.31051,0.11121,0.00269,0.08314,0.37027,0.27342,-0.03856,0.31001,0.111,0.00259,0.08317
312,1777898459168,Fear,0.36953,0.26363,-0.03781,0.31133,0.11125,0.00269,0.08318,0.37005,0.27048,-0.03833,0.3104,0.11108,0.00262,0.08317
313,1777898459201,Fear,0.36953,0.26137,-0.03754,0.31181,0.11124,0.00289,0.0833,0.36989,0.26775,-0.03809,0.31083,0.11113,0.0027,0.08321
314,1777898459236,Fear,0.36947,0.25944,-0.03731,0.31196,0.11131,0.00278,0.0836,0.36976,0.26525,-0.03786,0.31117,0.11118,0.00272,0.08333
315,1777898459268,Fear,0.36355,0.25546,-0.037,0.31259,0.11248,0.00273,0.08361,0.3679,0.26231,-0.0376,0.31159,0.11157,0.00272,0.08341
316,1777898459302,Neutral,0.27944,0.25402,-0.03712,0.31396,0.12985,0.00284,0.08446,0.34136,0.25983,-0.03746,0.3123,0.11705,0.00276,0.08373
317,1777898459335,Neutral,0.11194,0.25075,-0.03624,0.31395,0.15977,0.00242,0.08523,0.27253,0.2571,-0.03709,0.3128,0.12987,0.00266,0.08418
318,1777898459368,Neutral,0.10864,0.24618,-0.03564,0.31413,0.16032,0.00268,0.08555,0.22337,0.25383,-0.03665,0.3132,0.139,0.00266,0.08459
319,1777898459401,Neutral,0.16353,0.24451,-0.03545,0.31425,0.15062,0.00284,0.08572,0.20542,0.25103,-0.03629,0.31351,0.14249,0.00272,0.08493
320,1777898459434,Neutral,0.18222,0.24404,-0.03528,0.31451,0.1473,0.00287,0.08577,0.19846,0.24894,-0.03599,0.31381,0.14393,0.00276,0.08518
321,1777898459468,Neutral,0.19577,0.24403,-0.03523,0.31484,0.14453,0.0028,0.08585,0.19765,0.24746,-0.03576,0.31412,0.14411,0.00277,0.08538
322,1777898459501,Neutral,0.21477,0.24244,-0.0351,0.31573,0.14078,0.0028,0.08575,0.20279,0.24596,-0.03556,0.3146,0.14311,0.00278,0.08549
323,1777898459536,Neutral,0.23054,0.24008,-0.03476,0.31605,0.13818,0.00276,0.08597,0.21111,0.24419,-0.03532,0.31504,0.14163,0.00278,0.08564
324,1777898459568,Neutral,0.24622,0.23746,-0.03452,0.31644,0.1354,0.00277,0.08604,0.22165,0.24217,-0.03508,0.31546,0.13976,0.00277,0.08576
325,1777898459601,Neutral,0.26404,0.23636,-0.03415,0.3167,0.13261,0.00254,0.08606,0.23436,0.24043,-0.0348,0.31583,0.13762,0.0027,0.08585
326,1777898459634,Neutral,0.27802,0.23291,-0.03358,0.31679,0.13032,0.00245,0.08609,0.24746,0.23817,-0.03444,0.31612,0.13543,0.00263,0.08592
327,1777898459667,Neutral,0.28867,0.22982,-0.03304,0.317,0.12887,0.0023,0.08624,0.25982,0.23567,-0.03402,0.31639,0.13346,0.00253,0.08602
328,1777898459701,Neutral,0.29694,0.22678,-0.03252,0.31708,0.12762,0.00228,0.08623,0.27096,0.233,-0.03357,0.31659,0.13171,0.00245,0.08608
329,1777898459734,Neutral,0.30401,0.22662,-0.03246,0.31719,0.12659,0.00213,0.08627,0.28087,0.23109,-0.03323,0.31677,0.13017,0.00236,0.08614
330,1777898459768,Neutral,0.30824,0.22538,-0.0323,0.31746,0.12608,0.00204,0.08624,0.28908,0.22938,-0.03296,0.31698,0.12894,0.00226,0.08617
331,1777898459801,Sad,0.31181,0.22336,-0.03232,0.31746,0.12562,0.0018,0.08622,0.2959,0.22757,-0.03276,0.31712,0.12795,0.00212,0.08619
332,1777898459834,Sad,0.31456,0.21808,-0.03216,0.31761,0.12532,0.00166,0.08617,0.3015,0.22472,-0.03258,0.31727,0.12716,0.00198,0.08618
333,1777898459868,Sad,0.31657,0.21203,-0.03205,0.31799,0.12504,0.00171,0.08618,0.30602,0.22092,-0.03242,0.31749,0.12652,0.0019,0.08618
334,1777898459901,Sad,0.3186,0.20666,-0.03169,0.31821,0.12467,0.00155,0.08615,0.30979,0.21664,-0.0322,0.3177,0.12597,0.0018,0.08617
335,1777898459936,Sad,0.32055,0.20615,-0.03166,0.31824,0.12446,0.00147,0.08622,0.31302,0.21349,-0.03204,0.31786,0.12551,0.0017,0.08619
336,1777898459967,Sad,0.32166,0.20276,-0.03104,0.31817,0.1243,0.0013,0.08623,0.31561,0.21027,-0.03174,0.31796,0.12515,0.00158,0.0862
337,1777898460002,Sad,0.32263,0.20033,-0.03092,0.31817,0.12418,0.00135,0.08625,0.31772,0.20729,-0.03149,0.31802,0.12486,0.00151,0.08621
338,1777898460035,Sad,0.31888,0.19726,-0.03069,0.31801,0.12407,0.00141,0.0863,0.31806,0.20428,-0.03125,0.31802,0.12462,0.00148,0.08624
339,1777898460068,Sad,0.31521,0.19571,-0.03066,0.31769,0.12352,0.00138,0.08629,0.31721,0.20171,-0.03107,0.31792,0.12429,0.00145,0.08626
340,1777898460103,Sad,0.3158,0.19209,-0.03012,0.31717,0.12223,0.00109,0.08635,0.31679,0.19882,-0.03079,0.31769,0.12367,0.00134,0.08628
341,1777898460135,Sad,0.31995,0.18741,-0.02964,0.31682,0.12134,0.00089,0.08623,0.31773,0.1954,-0.03044,0.31743,0.12297,0.00121,0.08627
342,1777898460170,Sad,0.32273,0.18526,-0.02925,0.31641,0.12083,0.00069,0.08614,0.31923,0.19236,-0.03009,0.31713,0.12233,0.00105,0.08623
343,1777898460203,Sad,0.32504,0.18217,-0.02911,0.31632,0.12045,0.00055,0.08609,0.32097,0.1893,-0.02979,0.31688,0.12176,0.0009,0.08619
344,1777898460236,Sad,0.32592,0.18159,-0.02895,0.31566,0.1202,0.00046,0.08602,0.32246,0.18699,-0.02954,0.31652,0.1213,0.00077,0.08614
345,1777898460267,Sad,0.32796,0.18098,-0.0288,0.31555,0.11983,0.00028,0.08602,0.32411,0.18518,-0.02932,0.31622,0.12086,0.00062,0.0861
346,1777898460302,Sad,0.32874,0.18121,-0.02856,0.31448,0.11967,0.00033,0.08604,0.3255,0.18399,-0.02909,0.3157,0.1205,0.00053,0.08608
347,1777898460335,Sad,0.33079,0.18194,-0.02869,0.31459,0.11933,0.00035,0.08604,0.32709,0.18338,-0.02897,0.31537,0.12015,0.00048,0.08607
348,1777898460369,Sad,0.3317,0.1815,-0.02829,0.31423,0.1191,0.00045,0.08603,0.32847,0.18281,-0.02877,0.31503,0.11984,0.00047,0.08606
349,1777898460402,Sad,0.33357,0.18168,-0.02849,0.31439,0.1187,0.00049,0.08575,0.33,0.18248,-0.02868,0.31484,0.1195,0.00047,0.08596
350,1777898460433,Neutral,0.33406,0.18166,-0.02818,0.31424,0.1186,0.00043,0.08574,0.33122,0.18223,-0.02853,0.31466,0.11923,0.00046,0.0859
351,1777898460468,Neutral,0.33429,0.1808,-0.02797,0.31396,0.1186,0.00067,0.0857,0.33214,0.1818,-0.02836,0.31445,0.11904,0.00052,0.08584
352,1777898460501,Sad,0.30319,0.18069,-0.02777,0.31397,0.12527,0.00122,0.08591,0.32345,0.18147,-0.02818,0.31431,0.12091,0.00073,0.08586
353,1777898460535,Neutral,0.1271,0.18003,-0.02757,0.31491,0.15823,0.00224,0.0867,0.26455,0.18104,-0.028,0.31449,0.13211,0.00119,0.08611
354,1777898460569,Neutral,0.03564,0.17687,-0.0273,0.31499,0.17743,0.00369,0.08693,0.19587,0.17979,-0.02779,0.31464,0.1457,0.00194,0.08636
355,1777898460603,Neutral,0.02094,0.1718,-0.02735,0.31485,0.18269,0.00513,0.08719,0.14339,0.17739,-0.02766,0.3147,0.1568,0.0029,0.08661
356,1777898460636,Neutral,0.02396,0.15223,-0.02566,0.31532,0.18346,0.00722,0.08711,0.10756,0.16984,-0.02706,0.31489,0.1648,0.00419,0.08676
357,1777898460670,Neutral,0.04033,0.10026,-0.02162,0.31579,0.18077,0.00931,0.08763,0.08739,0.14897,-0.02543,0.31516,0.16959,0.00573,0.08702
358,1777898460703,Neutral,0.06701,0.05807,-0.01589,0.31657,0.17571,0.00863,0.08796,0.08128,0.1217,-0.02257,0.31558,0.17142,0.0066,0.0873
359,1777898460735,Neutral,0.0911,0.02146,-0.01111,0.32055,0.17122,0.00613,0.08719,0.08422,0.09163,-0.01913,0.31707,0.17136,0.00646,0.08727
360,1777898460770,Neutral,0.1545,0.00608,-0.0069,0.32303,0.16042,0.00603,0.08604,0.10531,0.06596,-0.01546,0.31886,0.16808,0.00633,0.0869
361,1777898460802,Neutral,0.20687,0.00109,-0.00645,0.3264,0.15213,0.00488,0.08454,0.13578,0.0465,-0.01276,0.32112,0.1633,0.00589,0.08619
362,1777898460835,Neutral,0.24555,0.00254,-0.00464,0.32804,0.14684,0.00392,0.0823,0.16871,0.03331,-0.01032,0.3232,0.15836,0.0053,0.08502
363,1777898460869,Neutral,0.26698,0.00162,-0.00314,0.3306,0.14393,0.00316,0.0806,0.19819,0.02381,-0.00817,0.32542,0.15403,0.00466,0.0837
364,1777898460902,Neutral,0.27868,0.001,-0.00118,0.33416,0.14286,0.00295,0.08051,0.22234,0.01696,-0.00607,0.32804,0.15068,0.00415,0.08274
365,1777898460936,Neutral,0.28433,0.00165,0.00151,0.33543,0.14287,0.00384,0.08119,0.24093,0.01237,-0.0038,0.33026,0.14834,0.00405,0.08228
366,1777898460969,Neutral,0.28703,0.00191,0.00491,0.33955,0.14183,0.00319,0.08216,0.25476,0.00923,-0.00118,0.33305,0.14638,0.0038,0.08224
367,1777898461002,Neutral,0.28937,0.00247,0.00769,0.34554,0.14133,0.00312,0.08361,0.26515,0.0072,0.00148,0.33679,0.14487,0.00359,0.08265
368,1777898461034,Neutral,0.2917,0.00236,0.00899,0.34706,0.14235,0.00463,0.08405,0.27311,0.00575,0.00373,0.33987,0.14411,0.00391,0.08307
369,1777898461069,Neutral,0.29357,0.00214,0.00967,0.34849,0.14222,0.00566,0.08386,0.27925,0.00467,0.00551,0.34246,0.14355,0.00443,0.08331
370,1777898461102,Neutral,0.29289,0.00192,0.0099,0.34989,0.1417,0.00556,0.08376,0.28334,0.00384,0.00683,0.34469,0.14299,0.00477,0.08344
371,1777898461135,Happy,0.29032,0.00231,0.00994,0.34748,0.14203,0.00497,0.08441,0.28544,0.00338,0.00776,0.34553,0.1427,0.00483,0.08373
372,1777898461170,Happy,0.28943,0.00258,0.00939,0.34786,0.1422,0.00534,0.08447,0.28663,0.00314,0.00825,0.34622,0.14255,0.00498,0.08395
373,1777898461202,Happy,0.28759,0.00303,0.00909,0.34941,0.14156,0.00527,0.08493,0.28692,0.00311,0.0085,0.34718,0.14225,0.00507,0.08425
374,1777898461235,Happy,0.28732,0.00307,0.00882,0.35018,0.14126,0.00537,0.08502,0.28704,0.0031,0.0086,0.34808,0.14196,0.00516,0.08448
375,1777898461269,Happy,0.28685,0.00354,0.0082,0.34954,0.14094,0.00535,0.08514,0.28698,0.00323,0.00848,0.34852,0.14165,0.00522,0.08468
376,1777898461303,Happy,0.28645,0.00351,0.00767,0.34911,0.14084,0.00545,0.0852,0.28682,0.00331,0.00824,0.34869,0.14141,0.00528,0.08483
377,1777898461336,Happy,0.28962,0.00345,0.00704,0.34866,0.14035,0.00544,0.08537,0.28766,0.00335,0.00788,0.34868,0.14109,0.00533,0.085
378,1777898461369,Happy,0.29318,0.00304,0.00596,0.34836,0.13991,0.00554,0.08524,0.28932,0.00326,0.0073,0.34859,0.14074,0.00539,0.08507
379,1777898461402,Neutral,0.29322,0.00346,0.0047,0.34695,0.13998,0.00511,0.08477,0.29049,0.00332,0.00652,0.3481,0.14051,0.00531,0.08498
380,1777898461435,Neutral,0.29862,0.00252,0.00278,0.3495,0.13973,0.00692,0.08246,0.29293,0.00308,0.0054,0.34852,0.14028,0.00579,0.08422
381,1777898461469,Neutral,0.30321,0.00214,0.00099,0.35213,0.13919,0.00844,0.08017,0.29601,0.0028,0.00408,0.3496,0.13995,0.00659,0.08301
382,1777898461503,Neutral,0.30223,0.00339,0.00061,0.35241,0.13983,0.00774,0.08023,0.29788,0.00297,0.00304,0.35044,0.13992,0.00693,0.08217
383,1777898461535,Neutral,0.30374,0.00273,0.00012,0.35268,0.14085,0.00693,0.08028,0.29964,0.0029,0.00216,0.35111,0.1402,0.00693,0.08161
384,1777898461568,Neutral,0.29531,0.00254,-0.00102,0.35621,0.14063,0.00512,0.08239,0.29834,0.00279,0.00121,0.35264,0.14033,0.00639,0.08184
385,1777898461600,Neutral,0.29725,0.00166,-0.00291,0.35844,0.14142,0.00469,0.08282,0.29801,0.00245,-3e-05,0.35438,0.14065,0.00588,0.08214
386,1777898461635,Neutral,0.29992,0.00318,-0.00252,0.36742,0.14104,0.00263,0.08329,0.29858,0.00267,-0.00077,0.35829,0.14077,0.0049,0.08248
387,1777898461669,Neutral,0.29943,0.00375,-0.00249,0.36689,0.14245,1e-05,0.08315,0.29884,0.00299,-0.00129,0.36087,0.14127,0.00344,0.08268
388,1777898461702,Neutral,0.30167,0.0048,-0.00244,0.3599,0.14235,0.00073,0.08201,0.29969,0.00354,-0.00164,0.36058,0.1416,0.00262,0.08248
389,1777898461735,Neutral,0.29855,0.00472,-0.00186,0.35341,0.14222,0.00038,0.08197,0.29935,0.00389,-0.0017,0.35843,0.14178,0.00195,0.08233
390,1777898461769,Neutral,0.30258,0.00478,-0.00227,0.34951,0.1423,0.00202,0.08204,0.30032,0.00416,-0.00187,0.35576,0.14194,0.00197,0.08224
391,1777898461804,Neutral,0.30517,0.00387,-0.00079,0.3479,0.14164,0.00332,0.08302,0.30177,0.00407,-0.00155,0.3534,0.14185,0.00237,0.08248
392,1777898461834,Neutral,0.30352,0.00407,-0.00093,0.34815,0.1408,0.00588,0.08365,0.3023,0.00407,-0.00136,0.35182,0.14153,0.00343,0.08283
393,1777898461869,Neutral,0.29795,0.00323,-2e-05,0.33781,0.14136,0.00832,0.08344,0.30099,0.00382,-0.00096,0.34762,0.14148,0.00489,0.08301
394,1777898461903,Neutral,0.29915,0.00321,-0.00021,0.34159,0.14103,0.00848,0.08147,0.30044,0.00364,-0.00073,0.34581,0.14135,0.00597,0.08255
395,1777898461935,Neutral,0.30208,0.003,0.00049,0.34612,0.1407,0.00924,0.08103,0.30093,0.00344,-0.00037,0.3459,0.14115,0.00695,0.08209
396,1777898461969,Neutral,0.30212,0.00287,0.00099,0.34696,0.14026,0.00875,0.08045,0.30129,0.00327,4e-05,0.34622,0.14088,0.00749,0.0816
397,1777898462002,Neutral,0.30129,0.0029,0.00112,0.34611,0.14012,0.00895,0.07997,0.30129,0.00316,0.00036,0.34619,0.14066,0.00793,0.08111
398,1777898462035,Contempt,0.30072,0.00293,0.00113,0.34466,0.13911,0.00891,0.07979,0.30112,0.00309,0.00059,0.34573,0.14019,0.00822,0.08071
399,1777898462067,Contempt,0.29897,0.0037,0.00103,0.34463,0.13592,0.00899,0.07957,0.30047,0.00327,0.00072,0.3454,0.13891,0.00845,0.08037
400,1777898462102,Neutral,0.29265,0.00517,-0.00041,0.34138,0.13167,0.00656,0.08001,0.29812,0.00384,0.00038,0.34419,0.13674,0.00789,0.08026
401,1777898462134,Neutral,0.28381,0.00715,-0.00319,0.3345,0.12518,0.00252,0.08089,0.29383,0.00483,-0.00069,0.34128,0.13327,0.00628,0.08045
402,1777898462167,Neutral,0.2805,0.0074,-0.00744,0.33041,0.11776,0.00087,0.08117,0.28983,0.0056,-0.00272,0.33802,0.12862,0.00466,0.08067
403,1777898462202,Neutral,0.28831,0.00694,-0.01027,0.33116,0.10992,0.0,0.08119,0.28937,0.006,-0.00498,0.33596,0.12301,0.00326,0.08082
404,1777898462235,Neutral,0.29873,0.00489,-0.01202,0.33097,0.10165,0.00092,0.08074,0.29218,0.00567,-0.00709,0.33446,0.1166,0.00256,0.0808
405,1777898462270,Neutral,0.29986,0.00415,-0.01134,0.32827,0.09616,0.00017,0.08099,0.29448,0.00522,-0.00837,0.33261,0.11047,0.00184,0.08086
406,1777898462302,Angry,0.29594,0.00357,-0.01164,0.32622,0.09267,0.00083,0.07912,0.29492,0.00472,-0.00935,0.33069,0.10513,0.00154,0.08034
407,1777898462336,Neutral,0.29116,0.00441,-0.01082,0.32525,0.08981,0.00075,0.08045,0.29379,0.00463,-0.00979,0.32906,0.10053,0.0013,0.08037
408,1777898462369,Neutral,0.28662,0.0042,-0.00981,0.32708,0.08762,0.00042,0.08238,0.29164,0.0045,-0.00979,0.32847,0.09666,0.00104,0.08097
409,1777898462402,Neutral,0.28903,0.00345,-0.00896,0.32983,0.08572,0.00208,0.08247,0.29086,0.00418,-0.00955,0.32887,0.09338,0.00135,0.08142
410,1777898462434,Neutral,0.28779,0.0031,-0.00831,0.33044,0.08494,0.00271,0.08144,0.28994,0.00386,-0.00917,0.32934,0.09085,0.00176,0.08143
411,1777898462469,Neutral,0.28703,0.00303,-0.00844,0.33026,0.08399,0.00459,0.08165,0.28907,0.00361,-0.00896,0.32962,0.08879,0.00261,0.08149
412,1777898462503,Neutral,0.29315,0.00311,-0.00867,0.33304,0.08336,0.00646,0.08143,0.29029,0.00346,-0.00887,0.33065,0.08716,0.00376,0.08147
413,1777898462534,Neutral,0.2961,0.00311,-0.00824,0.33086,0.08325,0.0079,0.08194,0.29203,0.00335,-0.00868,0.33071,0.08599,0.005,0.08161
414,1777898462569,Neutral,0.30001,0.00277,-0.00783,0.3286,0.08286,0.00845,0.08133,0.29443,0.00318,-0.00842,0.33008,0.08505,0.00604,0.08153
415,1777898462602,Angry,0.29733,0.00194,-0.00788,0.32743,0.08298,0.00943,0.08193,0.2953,0.00281,-0.00826,0.32928,0.08443,0.00706,0.08165
416,1777898462635,Angry,0.29532,0.00166,-0.00742,0.32713,0.08335,0.00947,0.08251,0.2953,0.00246,-0.00801,0.32864,0.08411,0.00778,0.08191
417,1777898462669,Neutral,0.29363,0.00172,-0.00734,0.32644,0.08318,0.01035,0.08231,0.2948,0.00224,-0.00781,0.32798,0.08383,0.00855,0.08203
418,1777898462702,Neutral,0.2965,0.00189,-0.00646,0.3259,0.08268,0.01047,0.08306,0.29531,0.00213,-0.00741,0.32735,0.08348,0.00913,0.08234
419,1777898462735,Neutral,0.29664,0.00194,-0.00672,0.32609,0.08323,0.0097,0.08316,0.29571,0.00207,-0.0072,0.32698,0.08341,0.0093,0.08258
420,1777898462768,Neutral,0.29344,0.00193,-0.00697,0.32662,0.08311,0.00882,0.08307,0.29503,0.00203,-0.00713,0.32687,0.08332,0.00915,0.08273
421,1777898462803,Neutral,0.294,0.00187,-0.00691,0.32725,0.08228,0.00832,0.08367,0.29472,0.00198,-0.00707,0.32698,0.08301,0.00891,0.08301
422,1777898462833,Neutral,0.2952,0.00174,-0.00705,0.32703,0.08189,0.00808,0.0835,0.29486,0.00191,-0.00706,0.327,0.08267,0.00866,0.08316
423,1777898462867,Neutral,0.29686,0.00156,-0.00758,0.32744,0.08202,0.0079,0.08295,0.29546,0.00181,-0.00722,0.32713,0.08248,0.00843,0.0831
424,1777898462900,Neutral,0.29786,0.0015,-0.0076,0.32741,0.08233,0.00806,0.08252,0.29618,0.00171,-0.00733,0.32721,0.08243,0.00832,0.08292
425,1777898462934,Neutral,0.29917,0.00147,-0.00745,0.32737,0.08259,0.00813,0.08251,0.29708,0.00164,-0.00737,0.32726,0.08248,0.00826,0.0828
426,1777898462969,Neutral,0.29911,0.00149,-0.00732,0.32696,0.08271,0.0083,0.08262,0.29769,0.0016,-0.00735,0.32717,0.08255,0.00827,0.08274
427,1777898463001,Neutral,0.29907,0.0015,-0.00723,0.32643,0.08274,0.00841,0.08255,0.2981,0.00157,-0.00732,0.32695,0.08261,0.00831,0.08269
428,1777898463035,Neutral,0.29966,0.00156,-0.00705,0.3265,0.08256,0.00852,0.08241,0.29857,0.00156,-0.00724,0.32681,0.08259,0.00837,0.0826
429,1777898463067,Neutral,0.29926,0.00152,-0.00716,0.32568,0.08233,0.00836,0.0825,0.29878,0.00155,-0.00721,0.32647,0.08252,0.00837,0.08257
430,1777898463100,Neutral,0.29856,0.00154,-0.00723,0.32568,0.0821,0.00808,0.08263,0.29871,0.00155,-0.00722,0.32623,0.08239,0.00828,0.08259
431,1777898463135,Neutral,0.2977,0.00164,-0.00722,0.32635,0.08272,0.00803,0.08309,0.29841,0.00157,-0.00722,0.32627,0.08249,0.00821,0.08274
432,1777898463169,Neutral,0.28417,0.00144,-0.00732,0.32675,0.08612,0.0077,0.08332,0.29414,0.00153,-0.00725,0.32641,0.08358,0.00806,0.08291
433,1777898463203,Neutral,0.26645,0.00118,-0.00754,0.3284,0.09029,0.00802,0.08351,0.28583,0.00143,-0.00734,0.32701,0.08559,0.00804,0.08309
434,1777898463268,Neutral,0.26201,0.00106,-0.00765,0.32775,0.09119,0.00811,0.08363,0.27869,0.00132,-0.00743,0.32723,0.08727,0.00806,0.08325
435,1777898463302,Neutral,0.26231,0.00102,-0.0078,0.32775,0.09102,0.00798,0.08363,0.27377,0.00123,-0.00754,0.32739,0.0884,0.00804,0.08337
436,1777898463335,Neutral,0.26292,0.00101,-0.0079,0.32778,0.09083,0.00796,0.0837,0.27052,0.00116,-0.00765,0.3275,0.08913,0.00801,0.08347
437,1777898463369,Neutral,0.26423,0.00106,-0.00787,0.32821,0.09064,0.00808,0.08383,0.26863,0.00113,-0.00772,0.32772,0.08958,0.00803,0.08357
438,1777898463401,Neutral,0.26601,0.00093,-0.00786,0.32834,0.09034,0.00821,0.08366,0.26785,0.00107,-0.00776,0.3279,0.08981,0.00809,0.0836
439,1777898463435,Neutral,0.26741,0.00086,-0.0078,0.3295,0.08995,0.00821,0.0834,0.26772,0.00101,-0.00777,0.32838,0.08985,0.00812,0.08354
440,1777898463468,Neutral,0.26957,0.00088,-0.00783,0.32986,0.08975,0.00816,0.08317,0.26827,0.00097,-0.00779,0.32882,0.08982,0.00813,0.08343
441,1777898463502,Neutral,0.27007,0.00095,-0.00799,0.33025,0.08946,0.00828,0.08327,0.26881,0.00097,-0.00785,0.32925,0.08971,0.00818,0.08338
442,1777898463534,Neutral,0.27124,0.00103,-0.00812,0.33013,0.08931,0.00853,0.08315,0.26954,0.00099,-0.00793,0.32952,0.08959,0.00828,0.08331
443,1777898463569,Neutral,0.27423,0.00116,-0.00818,0.32924,0.08902,0.00822,0.08305,0.27095,0.00104,-0.00801,0.32944,0.08942,0.00826,0.08323
444,1777898463602,Neutral,0.27685,0.00135,-0.00813,0.32827,0.08883,0.00783,0.08277,0.27272,0.00113,-0.00804,0.32909,0.08924,0.00813,0.08309
445,1777898463635,Neutral,0.277,0.00244,-0.00759,0.32751,0.0881,0.00737,0.08276,0.274,0.00152,-0.00791,0.32861,0.0889,0.0079,0.08299
446,1777898463670,Neutral,0.28012,0.00302,-0.00654,0.32516,0.08704,0.00653,0.08296,0.27584,0.00197,-0.0075,0.32758,0.08834,0.00749,0.08298
447,1777898463701,Neutral,0.28216,0.00357,-0.00604,0.32367,0.08543,0.00675,0.08343,0.27773,0.00245,-0.00706,0.3264,0.08747,0.00727,0.08311
448,1777898463734,Neutral,0.286,0.00361,-0.00505,0.32187,0.08395,0.00719,0.08429,0.28021,0.0028,-0.00646,0.32504,0.08641,0.00724,0.08347
449,1777898463768,Neutral,0.28962,0.00332,-0.00449,0.32347,0.08283,0.0067,0.08452,0.28304,0.00295,-0.00587,0.32457,0.08534,0.00708,0.08378
450,1777898463801,Neutral,0.2913,0.00332,-0.00476,0.32342,0.08211,0.00576,0.08528,0.28551,0.00306,-0.00553,0.32423,0.08437,0.00668,0.08423
451,1777898463834,Neutral,0.29266,0.0027,-0.00453,0.32333,0.0814,0.00539,0.08574,0.28766,0.00295,-0.00523,0.32396,0.08348,0.0063,0.08468
452,1777898463869,Neutral,0.29596,0.00234,-0.0042,0.32314,0.08109,0.00527,0.08585,0.29015,0.00277,-0.00492,0.32371,0.08276,0.00599,0.08503
453,1777898463903,Neutral,0.29747,0.00221,-0.00448,0.32403,0.08089,0.00496,0.08597,0.29234,0.0026,-0.00479,0.32381,0.0822,0.00568,0.08532
454,1777898463934,Neutral,0.29776,0.00213,-0.00468,0.32359,0.08042,0.00466,0.08571,0.29397,0.00246,-0.00476,0.32374,0.08167,0.00538,0.08544
455,1777898463969,Angry,0.29896,0.00221,-0.005,0.32332,0.07996,0.00502,0.08583,0.29547,0.00238,-0.00483,0.32362,0.08116,0.00527,0.08555
456,1777898464001,Angry,0.29969,0.00228,-0.005,0.32287,0.07968,0.00488,0.08581,0.29673,0.00235,-0.00488,0.32339,0.08071,0.00515,0.08563
457,1777898464034,Angry,0.29977,0.00229,-0.00494,0.32288,0.07952,0.00514,0.08588,0.29764,0.00233,-0.0049,0.32324,0.08035,0.00515,0.08571
458,1777898464067,Angry,0.29984,0.00261,-0.00483,0.32271,0.07933,0.00537,0.08609,0.2983,0.00242,-0.00488,0.32308,0.08005,0.00522,0.08582
459,1777898464101,Angry,0.29998,0.0027,-0.0049,0.32253,0.07919,0.00556,0.08597,0.2988,0.0025,-0.00488,0.32292,0.07979,0.00532,0.08587
460,1777898464136,Angry,0.30063,0.00279,-0.00478,0.32275,0.07907,0.00557,0.08557,0.29935,0.00259,-0.00485,0.32287,0.07957,0.00539,0.08578
461,1777898464169,Angry,0.30115,0.00273,-0.00479,0.32275,0.0788,0.00534,0.08528,0.29989,0.00263,-0.00483,0.32283,0.07934,0.00538,0.08563
462,1777898464201,Angry,0.30154,0.00283,-0.00476,0.32295,0.07859,0.00554,0.08488,0.30039,0.00269,-0.00481,0.32287,0.07912,0.00543,0.08541
463,1777898464235,Angry,0.30207,0.00242,-0.00487,0.32291,0.07847,0.00542,0.08504,0.30089,0.00261,-0.00483,0.32288,0.07892,0.00542,0.0853
464,1777898464268,Angry,0.30267,0.00241,-0.00504,0.3226,0.07842,0.00567,0.08506,0.30142,0.00255,-0.00489,0.32279,0.07877,0.0055,0.08523
465,1777898464300,Angry,0.30335,0.00237,-0.00515,0.32196,0.07834,0.00585,0.08499,0.302,0.0025,-0.00497,0.32254,0.07864,0.0056,0.08515
466,1777898464334,Angry,0.30358,0.00244,-0.00527,0.32207,0.0783,0.0059,0.08487,0.30248,0.00248,-0.00506,0.3224,0.07854,0.00569,0.08507
467,1777898464369,Angry,0.3043,0.00255,-0.00532,0.32204,0.07821,0.00603,0.08465,0.30302,0.0025,-0.00514,0.32229,0.07844,0.00579,0.08495
468,1777898464401,Angry,0.3046,0.00259,-0.00516,0.32181,0.07816,0.00598,0.08459,0.3035,0.00253,-0.00515,0.32215,0.07836,0.00585,0.08484
469,1777898464435,Angry,0.30513,0.00255,-0.00514,0.32218,0.07812,0.00615,0.08432,0.30399,0.00253,-0.00514,0.32216,0.07829,0.00594,0.08468
470,1777898464467,Angry,0.30531,0.0026,-0.005,0.32213,0.07813,0.00612,0.08425,0.30438,0.00255,-0.0051,0.32215,0.07824,0.00599,0.08455
471,1777898464499,Angry,0.30518,0.00256,-0.00501,0.32217,0.07812,0.00616,0.08422,0.30462,0.00256,-0.00507,0.32215,0.0782,0.00604,0.08445
472,1777898464534,Angry,0.30542,0.00256,-0.00495,0.32237,0.07815,0.00626,0.08432,0.30486,0.00256,-0.00504,0.32222,0.07819,0.00611,0.08441
473,1777898464567,Angry,0.30621,0.00239,-0.00506,0.32196,0.07819,0.00626,0.0845,0.30527,0.00251,-0.00504,0.32214,0.07819,0.00615,0.08444
474,1777898464602,Angry,0.30711,0.00232,-0.00522,0.32192,0.07816,0.00615,0.08443,0.30582,0.00245,-0.0051,0.32207,0.07818,0.00615,0.08444
475,1777898464634,Angry,0.30699,0.00225,-0.00535,0.32185,0.07826,0.00597,0.08456,0.30617,0.00239,-0.00517,0.32201,0.0782,0.0061,0.08447
476,1777898464666,Angry,0.30643,0.00223,-0.00531,0.32184,0.07831,0.0059,0.08487,0.30625,0.00234,-0.00521,0.32196,0.07824,0.00604,0.08459
477,1777898464701,Angry,0.30635,0.00224,-0.00524,0.32173,0.07819,0.00575,0.08502,0.30628,0.00231,-0.00522,0.32189,0.07822,0.00595,0.08472
478,1777898464734,Angry,0.30606,0.00222,-0.00523,0.32101,0.07817,0.00567,0.08516,0.30621,0.00228,-0.00522,0.32163,0.07821,0.00587,0.08485
479,1777898464768,Angry,0.30581,0.00228,-0.00513,0.32065,0.07806,0.00567,0.08522,0.30609,0.00228,-0.0052,0.32133,0.07816,0.00581,0.08496
480,1777898464800,Angry,0.30605,0.00232,-0.00508,0.32101,0.0781,0.00566,0.08521,0.30608,0.0023,-0.00516,0.32124,0.07814,0.00576,0.08504
481,1777898464835,Angry,0.30679,0.00243,-0.00502,0.32147,0.0781,0.00565,0.08526,0.30629,0.00234,-0.00512,0.32131,0.07813,0.00573,0.0851
482,1777898464868,Angry,0.30688,0.00263,-0.00494,0.32175,0.07809,0.00567,0.08536,0.30647,0.00243,-0.00506,0.32144,0.07812,0.00571,0.08518
483,1777898464901,Angry,0.30658,0.00279,-0.00482,0.32181,0.07811,0.00563,0.08548,0.3065,0.00253,-0.00499,0.32155,0.07812,0.00569,0.08527
484,1777898464934,Angry,0.30633,0.00291,-0.00476,0.32198,0.07815,0.00565,0.08563,0.30645,0.00265,-0.00492,0.32168,0.07813,0.00567,0.08538
485,1777898464968,Angry,0.30611,0.00296,-0.00466,0.32199,0.0781,0.00556,0.08574,0.30635,0.00274,-0.00484,0.32177,0.07812,0.00564,0.08548
486,1777898465001,Angry,0.30606,0.00296,-0.00456,0.32224,0.07822,0.00555,0.08585,0.30626,0.00281,-0.00476,0.32191,0.07815,0.00561,0.08559
487,1777898465033,Angry,0.29638,0.00291,-0.00457,0.32207,0.08062,0.00569,0.08591,0.3033,0.00284,-0.0047,0.32196,0.07889,0.00564,0.08569
488,1777898465067,Neutral,0.1038,0.00254,-0.00459,0.32207,0.11838,0.00594,0.08705,0.24345,0.00275,-0.00467,0.32199,0.09074,0.00573,0.0861
489,1777898465099,Neutral,0.04184,0.00218,-0.00463,0.32187,0.13705,0.00669,0.08751,0.18296,0.00258,-0.00466,0.32196,0.10463,0.00602,0.08652
490,1777898465133,Neutral,0.04469,0.00201,-0.00468,0.3215,0.13635,0.00694,0.08837,0.14148,0.00241,-0.00466,0.32182,0.11415,0.00629,0.08707
491,1777898465167,Neutral,0.07859,0.00195,-0.00469,0.32114,0.12778,0.00718,0.08927,0.12261,0.00227,-0.00467,0.32162,0.11824,0.00656,0.08773
492,1777898465200,Neutral,0.08445,0.00182,-0.00463,0.32131,0.13034,0.00733,0.08976,0.11117,0.00213,-0.00466,0.32153,0.12187,0.00679,0.08834
493,1777898465234,Neutral,0.13677,0.00211,-0.00474,0.32136,0.12353,0.00761,0.08928,0.11885,0.00213,-0.00468,0.32148,0.12237,0.00704,0.08862
494,1777898465267,Neutral,0.1948,0.00251,-0.00523,0.3211,0.11813,0.00719,0.08769,0.14163,0.00224,-0.00485,0.32136,0.1211,0.00708,0.08834
495,1777898465301,Neutral,0.24064,0.00197,-0.00535,0.32087,0.11743,0.00741,0.08761,0.17134,0.00216,-0.005,0.32121,0.12,0.00718,0.08812
496,1777898465334,Neutral,0.26625,0.00142,-0.00589,0.32116,0.11964,0.00699,0.08729,0.19981,0.00194,-0.00526,0.3212,0.11989,0.00712,0.08787
497,1777898465366,Neutral,0.282,0.00252,-0.00494,0.32013,0.12158,0.00581,0.08629,0.22447,0.00211,-0.00517,0.32088,0.1204,0.00673,0.0874
498,1777898465400,Neutral,0.28649,0.00261,-0.00648,0.32041,0.12271,0.00678,0.0832,0.24308,0.00226,-0.00556,0.32074,0.12109,0.00674,0.08614
499,1777898465432,Neutral,0.29415,0.00311,-0.01015,0.31999,0.12475,0.00621,0.08229,0.2584,0.00252,-0.00694,0.32051,0.12219,0.00658,0.08498
500,1777898465468,Neutral,0.2958,0.00284,-0.01192,0.32218,0.126,0.0066,0.08289,0.26962,0.00261,-0.00843,0.32101,0.12333,0.00659,0.08436
501,1777898465500,Neutral,0.30273,0.00217,-0.01147,0.32366,0.12692,0.00485,0.08247,0.27955,0.00248,-0.00934,0.32181,0.12441,0.00607,0.08379
502,1777898465533,Neutral,0.30115,0.00202,-0.01083,0.32551,0.12751,0.0057,0.08191,0.28603,0.00234,-0.00979,0.32292,0.12534,0.00596,0.08323
503,1777898465568,Neutral,0.29956,0.00215,-0.01215,0.32893,0.12941,0.00398,0.0825,0.29009,0.00228,-0.0105,0.32472,0.12656,0.00537,0.08301
504,1777898465599,Neutral,0.2997,0.00222,-0.01089,0.33115,0.12936,0.00227,0.08183,0.29297,0.00227,-0.01062,0.32665,0.1274,0.00444,0.08265
505,1777898465634,Sad,0.30036,0.00222,-0.01048,0.33262,0.12907,0.00165,0.08182,0.29519,0.00225,-0.01058,0.32844,0.1279,0.0036,0.08241
506,1777898465667,Sad,0.29728,0.00216,-0.01106,0.33229,0.12918,0.00182,0.08147,0.29582,0.00223,-0.01072,0.3296,0.12829,0.00307,0.08213
507,1777898465701,Sad,0.2968,0.00219,-0.01108,0.33347,0.12881,0.00282,0.0815,0.29611,0.00222,-0.01083,0.33076,0.12844,0.00299,0.08194
508,1777898465734,Sad,0.29589,0.00213,-0.01093,0.33434,0.12853,0.00299,0.08203,0.29605,0.00219,-0.01086,0.33184,0.12847,0.00299,0.08197
509,1777898465769,Sad,0.29469,0.002,-0.01075,0.33519,0.12829,0.00265,0.08233,0.29564,0.00213,-0.01083,0.33284,0.12842,0.00289,0.08208
510,1777898465801,Sad,0.29488,0.00193,-0.01091,0.33573,0.12829,0.00276,0.08246,0.29541,0.00207,-0.01085,0.33371,0.12838,0.00285,0.08219
511,1777898465834,Sad,0.29419,0.00197,-0.01091,0.33623,0.12835,0.00272,0.08268,0.29505,0.00204,-0.01087,0.33447,0.12837,0.00281,0.08234
512,1777898465868,Sad,0.29434,0.00208,-0.01085,0.33654,0.12854,0.00267,0.08274,0.29483,0.00205,-0.01086,0.33509,0.12842,0.00277,0.08246
513,1777898465899,Sad,0.29461,0.00214,-0.01095,0.33692,0.1286,0.00264,0.08273,0.29477,0.00208,-0.01089,0.33564,0.12847,0.00273,0.08254
514,1777898465934,Sad,0.29479,0.00202,-0.01092,0.33705,0.12832,0.00267,0.08276,0.29477,0.00206,-0.0109,0.33606,0.12843,0.00271,0.0826
515,1777898465968,Sad,0.29543,0.00201,-0.01084,0.33726,0.12786,0.00274,0.08281,0.29497,0.00204,-0.01088,0.33642,0.12826,0.00272,0.08266
516,1777898466001,Sad,0.29625,0.00307,-0.01029,0.33488,0.12606,0.00232,0.08263,0.29536,0.00235,-0.0107,0.33596,0.1276,0.0026,0.08266
517,1777898466033,Sad,0.29603,0.00464,-0.00915,0.33291,0.1222,0.00225,0.085,0.29556,0.00304,-0.01024,0.33504,0.12598,0.0025,0.08336
518,1777898466066,Sad,0.29581,0.0054,-0.00791,0.33016,0.11478,0.00139,0.08648,0.29563,0.00375,-0.00954,0.33358,0.12262,0.00216,0.0843
519,1777898466099,Neutral,0.28917,0.00852,-0.00962,0.32197,0.10586,0.00034,0.08685,0.29369,0.00518,-0.00956,0.3301,0.11759,0.00162,0.08506
520,1777898466132,Neutral,0.26843,0.05067,-0.01479,0.31444,0.10043,0.00039,0.08599,0.28611,0.01883,-0.01113,0.3254,0.11244,0.00125,0.08534
521,1777898466167,Neutral,0.24837,0.16894,-0.02519,0.30721,0.09333,0.00212,0.0825,0.27479,0.06386,-0.01535,0.31994,0.10671,0.00151,0.08449
522,1777898466199,Disgusted,0.23402,0.24882,-0.03351,0.30761,0.08846,0.00186,0.07369,0.26256,0.11935,-0.0208,0.31624,0.10123,0.00162,0.08125
523,1777898466234,Disgusted,0.22776,0.31045,-0.04179,0.31034,0.08445,0.00341,0.06752,0.25212,0.17668,-0.02709,0.31447,0.0962,0.00215,0.07713
524,1777898466267,Disgusted,0.22469,0.31759,-0.04349,0.31503,0.08189,0.00576,0.06288,0.24389,0.21895,-0.03201,0.31464,0.0919,0.00323,0.07285
525,1777898466301,Disgusted,0.22304,0.31283,-0.0434,0.31891,0.08056,0.00607,0.05767,0.23763,0.24712,-0.03543,0.31592,0.0885,0.00409,0.0683
526,1777898466334,Disgusted,0.22452,0.30439,-0.04307,0.32156,0.07932,0.00575,0.05458,0.2337,0.2643,-0.03772,0.31761,0.08575,0.00459,0.06418
527,1777898466367,Disgusted,0.22575,0.29452,-0.04179,0.32483,0.0783,0.00534,0.05263,0.23132,0.27337,-0.03894,0.31978,0.08352,0.00481,0.06072
528,1777898466400,Disgusted,0.22694,0.29006,-0.04124,0.32677,0.07763,0.0049,0.0519,0.23,0.27838,-0.03963,0.32188,0.08175,0.00484,0.05807
529,1777898466433,Disgusted,0.22755,0.28471,-0.04075,0.32951,0.07665,0.00463,0.0508,0.22927,0.28028,-0.03997,0.32417,0.08022,0.00478,0.05589
530,1777898466468,Disgusted,0.22699,0.28214,-0.04033,0.33161,0.07524,0.0044,0.05048,0.22858,0.28084,-0.04008,0.3264,0.07873,0.00466,0.05427
531,1777898466499,Disgusted,0.22572,0.27953,-0.04022,0.33319,0.07546,0.00432,0.05062,0.22772,0.28045,-0.04012,0.32844,0.07775,0.00456,0.05318
532,1777898466534,Disgusted,0.22482,0.27813,-0.04031,0.33505,0.07546,0.00426,0.05056,0.22685,0.27975,-0.04018,0.33042,0.07706,0.00447,0.05239
533,1777898466565,Disgusted,0.22415,0.27555,-0.04009,0.33654,0.07527,0.00417,0.05036,0.22604,0.27849,-0.04015,0.33226,0.07652,0.00438,0.05178
534,1777898466600,Disgusted,0.22396,0.27365,-0.04001,0.3375,0.07484,0.00409,0.05007,0.22542,0.27704,-0.04011,0.33383,0.07602,0.00429,0.05127
535,1777898466634,Disgusted,0.22296,0.27198,-0.03994,0.3387,0.07504,0.00403,0.05003,0.22468,0.27552,-0.04006,0.33529,0.07572,0.00421,0.0509
536,1777898466666,Disgusted,0.22323,0.27005,-0.03988,0.33967,0.0752,0.00396,0.04999,0.22424,0.27388,-0.04,0.33661,0.07557,0.00414,0.05062
537,1777898466700,Disgusted,0.2236,0.26766,-0.03987,0.34059,0.07529,0.00385,0.04993,0.22405,0.27202,-0.03996,0.3378,0.07548,0.00405,0.05042
538,1777898466732,Disgusted,0.22502,0.26502,-0.03992,0.34146,0.07544,0.00362,0.04992,0.22434,0.26992,-0.03995,0.3389,0.07547,0.00392,0.05027
539,1777898466767,Disgusted,0.22759,0.26198,-0.04007,0.34254,0.07573,0.00313,0.05027,0.22532,0.26754,-0.03999,0.33999,0.07555,0.00368,0.05027
540,1777898466799,Disgusted,0.22827,0.25285,-0.0392,0.34351,0.07591,0.00241,0.05075,0.2262,0.26313,-0.03975,0.34105,0.07566,0.0033,0.05041
541,1777898466833,Disgusted,0.2291,0.24042,-0.03847,0.3444,0.0761,0.00144,0.05209,0.22707,0.25632,-0.03936,0.34205,0.07579,0.00274,0.05091
542,1777898466865,Disgusted,0.23034,0.22825,-0.03796,0.34474,0.07623,0.00074,0.05319,0.22805,0.2479,-0.03894,0.34286,0.07592,0.00214,0.0516
543,1777898466900,Disgusted,0.2323,0.21621,-0.0369,0.34543,0.07655,0.00011,0.05412,0.22933,0.23839,-0.03833,0.34363,0.07611,0.00153,0.05235
544,1777898466935,Disgusted,0.23667,0.20328,-0.03511,0.34554,0.07704,0.00131,0.05624,0.23153,0.22786,-0.03736,0.3442,0.07639,0.00147,0.05352
545,1777898466967,Disgusted,0.24574,0.18879,-0.03206,0.34319,0.07895,0.00228,0.06233,0.23579,0.21614,-0.03577,0.3439,0.07716,0.00171,0.05616
546,1777898467000,Disgusted,0.25935,0.15248,-0.0257,0.3416,0.08179,0.0034,0.06821,0.24286,0.19704,-0.03275,0.34321,0.07855,0.00222,0.05978
547,1777898467033,Disgusted,0.26896,0.05545,-0.01118,0.33991,0.08578,0.00332,0.07536,0.25069,0.15456,-0.02628,0.34222,0.08072,0.00255,0.06445
548,1777898467066,Disgusted,0.2753,0.02251,-0.00732,0.3385,0.09065,0.00301,0.07766,0.25807,0.11495,-0.02059,0.3411,0.0837,0.00269,0.06841
549,1777898467099,Disgusted,0.2741,0.01146,-0.00698,0.338,0.09832,0.00211,0.08003,0.26288,0.0839,-0.01651,0.34017,0.08809,0.00251,0.0719
550,1777898467134,Neutral,0.15488,0.00815,-0.00703,0.33825,0.1256,0.00074,0.08259,0.23048,0.06117,-0.01366,0.33959,0.09934,0.00198,0.07511
551,1777898467168,Neutral,0.06304,0.00558,-0.00684,0.33775,0.14774,0.00134,0.08635,0.18025,0.04449,-0.01162,0.33904,0.11386,0.00179,0.07848
552,1777898467199,Neutral,0.0406,0.00117,-0.00597,0.3425,0.15612,0.00166,0.08889,0.13835,0.0315,-0.00992,0.34008,0.12654,0.00175,0.0816
553,1777898467234,Neutral,0.06846,0.01213,-0.00506,0.34229,0.15489,0.00285,0.09202,0.11738,0.02569,-0.00847,0.34074,0.13504,0.00208,0.08473
554,1777898467266,Neutral,0.10704,0.01437,-0.00638,0.33957,0.15316,0.00015,0.09205,0.11428,0.02229,-0.00784,0.34039,0.14048,0.0015,0.08692
555,1777898467300,Neutral,0.17909,0.01045,-0.00827,0.3428,0.14483,0.00467,0.08839,0.13372,0.01874,-0.00797,0.34111,0.14179,0.00245,0.08736
556,1777898467333,Neutral,0.23493,0.00627,-0.00824,0.34326,0.13692,0.00661,0.08754,0.16409,0.015,-0.00805,0.34176,0.14032,0.0037,0.08742
557,1777898467367,Neutral,0.25193,0.00328,-0.00971,0.34065,0.13529,0.00958,0.08554,0.19044,0.01148,-0.00855,0.34142,0.13882,0.00546,0.08685
558,1777898467400,Neutral,0.26157,0.00286,-0.01071,0.33932,0.13393,0.0105,0.08346,0.21178,0.0089,-0.0092,0.34079,0.13735,0.00697,0.08583
559,1777898467433,Neutral,0.25956,0.00203,-0.0104,0.34011,0.13356,0.00999,0.08452,0.22611,0.00683,-0.00956,0.34059,0.13621,0.00788,0.08544
560,1777898467468,Neutral,0.26012,0.0018,-0.01067,0.34096,0.13426,0.00807,0.08369,0.23631,0.00532,-0.00989,0.3407,0.13563,0.00794,0.08491
561,1777898467499,Neutral,0.24757,0.00482,-0.01042,0.34312,0.13387,0.00699,0.08337,0.23969,0.00517,-0.01005,0.34143,0.1351,0.00765,0.08445
562,1777898467534,Neutral,0.25481,0.01125,-0.01128,0.33911,0.1327,0.00612,0.08224,0.24423,0.007,-0.01042,0.34073,0.13438,0.00719,0.08379
563,1777898467567,Neutral,0.27324,0.00289,-0.00925,0.3385,0.13162,0.00615,0.08178,0.25293,0.00576,-0.01007,0.34006,0.13355,0.00688,0.08319
564,1777898467599,Neutral,0.28187,0.00256,-0.00852,0.34229,0.13202,0.00632,0.08028,0.26161,0.0048,-0.0096,0.34073,0.13309,0.00671,0.08231
565,1777898467634,Neutral,0.28258,0.00604,-0.0075,0.34133,0.13239,0.00588,0.08128,0.2679,0.00517,-0.00897,0.34091,0.13288,0.00646,0.082
566,1777898467666,Neutral,0.28092,0.00635,-0.00746,0.34105,0.13294,0.00553,0.08098,0.27181,0.00553,-0.00852,0.34095,0.1329,0.00618,0.0817
567,1777898467700,Neutral,0.27887,0.00801,-0.00749,0.3408,0.13345,0.00407,0.08074,0.27393,0.00627,-0.00821,0.34091,0.13306,0.00555,0.08141
568,1777898467733,Neutral,0.27794,0.00945,-0.00698,0.3406,0.13377,0.00412,0.08118,0.27513,0.00723,-0.00784,0.34082,0.13328,0.00512,0.08134
569,1777898467767,Neutral,0.27656,0.01059,-0.00664,0.34052,0.13396,0.00425,0.08107,0.27556,0.00823,-0.00748,0.34073,0.13348,0.00486,0.08126
570,1777898467800,Neutral,0.276,0.00791,-0.00672,0.34081,0.13405,0.00432,0.08128,0.27569,0.00814,-0.00725,0.34075,0.13365,0.0047,0.08126
571,1777898467833,Neutral,0.27663,0.00641,-0.00704,0.34068,0.13419,0.00485,0.08156,0.27597,0.00762,-0.00719,0.34073,0.13381,0.00474,0.08135
572,1777898467867,Neutral,0.27817,0.00562,-0.00733,0.34299,0.13409,0.00492,0.08133,0.27663,0.00702,-0.00723,0.34141,0.1339,0.0048,0.08135
573,1777898467899,Neutral,0.28066,0.00605,-0.00735,0.34321,0.13393,0.00433,0.08059,0.27784,0.00673,-0.00726,0.34195,0.13391,0.00466,0.08112
574,1777898467934,Neutral,0.28186,0.00464,-0.0067,0.34167,0.13393,0.00343,0.08056,0.27905,0.0061,-0.0071,0.34187,0.13391,0.00429,0.08095
575,1777898467966,Neutral,0.28297,0.00323,-0.00615,0.34037,0.13345,0.00336,0.08146,0.28022,0.00524,-0.00681,0.34142,0.13378,0.00401,0.0811
576,1777898467999,Neutral,0.28508,0.00269,-0.00646,0.34013,0.13231,0.00232,0.0811,0.28168,0.00447,-0.00671,0.34103,0.13334,0.0035,0.0811
577,1777898468033,Neutral,0.28596,0.00199,-0.00655,0.3391,0.131,0.0013,0.08113,0.28296,0.00373,-0.00666,0.34045,0.13263,0.00284,0.08111
578,1777898468066,Neutral,0.28643,0.00154,-0.00699,0.33882,0.13024,0.001,0.08121,0.284,0.00307,-0.00676,0.33996,0.13192,0.00229,0.08114
579,1777898468132,Neutral,0.28919,0.00117,-0.00728,0.33882,0.12917,0.00053,0.0811,0.28556,0.0025,-0.00692,0.33962,0.13109,0.00176,0.08113
580,1777898468166,Neutral,0.28962,0.00121,-0.00738,0.33878,0.12864,0.00077,0.08097,0.28678,0.00211,-0.00706,0.33937,0.13036,0.00146,0.08108
581,1777898468199,Neutral,0.29015,0.00132,-0.0071,0.33869,0.12807,0.00082,0.08125,0.28779,0.00188,-0.00707,0.33916,0.12967,0.00127,0.08113
582,1777898468233,Neutral,0.29052,0.00144,-0.00717,0.3388,0.128,0.0011,0.0811,0.28861,0.00174,-0.0071,0.33906,0.12917,0.00122,0.08112
583,1777898468266,Neutral,0.29015,0.00143,-0.00726,0.33818,0.12797,0.00135,0.08131,0.28907,0.00165,-0.00715,0.33879,0.12881,0.00126,0.08118
584,1777898468299,Neutral,0.28989,0.00137,-0.0073,0.33749,0.128,0.00098,0.08154,0.28932,0.00157,-0.00719,0.3384,0.12857,0.00118,0.08129
585,1777898468334,Neutral,0.28952,0.00156,-0.0075,0.33686,0.12819,0.00086,0.0817,0.28938,0.00156,-0.00728,0.33794,0.12845,0.00108,0.08141
586,1777898468366,Neutral,0.2899,0.00178,-0.00767,0.33762,0.1284,0.00073,0.08168,0.28953,0.00163,-0.0074,0.33784,0.12844,0.00098,0.08149
587,1777898468399,Neutral,0.28889,0.00191,-0.00791,0.3381,0.12896,0.0003,0.08137,0.28934,0.00171,-0.00755,0.33792,0.12859,0.00077,0.08146
588,1777898468432,Neutral,0.28884,0.00213,-0.0081,0.33766,0.12927,1e-05,0.08105,0.28919,0.00184,-0.00772,0.33784,0.1288,0.00055,0.08133
589,1777898468466,Neutral,0.28885,0.00221,-0.00775,0.33781,0.12967,0.00065,0.08193,0.28909,0.00195,-0.00773,0.33783,0.12906,0.00058,0.08151
590,1777898468499,Neutral,0.28791,0.00238,-0.00773,0.33784,0.12983,0.00055,0.08215,0.28873,0.00208,-0.00773,0.33783,0.12929,0.00057,0.0817
591,1777898468531,Neutral,0.28837,0.00261,-0.0079,0.33795,0.12995,9e-05,0.08247,0.28862,0.00224,-0.00778,0.33787,0.12949,0.00043,0.08193
592,1777898468566,Neutral,0.28737,0.00291,-0.00789,0.33783,0.13002,1e-05,0.0828,0.28825,0.00244,-0.00781,0.33786,0.12965,0.0003,0.08219
593,1777898468599,Neutral,0.2857,0.00311,-0.00794,0.33775,0.1293,0.00059,0.08285,0.28748,0.00264,-0.00785,0.33783,0.12954,0.00039,0.08239
594,1777898468633,Neutral,0.28863,0.00328,-0.00755,0.33699,0.1276,0.00084,0.08291,0.28783,0.00283,-0.00776,0.33757,0.12896,0.00052,0.08255
595,1777898468666,Neutral,0.29242,0.00316,-0.00709,0.33653,0.12664,0.00099,0.08279,0.2892,0.00293,-0.00756,0.33726,0.12826,0.00066,0.08262
596,1777898468698,Neutral,0.29423,0.00319,-0.00679,0.3363,0.12605,0.0013,0.08291,0.29071,0.00301,-0.00733,0.33697,0.1276,0.00085,0.08271
597,1777898468733,Neutral,0.295,0.00319,-0.00587,0.33642,0.12554,0.00204,0.08246,0.292,0.00306,-0.00689,0.33681,0.12698,0.00121,0.08263
598,1777898468765,Neutral,0.29616,0.00282,-0.00525,0.33908,0.12501,0.00431,0.08202,0.29325,0.00299,-0.0064,0.33749,0.12639,0.00214,0.08245
599,1777898468799,Neutral,0.29688,0.00293,-0.00452,0.34136,0.12428,0.00685,0.08246,0.29434,0.00297,-0.00583,0.33865,0.12576,0.00355,0.08245
600,1777898468832,Sad,0.29965,0.00395,-0.00416,0.3447,0.12349,0.00954,0.08226,0.29593,0.00326,-0.00533,0.34047,0.12508,0.00535,0.08239
601,1777898468866,Sad,0.30237,0.00475,-0.0037,0.34713,0.12323,0.01309,0.08149,0.29786,0.00371,-0.00484,0.34247,0.12452,0.00767,0.08212
602,1777898468899,Neutral,0.30398,0.00494,-0.00301,0.34897,0.12254,0.01565,0.08095,0.2997,0.00408,-0.00429,0.34442,0.12393,0.01006,0.08177
603,1777898468933,Neutral,0.30726,0.00469,-0.00257,0.34978,0.12137,0.01748,0.08117,0.30197,0.00426,-0.00378,0.34602,0.12316,0.01229,0.08159
604,1777898468965,Neutral,0.30846,0.00485,-0.00215,0.35016,0.12121,0.01908,0.08134,0.30392,0.00444,-0.00329,0.34726,0.12258,0.01433,0.08152
605,1777898468998,Neutral,0.30952,0.00492,-0.00167,0.35072,0.1208,0.02013,0.0813,0.3056,0.00458,-0.0028,0.3483,0.12204,0.01607,0.08145
606,1777898469033,Neutral,0.30731,0.00445,-0.00118,0.35063,0.12067,0.02089,0.08158,0.30611,0.00455,-0.00232,0.349,0.12163,0.01751,0.08149
607,1777898469065,Contempt,0.30793,0.00443,-0.00104,0.35087,0.12053,0.02124,0.08113,0.30666,0.00451,-0.00193,0.34956,0.1213,0.01863,0.08138
608,1777898469098,Contempt,0.30951,0.00484,-0.00079,0.3505,0.12031,0.02142,0.08064,0.30751,0.00461,-0.00159,0.34984,0.121,0.01947,0.08116
609,1777898469132,Contempt,0.31037,0.00503,-0.00077,0.35048,0.12029,0.02167,0.08028,0.30837,0.00474,-0.00134,0.35003,0.12079,0.02013,0.0809
610,1777898469166,Contempt,0.31074,0.00508,-0.00081,0.35032,0.12033,0.02134,0.08048,0.30908,0.00484,-0.00118,0.35012,0.12065,0.02049,0.08077
611,1777898469198,Contempt,0.31194,0.00513,-0.00117,0.3502,0.12037,0.02079,0.07989,0.30994,0.00493,-0.00118,0.35014,0.12057,0.02058,0.08051
612,1777898469232,Contempt,0.31254,0.00544,-0.00123,0.35002,0.1207,0.02029,0.07947,0.31072,0.00508,-0.00119,0.35011,0.12061,0.02049,0.0802
613,1777898469267,Contempt,0.31338,0.00543,-0.00106,0.34983,0.12084,0.02014,0.07955,0.31152,0.00519,-0.00116,0.35002,0.12068,0.02039,0.08
614,1777898469298,Contempt,0.31359,0.00533,-0.00097,0.34949,0.12071,0.01987,0.07956,0.31214,0.00523,-0.0011,0.34986,0.12069,0.02023,0.07987
615,1777898469333,Contempt,0.3132,0.00489,-0.00088,0.34946,0.12037,0.01994,0.07963,0.31246,0.00513,-0.00103,0.34974,0.12059,0.02015,0.0798
616,1777898469365,Contempt,0.31358,0.0046,-0.00076,0.34942,0.12019,0.01983,0.07969,0.3128,0.00497,-0.00095,0.34965,0.12047,0.02005,0.07977
617,1777898469398,Contempt,0.31533,0.00468,-0.0006,0.34935,0.12005,0.01938,0.0797,0.31356,0.00488,-0.00085,0.34956,0.12035,0.01985,0.07975
618,1777898469432,Contempt,0.31607,0.00475,-0.0005,0.34926,0.12004,0.01925,0.07948,0.31431,0.00484,-0.00074,0.34947,0.12025,0.01967,0.07967
619,1777898469466,Contempt,0.31549,0.00474,-0.00045,0.34934,0.12012,0.01891,0.07979,0.31466,0.00481,-0.00065,0.34943,0.12022,0.01944,0.0797
620,1777898469500,Contempt,0.31481,0.00453,-0.0006,0.34941,0.12022,0.01865,0.07994,0.31471,0.00473,-0.00064,0.34942,0.12022,0.0192,0.07977
621,1777898469531,Contempt,0.31435,0.00463,-0.00071,0.34948,0.12,0.01805,0.08039,0.3146,0.0047,-0.00066,0.34944,0.12015,0.01886,0.07996
622,1777898469565,Contempt,0.31429,0.00454,-0.00075,0.34945,0.11992,0.01775,0.0803,0.31451,0.00465,-0.00068,0.34944,0.12008,0.01853,0.08006
623,1777898469598,Contempt,0.31364,0.00469,-0.00068,0.34912,0.11989,0.01732,0.0805,0.31425,0.00466,-0.00068,0.34935,0.12002,0.01816,0.08019
624,1777898469631,Contempt,0.31356,0.00471,-0.0007,0.34896,0.11957,0.01725,0.08044,0.31404,0.00468,-0.00069,0.34923,0.11989,0.01789,0.08027
625,1777898469663,Contempt,0.3138,0.00447,-0.0006,0.34878,0.11958,0.01707,0.08018,0.31397,0.00461,-0.00066,0.34909,0.11979,0.01765,0.08024
626,1777898469696,Contempt,0.3137,0.00419,-0.00045,0.34871,0.11952,0.01682,0.0805,0.31389,0.00449,-0.0006,0.34898,0.11971,0.0174,0.08032
627,1777898469731,Contempt,0.31434,0.00412,-0.00032,0.34866,0.11933,0.01705,0.08079,0.31402,0.00438,-0.00052,0.34888,0.1196,0.01729,0.08046
628,1777898469764,Contempt,0.31315,0.00419,-0.00016,0.34816,0.11915,0.01717,0.08093,0.31376,0.00432,-0.00041,0.34866,0.11946,0.01726,0.0806
629,1777898469798,Contempt,0.31426,0.00397,-3e-05,0.34793,0.1189,0.01761,0.08107,0.31391,0.00422,-0.0003,0.34844,0.11929,0.01736,0.08074
630,1777898469831,Contempt,0.31461,0.00386,0.00018,0.34772,0.11894,0.01786,0.08123,0.31412,0.00411,-0.00015,0.34823,0.11919,0.01751,0.08089
631,1777898469865,Contempt,0.31456,0.00377,0.00014,0.34742,0.11918,0.01815,0.08126,0.31425,0.00401,-7e-05,0.34798,0.11918,0.0177,0.081
632,1777898469898,Contempt,0.31423,0.00345,-0.00014,0.34773,0.11937,0.01768,0.08146,0.31425,0.00384,-9e-05,0.34791,0.11924,0.0177,0.08114
633,1777898469931,Contempt,0.31443,0.00358,-0.00017,0.34676,0.11919,0.01703,0.08193,0.3143,0.00376,-0.00011,0.34756,0.11923,0.0175,0.08138
634,1777898469965,Contempt,0.31418,0.00341,-0.00033,0.34654,0.11932,0.01673,0.08115,0.31427,0.00365,-0.00018,0.34726,0.11925,0.01727,0.08131
635,1777898469998,Contempt,0.31419,0.00323,-0.0004,0.34684,0.11923,0.01679,0.08118,0.31424,0.00353,-0.00024,0.34713,0.11925,0.01713,0.08127
636,1777898470033,Contempt,0.31462,0.00323,-0.0004,0.3466,0.11935,0.01663,0.08108,0.31436,0.00344,-0.00029,0.34697,0.11928,0.01698,0.08121
637,1777898470065,Contempt,0.31504,0.00335,-0.00043,0.3462,0.11942,0.01692,0.08102,0.31456,0.00341,-0.00033,0.34674,0.11932,0.01696,0.08116
638,1777898470097,Contempt,0.31526,0.0035,-0.00045,0.34554,0.11945,0.01696,0.08102,0.31477,0.00344,-0.00037,0.34638,0.11936,0.01696,0.08112
639,1777898470131,Contempt,0.31461,0.0035,-0.00024,0.345,0.1193,0.01693,0.08118,0.31472,0.00346,-0.00033,0.34597,0.11934,0.01695,0.08114
640,1777898470165,Contempt,0.3148,0.0034,-6e-05,0.34413,0.11914,0.01679,0.08117,0.31475,0.00344,-0.00025,0.34542,0.11928,0.0169,0.08115
641,1777898470199,Contempt,0.31536,0.00331,0.00013,0.34398,0.1189,0.01675,0.08107,0.31493,0.0034,-0.00013,0.34498,0.11917,0.01686,0.08112
642,1777898470231,Contempt,0.31567,0.00322,0.00017,0.34449,0.11875,0.0166,0.08099,0.31515,0.00335,-4e-05,0.34484,0.11904,0.01678,0.08108
643,1777898470265,Contempt,0.31558,0.00326,0.00034,0.3452,0.11861,0.01656,0.08074,0.31528,0.00332,7e-05,0.34495,0.11891,0.01671,0.08098
644,1777898470298,Contempt,0.31585,0.00307,0.00028,0.34557,0.11849,0.01666,0.08049,0.31545,0.00325,0.00013,0.34513,0.11879,0.0167,0.08083
645,1777898470331,Contempt,0.31566,0.00308,0.00022,0.3457,0.11846,0.01681,0.08052,0.31551,0.0032,0.00016,0.3453,0.11869,0.01673,0.08074
646,1777898470364,Contempt,0.31545,0.00304,0.00011,0.34581,0.11847,0.01665,0.08063,0.3155,0.00315,0.00015,0.34546,0.11862,0.01671,0.08071
647,1777898470398,Contempt,0.31548,0.00303,1e-05,0.34575,0.11844,0.01636,0.08065,0.31549,0.00311,0.0001,0.34554,0.11857,0.0166,0.08069
648,1777898470433,Contempt,0.31572,0.00302,-7e-05,0.34572,0.11839,0.01614,0.08058,0.31556,0.00309,5e-05,0.34559,0.11852,0.01646,0.08066
649,1777898470465,Contempt,0.3158,0.00286,-0.00029,0.3456,0.11828,0.01614,0.08062,0.31563,0.00302,-5e-05,0.3456,0.11845,0.01637,0.08064
650,1777898470498,Contempt,0.31607,0.00288,-0.00044,0.3455,0.11827,0.01591,0.08075,0.31576,0.00298,-0.00017,0.34557,0.11839,0.01623,0.08068
651,1777898470530,Contempt,0.31658,0.00287,-0.00046,0.34513,0.11822,0.01569,0.0808,0.31601,0.00294,-0.00025,0.34544,0.11834,0.01607,0.08071
652,1777898470563,Contempt,0.31726,0.00291,-0.0006,0.34498,0.11807,0.01538,0.08087,0.31638,0.00293,-0.00036,0.3453,0.11826,0.01586,0.08076
653,1777898470596,Contempt,0.3178,0.00295,-0.00066,0.3447,0.11791,0.01501,0.08113,0.31681,0.00294,-0.00045,0.34512,0.11815,0.01561,0.08087
654,1777898470630,Contempt,0.31798,0.003,-0.00081,0.34439,0.11786,0.01422,0.08137,0.31716,0.00296,-0.00056,0.3449,0.11807,0.01519,0.08102
655,1777898470665,Contempt,0.31904,0.00308,-0.00096,0.34333,0.11797,0.0138,0.08141,0.31772,0.00299,-0.00068,0.34443,0.11804,0.01477,0.08114
656,1777898470698,Contempt,0.31946,0.00299,-0.00119,0.34337,0.11782,0.01314,0.08133,0.31825,0.00299,-0.00083,0.34411,0.11797,0.01429,0.0812
657,1777898470731,Contempt,0.32031,0.00287,-0.00053,0.3433,0.11765,0.01179,0.08123,0.31886,0.00296,-0.00074,0.34387,0.11788,0.01354,0.08121
658,1777898470764,Contempt,0.32066,0.00263,0.00385,0.34758,0.11734,0.0031,0.0799,0.3194,0.00286,0.00064,0.34498,0.11771,0.0104,0.08081
659,1777898470798,Contempt,0.32175,0.01794,0.00674,0.35043,0.11657,0.00555,0.07672,0.32011,0.00738,0.00247,0.34662,0.11737,0.00895,0.07959
660,1777898470831,Contempt,0.32068,0.08994,0.00479,0.35975,0.11614,0.01066,0.07279,0.32028,0.03215,0.00316,0.35056,0.117,0.00946,0.07755
661,1777898470865,Contempt,0.31864,0.12558,0.00825,0.38333,0.11566,0.00721,0.0672,0.31979,0.06018,0.00469,0.36039,0.1166,0.00879,0.07444
662,1777898470898,Neutral,0.31835,0.15042,0.00985,0.39697,0.11534,0.00648,0.06432,0.31936,0.08725,0.00624,0.37136,0.11622,0.00809,0.0714
663,1777898470931,Happy,0.31557,0.16264,0.01103,0.414,0.11503,0.00387,0.05936,0.31822,0.10987,0.00767,0.38415,0.11586,0.00683,0.06779
664,1777898470965,Happy,0.31172,0.17613,0.01073,0.4269,0.11488,0.00418,0.05655,0.31627,0.12974,0.00859,0.39698,0.11557,0.00603,0.06442
665,1777898470997,Happy,0.30778,0.18515,0.00973,0.43599,0.11497,0.00561,0.05599,0.31372,0.14637,0.00893,0.40868,0.11539,0.00591,0.06189
666,1777898471031,Happy,0.30449,0.18844,0.0086,0.44089,0.11476,0.00627,0.05568,0.31095,0.15899,0.00883,0.41835,0.1152,0.00602,0.06003
667,1777898471064,Happy,0.30042,0.18993,0.00795,0.44757,0.11453,0.00741,0.05596,0.30779,0.16827,0.00857,0.42711,0.115,0.00643,0.05881
668,1777898471098,Happy,0.29813,0.1924,0.00699,0.45348,0.11401,0.00829,0.05563,0.30489,0.17551,0.0081,0.43502,0.1147,0.00699,0.05785
669,1777898471132,Happy,0.29413,0.19153,0.00769,0.45659,0.11416,0.00836,0.05591,0.30166,0.18032,0.00797,0.44149,0.11454,0.0074,0.05727
670,1777898471165,Happy,0.29193,0.192,0.00807,0.45907,0.11361,0.00871,0.05575,0.29874,0.18382,0.008,0.44677,0.11426,0.00779,0.05681
671,1777898471198,Happy,0.28968,0.1911,0.00854,0.46279,0.11313,0.00941,0.05566,0.29603,0.186,0.00816,0.45157,0.11392,0.00828,0.05647
672,1777898471231,Happy,0.28683,0.19118,0.00906,0.4642,0.11264,0.0094,0.05571,0.29327,0.18756,0.00843,0.45536,0.11354,0.00861,0.05624
673,1777898471264,Happy,0.28266,0.19061,0.0094,0.46459,0.11276,0.00918,0.05583,0.29009,0.18847,0.00872,0.45813,0.1133,0.00878,0.05612
674,1777898471297,Happy,0.27855,0.19042,0.00947,0.46528,0.11293,0.00882,0.05588,0.28662,0.18906,0.00894,0.46028,0.11319,0.0088,0.05604
675,1777898471331,Happy,0.27516,0.18916,0.00958,0.46667,0.11302,0.00855,0.05578,0.28319,0.18909,0.00914,0.4622,0.11314,0.00872,0.05597
676,1777898471365,Happy,0.27286,0.18872,0.00964,0.46708,0.11322,0.00842,0.05565,0.28009,0.18898,0.00929,0.46366,0.11316,0.00863,0.05587
677,1777898471397,Happy,0.2698,0.18852,0.00967,0.46742,0.11353,0.00826,0.05512,0.277,0.18884,0.0094,0.46479,0.11327,0.00852,0.05565
678,1777898471432,Happy,0.24476,0.18886,0.00966,0.46729,0.11822,0.00831,0.05515,0.26733,0.18885,0.00948,0.46554,0.11476,0.00846,0.0555
679,1777898471465,Happy,0.17684,0.1906,0.00911,0.46678,0.13022,0.0083,0.05521,0.24018,0.18937,0.00937,0.46591,0.1194,0.00841,0.05541
680,1777898471497,Happy,0.08352,0.19449,0.0088,0.46509,0.147,0.00897,0.05492,0.19319,0.19091,0.0092,0.46566,0.12768,0.00858,0.05526
681,1777898471531,Happy,0.05145,0.19683,0.00851,0.46203,0.15374,0.00927,0.0549,0.15066,0.19269,0.00899,0.46457,0.1355,0.00878,0.05515
682,1777898471564,Happy,0.04953,0.19832,0.00882,0.46069,0.15381,0.00968,0.05437,0.12032,0.19438,0.00894,0.46341,0.14099,0.00905,0.05492
683,1777898471599,Happy,0.07368,0.19872,0.00941,0.46008,0.14862,0.01067,0.05418,0.10633,0.19568,0.00908,0.46241,0.14328,0.00954,0.0547
684,1777898471631,Happy,0.08342,0.19827,0.00967,0.45988,0.14756,0.01101,0.05434,0.09946,0.19646,0.00926,0.46165,0.14456,0.00998,0.05459
685,1777898471666,Happy,0.10905,0.19792,0.01009,0.4601,0.14348,0.01161,0.05465,0.10234,0.1969,0.00951,0.46118,0.14424,0.01047,0.05461
686,1777898471698,Happy,0.12954,0.19668,0.01101,0.4622,0.14043,0.01241,0.05447,0.1105,0.19683,0.00996,0.46149,0.1431,0.01105,0.05457
687,1777898471731,Happy,0.14287,0.19592,0.01161,0.46326,0.1384,0.01242,0.05437,0.12021,0.19656,0.01045,0.46202,0.14169,0.01146,0.05451
688,1777898471765,Happy,0.15513,0.19515,0.01201,0.46395,0.1367,0.01247,0.0546,0.13069,0.19614,0.01092,0.4626,0.14019,0.01177,0.05453
689,1777898471797,Happy,0.16591,0.19508,0.01202,0.46381,0.13505,0.01245,0.05475,0.14125,0.19582,0.01125,0.46296,0.13865,0.01197,0.0546
690,1777898471832,Happy,0.1758,0.1949,0.01185,0.46367,0.13348,0.01285,0.0548,0.15162,0.19554,0.01143,0.46318,0.1371,0.01224,0.05466
691,1777898471865,Happy,0.18296,0.1932,0.01207,0.46415,0.13223,0.01298,0.05471,0.16102,0.19484,0.01162,0.46347,0.13564,0.01246,0.05467
692,1777898471898,Happy,0.18961,0.19229,0.01223,0.46473,0.13135,0.01298,0.05465,0.1696,0.19408,0.01181,0.46384,0.13435,0.01262,0.05467
693,1777898471931,Happy,0.19698,0.19218,0.01219,0.46527,0.13015,0.01279,0.05463,0.17781,0.19351,0.01192,0.46427,0.13309,0.01267,0.05466
694,1777898471964,Happy,0.20349,0.19148,0.01182,0.46576,0.12914,0.01212,0.0546,0.18552,0.1929,0.01189,0.46472,0.13191,0.0125,0.05464
695,1777898471997,Happy,0.20763,0.1912,0.01169,0.46636,0.12859,0.01171,0.05468,0.19215,0.19239,0.01183,0.46521,0.13091,0.01227,0.05465
696,1777898472031,Happy,0.2108,0.19077,0.01148,0.46645,0.12816,0.01111,0.05467,0.19774,0.1919,0.01172,0.46558,0.13009,0.01192,0.05466
697,1777898472065,Happy,0.21361,0.19145,0.01121,0.46651,0.12768,0.01046,0.05493,0.2025,0.19177,0.01157,0.46586,0.12936,0.01148,0.05474
698,1777898472097,Happy,0.22225,0.19233,0.01117,0.46633,0.12602,0.00984,0.0555,0.20843,0.19194,0.01145,0.466,0.12836,0.01099,0.05497
699,1777898472132,Happy,0.23135,0.19109,0.01088,0.46592,0.12445,0.00977,0.0559,0.21531,0.19168,0.01128,0.46598,0.12719,0.01062,0.05525
700,1777898472164,Happy,0.23861,0.18684,0.01195,0.46557,0.12321,0.0089,0.05603,0.2223,0.19023,0.01148,0.46585,0.12599,0.0101,0.05548
701,1777898472197,Happy,0.24358,0.1837,0.01339,0.46388,0.12261,0.00817,0.05894,0.22868,0.18827,0.01205,0.46526,0.12498,0.00952,0.05652
702,1777898472230,Happy,0.24684,0.17884,0.01501,0.46016,0.12213,0.00748,0.06137,0.23413,0.18544,0.01294,0.46373,0.12412,0.00891,0.05797
703,1777898472263,Happy,0.24919,0.17978,0.01572,0.45837,0.12169,0.00665,0.06317,0.23865,0.18374,0.01377,0.46212,0.12339,0.00823,0.05953
704,1777898472297,Happy,0.25081,0.18046,0.01519,0.45546,0.12133,0.00598,0.06386,0.2423,0.18276,0.0142,0.46012,0.12277,0.00755,0.06083
705,1777898472331,Happy,0.25233,0.17956,0.01486,0.4528,0.12105,0.00481,0.06449,0.2453,0.1818,0.0144,0.45793,0.12226,0.00673,0.06193
706,1777898472365,Happy,0.25357,0.17942,0.01459,0.45064,0.12085,0.00461,0.0648,0.24778,0.18108,0.01446,0.45574,0.12184,0.00609,0.06279
707,1777898472396,Happy,0.25428,0.17986,0.01503,0.44927,0.12083,0.00476,0.06482,0.24973,0.18071,0.01463,0.4538,0.12154,0.00569,0.0634
708,1777898472430,Happy,0.25594,0.18123,0.01479,0.44794,0.12037,0.00494,0.06485,0.25159,0.18087,0.01468,0.45204,0.12119,0.00547,0.06383
709,1777898472464,Happy,0.25721,0.18298,0.01443,0.44756,0.11964,0.00503,0.0647,0.25328,0.1815,0.0146,0.4507,0.12072,0.00534,0.06409
710,1777898472497,Happy,0.26145,0.18375,0.01422,0.44695,0.11877,0.00551,0.06459,0.25573,0.18218,0.01449,0.44957,0.12014,0.00539,0.06424
711,1777898472532,Happy,0.26552,0.18422,0.01409,0.44649,0.11765,0.00574,0.0644,0.25867,0.18279,0.01437,0.44865,0.11939,0.0055,0.06429
712,1777898472564,Happy,0.26816,0.18444,0.014,0.44624,0.1173,0.00583,0.06424,0.26151,0.18329,0.01426,0.44793,0.11876,0.0056,0.06428
713,1777898472597,Happy,0.26996,0.18458,0.01394,0.44578,0.11713,0.006,0.06415,0.26405,0.18367,0.01416,0.44728,0.11827,0.00572,0.06424
714,1777898472631,Happy,0.27099,0.18434,0.01383,0.44539,0.11719,0.00602,0.06402,0.26613,0.18387,0.01406,0.44671,0.11795,0.00581,0.06417
715,1777898472664,Happy,0.27342,0.18406,0.01361,0.44537,0.11681,0.00618,0.06374,0.26832,0.18393,0.01393,0.44631,0.11761,0.00592,0.06404
716,1777898472697,Happy,0.27602,0.18365,0.01323,0.44451,0.11641,0.00627,0.06381,0.27063,0.18385,0.01372,0.44577,0.11725,0.00602,0.06397
717,1777898472731,Happy,0.2798,0.17841,0.01286,0.44224,0.11541,0.00658,0.06389,0.27338,0.18221,0.01346,0.44471,0.1167,0.00619,0.06395
718,1777898472765,Happy,0.28258,0.16288,0.01212,0.42735,0.1153,0.00725,0.06428,0.27614,0.17641,0.01306,0.4395,0.11628,0.00651,0.06405
719,1777898472797,Happy,0.28966,0.14983,0.00667,0.39619,0.11505,0.0085,0.06722,0.2802,0.16844,0.01114,0.42651,0.11591,0.00711,0.065
720,1777898472830,Happy,0.29263,0.06141,0.01048,0.37076,0.11567,0.00907,0.07452,0.28393,0.13633,0.01094,0.40979,0.11584,0.00769,0.06786
721,1777898472863,Happy,0.29572,0.0233,0.01119,0.36261,0.11605,0.00691,0.07831,0.28747,0.10242,0.01102,0.39563,0.1159,0.00746,0.07099
722,1777898472896,Happy,0.29921,0.0112,0.01022,0.35665,0.11644,0.00394,0.08144,0.29099,0.07506,0.01078,0.38394,0.11606,0.0064,0.07413
723,1777898472930,Happy,0.30239,0.00738,0.00935,0.35304,0.11646,0.00171,0.08391,0.29441,0.05475,0.01035,0.37467,0.11618,0.005,0.07706
724,1777898472963,Happy,0.30297,0.00532,0.00971,0.34864,0.11673,0.00112,0.08516,0.29698,0.03992,0.01016,0.36686,0.11635,0.00383,0.07949
725,1777898472998,Happy,0.29867,0.00505,0.0099,0.34365,0.11842,0.00111,0.08705,0.29749,0.02946,0.01008,0.3599,0.11697,0.00301,0.08176
726,1777898473030,Happy,0.29363,0.00506,0.01014,0.34017,0.11961,0.00119,0.08885,0.29633,0.02214,0.0101,0.35398,0.11776,0.00247,0.08389
727,1777898473065,Happy,0.29122,0.00477,0.00976,0.33463,0.12018,0.00155,0.08991,0.2948,0.01693,0.00999,0.34817,0.11849,0.00219,0.08569
728,1777898473097,Happy,0.28959,0.00476,0.00921,0.33235,0.1207,0.00137,0.09061,0.29324,0.01328,0.00976,0.34343,0.11915,0.00194,0.08717
729,1777898473130,Happy,0.28801,0.00461,0.00845,0.32917,0.12102,0.00224,0.09134,0.29167,0.01068,0.00937,0.33915,0.11971,0.00203,0.08842
730,1777898473163,Happy,0.2875,0.00444,0.00747,0.32644,0.12117,0.00345,0.09186,0.29042,0.00881,0.0088,0.33534,0.12015,0.00246,0.08945
731,1777898473196,Happy,0.28694,0.00413,0.00664,0.32585,0.12126,0.00401,0.09194,0.28938,0.00741,0.00815,0.33249,0.12048,0.00292,0.0902
732,1777898473231,Happy,0.2866,0.00385,0.00572,0.32393,0.12149,0.00435,0.09199,0.28854,0.00634,0.00742,0.32992,0.12078,0.00335,0.09074
733,1777898473264,Neutral,0.28304,0.00369,0.00526,0.32109,0.1224,0.00438,0.09212,0.28689,0.00555,0.00677,0.32727,0.12127,0.00366,0.09115
734,1777898473297,Neutral,0.23023,0.00389,0.00469,0.31895,0.13321,0.00402,0.09354,0.26989,0.00505,0.00615,0.32478,0.12485,0.00377,0.09187
735,1777898473330,Neutral,0.09828,0.00425,0.00389,0.31622,0.15779,0.00459,0.09467,0.21841,0.00481,0.00547,0.32221,0.13473,0.00402,0.09271
736,1777898473363,Neutral,0.05264,0.00426,0.00336,0.31144,0.16685,0.00435,0.09634,0.16868,0.00464,0.00484,0.31898,0.14437,0.00412,0.0938
737,1777898473396,Neutral,0.06518,0.00402,0.00179,0.31112,0.16407,0.0046,0.09619,0.13763,0.00446,0.00392,0.31662,0.15028,0.00426,0.09452
738,1777898473430,Neutral,0.09199,0.00328,-0.00011,0.31207,0.15868,0.00464,0.09483,0.12394,0.0041,0.00271,0.31525,0.1528,0.00437,0.09461
739,1777898473464,Neutral,0.10784,0.00275,-0.00203,0.31614,0.15568,0.00455,0.09208,0.11911,0.0037,0.00129,0.31552,0.15366,0.00443,0.09385
740,1777898473496,Neutral,0.15241,0.00288,-0.00283,0.31874,0.14788,0.00435,0.09046,0.1291,0.00345,6e-05,0.31649,0.15193,0.0044,0.09283
741,1777898473531,Neutral,0.18585,0.00277,-0.00294,0.32124,0.14245,0.00452,0.08941,0.14612,0.00325,-0.00084,0.31791,0.14909,0.00444,0.09181
742,1777898473563,Neutral,0.20909,0.00247,-0.00293,0.32341,0.13883,0.00473,0.08852,0.16501,0.00301,-0.00147,0.31956,0.14601,0.00453,0.09082
743,1777898473596,Neutral,0.22486,0.00224,-0.00295,0.32654,0.13652,0.00476,0.0878,0.18297,0.00278,-0.00191,0.32166,0.14316,0.0046,0.08991
744,1777898473629,Neutral,0.23498,0.0021,-0.00288,0.32796,0.13515,0.00508,0.08726,0.19857,0.00258,-0.0022,0.32355,0.14076,0.00474,0.08912
745,1777898473663,Neutral,0.24205,0.00193,-0.00257,0.32927,0.13429,0.00557,0.0864,0.21162,0.00238,-0.00232,0.32526,0.13882,0.00499,0.08831
746,1777898473697,Neutral,0.24762,0.00199,-0.00246,0.33093,0.1337,0.00577,0.08605,0.22242,0.00227,-0.00236,0.32696,0.13728,0.00522,0.08763
747,1777898473730,Neutral,0.25321,0.00207,-0.00246,0.33234,0.13303,0.0058,0.08557,0.23166,0.00221,-0.00239,0.32858,0.13601,0.0054,0.08701
748,1777898473796,Neutral,0.26192,0.00212,-0.00242,0.33444,0.13192,0.00573,0.08477,0.24073,0.00218,-0.0024,0.33033,0.13478,0.00549,0.08634
749,1777898473829,Neutral,0.26549,0.00219,-0.0024,0.33499,0.1315,0.00561,0.08458,0.24816,0.00218,-0.0024,0.33173,0.1338,0.00553,0.08581
750,1777898473862,Neutral,0.2684,0.00221,-0.00236,0.33495,0.13119,0.00521,0.08429,0.25423,0.00219,-0.00239,0.3327,0.13302,0.00543,0.08535
751,1777898473895,Neutral,0.27103,0.00232,-0.00259,0.33433,0.13104,0.00485,0.08399,0.25927,0.00223,-0.00245,0.33319,0.13242,0.00526,0.08494
752,1777898473931,Neutral,0.27303,0.00239,-0.00285,0.33373,0.13099,0.00455,0.08376,0.2634,0.00228,-0.00257,0.33335,0.13199,0.00505,0.08459
753,1777898473963,Neutral,0.27446,0.00247,-0.00314,0.33367,0.13094,0.00417,0.08374,0.26672,0.00234,-0.00274,0.33345,0.13167,0.00478,0.08433
754,1777898473997,Neutral,0.27536,0.00248,-0.00339,0.33284,0.13083,0.00391,0.0837,0.26931,0.00238,-0.00293,0.33327,0.13142,0.00452,0.08414
755,1777898474029,Neutral,0.27655,0.00234,-0.00321,0.33259,0.13062,0.00362,0.08375,0.27148,0.00237,-0.00302,0.33306,0.13118,0.00425,0.08402
756,1777898474063,Neutral,0.27799,0.00379,-0.00332,0.33062,0.13019,0.00272,0.08382,0.27343,0.00279,-0.00311,0.33233,0.13088,0.00379,0.08396
757,1777898474096,Neutral,0.27932,0.00551,-0.00335,0.32765,0.12966,0.00276,0.08404,0.2752,0.00361,-0.00318,0.33093,0.13052,0.00348,0.08399
758,1777898474130,Neutral,0.28053,0.00907,-0.00376,0.32263,0.12881,0.00287,0.0845,0.2768,0.00525,-0.00336,0.32844,0.13001,0.0033,0.08414
759,1777898474164,Neutral,0.28182,0.02614,-0.0059,0.32088,0.12816,0.00303,0.08487,0.2783,0.01151,-0.00412,0.32617,0.12945,0.00322,0.08436
760,1777898474196,Neutral,0.28202,0.06308,-0.00877,0.31786,0.12752,0.00353,0.08476,0.27942,0.02698,-0.00551,0.32368,0.12887,0.00331,0.08448
761,1777898474231,Neutral,0.2819,0.11523,-0.01362,0.31438,0.12754,0.00371,0.08526,0.28016,0.05346,-0.00795,0.32089,0.12847,0.00343,0.08471
762,1777898474263,Neutral,0.28211,0.14262,-0.01793,0.31345,0.12704,0.00518,0.08527,0.28075,0.08021,-0.01094,0.31866,0.12804,0.00396,0.08488
763,1777898474296,Neutral,0.28322,0.17535,-0.02376,0.31251,0.1267,0.0049,0.08443,0.28149,0.10875,-0.01479,0.31681,0.12764,0.00424,0.08475
764,1777898474330,Neutral,0.28238,0.1956,-0.02707,0.31146,0.127,0.00447,0.08312,0.28176,0.1348,-0.01847,0.31521,0.12745,0.00431,0.08426
765,1777898474363,Neutral,0.28129,0.20959,-0.02941,0.31105,0.12774,0.00381,0.08289,0.28162,0.15724,-0.02175,0.31396,0.12753,0.00416,0.08385
766,1777898474396,Neutral,0.28169,0.2133,-0.0304,0.31065,0.12832,0.00358,0.08266,0.28164,0.17406,-0.02435,0.31297,0.12777,0.00399,0.08349
767,1777898474430,Neutral,0.28221,0.21664,-0.03137,0.31065,0.12838,0.00342,0.08223,0.28181,0.18683,-0.02645,0.31227,0.12795,0.00382,0.08311
768,1777898474464,Neutral,0.28201,0.21745,-0.03168,0.31148,0.12819,0.00329,0.08249,0.28187,0.19602,-0.02802,0.31203,0.12802,0.00366,0.08293
769,1777898474495,Neutral,0.28193,0.21473,-0.03183,0.31156,0.1285,0.00323,0.08259,0.28189,0.20163,-0.02917,0.31189,0.12817,0.00353,0.08283
770,1777898474529,Neutral,0.28173,0.21313,-0.03192,0.31174,0.12876,0.00331,0.08257,0.28184,0.20508,-0.02999,0.31185,0.12834,0.00346,0.08275
771,1777898474563,Neutral,0.2829,0.21299,-0.03198,0.31149,0.12885,0.00345,0.08218,0.28216,0.20745,-0.03059,0.31174,0.12849,0.00346,0.08258
772,1777898474596,Neutral,0.28311,0.21253,-0.03207,0.31146,0.12914,0.00358,0.0822,0.28244,0.20898,-0.03103,0.31166,0.12869,0.0035,0.08246
773,1777898474630,Neutral,0.28343,0.21155,-0.03198,0.31146,0.12927,0.00367,0.08224,0.28274,0.20975,-0.03132,0.3116,0.12886,0.00355,0.0824
774,1777898474663,Neutral,0.28405,0.21143,-0.03205,0.31155,0.12935,0.00382,0.08222,0.28313,0.21025,-0.03154,0.31158,0.12901,0.00363,0.08234
775,1777898474696,Neutral,0.28423,0.21284,-0.03224,0.31159,0.12935,0.0035,0.08226,0.28346,0.21103,-0.03175,0.31159,0.12911,0.00359,0.08232
776,1777898474729,Neutral,0.28439,0.21456,-0.03242,0.3117,0.12928,0.0034,0.08209,0.28374,0.21209,-0.03195,0.31162,0.12916,0.00353,0.08225
777,1777898474761,Neutral,0.28478,0.21571,-0.03256,0.31187,0.12955,0.00346,0.08202,0.28405,0.21318,-0.03213,0.31169,0.12928,0.00351,0.08218
778,1777898474796,Neutral,0.28474,0.21463,-0.03257,0.31327,0.1294,0.0034,0.08205,0.28426,0.21361,-0.03226,0.31217,0.12931,0.00348,0.08214
779,1777898474829,Neutral,0.28426,0.21549,-0.03288,0.31405,0.12953,0.00346,0.08252,0.28426,0.21417,-0.03245,0.31273,0.12938,0.00347,0.08225
780,1777898474864,Neutral,0.28463,0.21244,-0.03289,0.31579,0.13003,0.00382,0.0826,0.28437,0.21365,-0.03258,0.31365,0.12958,0.00358,0.08236
781,1777898474896,Neutral,0.2864,0.20964,-0.03274,0.31701,0.13003,0.00402,0.08313,0.28498,0.21245,-0.03263,0.31466,0.12971,0.00371,0.08259
782,1777898474930,Neutral,0.28668,0.20659,-0.03242,0.31727,0.13043,0.0042,0.08397,0.28549,0.21069,-0.03256,0.31544,0.12993,0.00386,0.083
783,1777898474963,Neutral,0.2877,0.2071,-0.03353,0.31783,0.13122,0.00453,0.08334,0.28615,0.20962,-0.03285,0.31616,0.13032,0.00406,0.0831
784,1777898474995,Neutral,0.28326,0.20897,-0.03394,0.31776,0.13345,0.00498,0.08355,0.28529,0.20942,-0.03318,0.31664,0.13126,0.00433,0.08324
785,1777898475028,Neutral,0.26718,0.21354,-0.03514,0.31747,0.13978,0.00528,0.0825,0.27986,0.21066,-0.03377,0.31689,0.13381,0.00462,0.08302
786,1777898475063,Neutral,0.2483,0.21739,-0.03585,0.31747,0.14584,0.00543,0.08229,0.27039,0.21268,-0.03439,0.31706,0.13742,0.00486,0.0828
787,1777898475097,Neutral,0.24115,0.21884,-0.0362,0.31781,0.14873,0.00546,0.08199,0.26162,0.21453,-0.03493,0.31729,0.14082,0.00504,0.08256
788,1777898475129,Neutral,0.23624,0.21819,-0.03598,0.31774,0.14998,0.00557,0.08176,0.25401,0.21563,-0.03525,0.31742,0.14357,0.0052,0.08232
789,1777898475163,Neutral,0.23428,0.21816,-0.03603,0.31924,0.15083,0.00579,0.08143,0.24809,0.21639,-0.03548,0.31797,0.14574,0.00538,0.08205
790,1777898475196,Neutral,0.23386,0.22033,-0.03657,0.32026,0.15134,0.00704,0.08159,0.24382,0.21757,-0.03581,0.31866,0.14742,0.00588,0.08191
791,1777898475229,Neutral,0.23246,0.22178,-0.03702,0.31952,0.15179,0.00749,0.0816,0.24041,0.21883,-0.03617,0.31891,0.14873,0.00636,0.08182
792,1777898475262,Neutral,0.23131,0.21968,-0.03731,0.32004,0.1525,0.00882,0.08111,0.23768,0.21909,-0.03651,0.31925,0.14986,0.0071,0.08161
793,1777898475295,Neutral,0.23038,0.22212,-0.0376,0.3177,0.15277,0.00967,0.08079,0.23549,0.22,-0.03684,0.31879,0.15074,0.00787,0.08136
794,1777898475330,Neutral,0.22861,0.22024,-0.03718,0.31754,0.15269,0.01014,0.08098,0.23343,0.22007,-0.03694,0.31841,0.15132,0.00855,0.08125
795,1777898475362,Neutral,0.22732,0.21928,-0.03687,0.3173,0.1527,0.01043,0.08071,0.2316,0.21983,-0.03692,0.31808,0.15174,0.00912,0.08109
796,1777898475395,Neutral,0.22696,0.22054,-0.03661,0.31681,0.15271,0.0104,0.08076,0.23021,0.22005,-0.03683,0.3177,0.15203,0.0095,0.08099
797,1777898475429,Neutral,0.2259,0.22119,-0.03662,0.31641,0.15295,0.01024,0.08073,0.22891,0.22039,-0.03677,0.31731,0.15231,0.00972,0.08091
798,1777898475462,Neutral,0.22682,0.2159,-0.03665,0.3181,0.15309,0.00934,0.08018,0.22829,0.21904,-0.03673,0.31755,0.15254,0.00961,0.08069
799,1777898475495,Neutral,0.22513,0.20972,-0.03595,0.31727,0.15364,0.00907,0.07994,0.22734,0.21624,-0.0365,0.31746,0.15287,0.00945,0.08046
800,1777898475529,Neutral,0.22387,0.20643,-0.03548,0.31627,0.15371,0.00958,0.07887,0.2263,0.2133,-0.03619,0.3171,0.15312,0.00949,0.07999
801,1777898475563,Neutral,0.2278,0.20294,-0.03537,0.31706,0.1536,0.00994,0.07879,0.22675,0.21019,-0.03594,0.31709,0.15327,0.00962,0.07963
802,1777898475595,Neutral,0.22661,0.21377,-0.03617,0.31613,0.15344,0.0103,0.07818,0.2267,0.21126,-0.03601,0.3168,0.15332,0.00983,0.07919
803,1777898475629,Neutral,0.23302,0.22118,-0.03714,0.31724,0.15304,0.01054,0.07754,0.2286,0.21424,-0.03635,0.31694,0.15323,0.01004,0.0787
804,1777898475662,Neutral,0.23395,0.21785,-0.03766,0.31654,0.15225,0.01041,0.07647,0.2302,0.21532,-0.03674,0.31682,0.15294,0.01015,0.07803
805,1777898475695,Neutral,0.2309,0.21914,-0.03852,0.31668,0.15276,0.01098,0.07712,0.23041,0.21647,-0.03728,0.31677,0.15288,0.0104,0.07776
806,1777898475729,Neutral,0.22725,0.2168,-0.03989,0.31663,0.15359,0.01052,0.07575,0.22946,0.21657,-0.03806,0.31673,0.15309,0.01043,0.07716
807,1777898475762,Neutral,0.22681,0.22182,-0.04022,0.31775,0.15365,0.00897,0.07594,0.22867,0.21814,-0.03871,0.31704,0.15326,0.01,0.07679
808,1777898475796,Neutral,0.22542,0.21582,-0.03854,0.32048,0.15346,0.00806,0.07679,0.2277,0.21745,-0.03866,0.31807,0.15332,0.00941,0.07679
809,1777898475829,Neutral,0.22832,0.21648,-0.03951,0.32505,0.15284,0.00714,0.07648,0.22788,0.21716,-0.03892,0.32016,0.15318,0.00873,0.0767
810,1777898475863,Neutral,0.22825,0.21654,-0.03979,0.32676,0.15329,0.00777,0.07621,0.22799,0.21697,-0.03918,0.32214,0.15321,0.00844,0.07655
811,1777898475895,Neutral,0.22829,0.21655,-0.03934,0.32442,0.15365,0.00821,0.07759,0.22808,0.21684,-0.03923,0.32283,0.15334,0.00837,0.07686
812,1777898475928,Neutral,0.22874,0.21902,-0.03953,0.32318,0.15361,0.00834,0.07754,0.22828,0.2175,-0.03932,0.32293,0.15342,0.00836,0.07707
813,1777898475962,Neutral,0.22389,0.21762,-0.03939,0.32225,0.15407,0.00923,0.07752,0.22696,0.21753,-0.03934,0.32273,0.15362,0.00863,0.0772
814,1777898475995,Neutral,0.22294,0.21634,-0.03919,0.32177,0.15454,0.00925,0.07722,0.22576,0.21718,-0.03929,0.32244,0.1539,0.00881,0.07721
815,1777898476030,Neutral,0.22362,0.21552,-0.03906,0.32124,0.15444,0.00916,0.07723,0.22511,0.21668,-0.03922,0.32208,0.15406,0.00892,0.07722
816,1777898476062,Neutral,0.22309,0.21596,-0.03943,0.32083,0.15447,0.00964,0.07693,0.22451,0.21646,-0.03929,0.32171,0.15418,0.00914,0.07713
817,1777898476095,Neutral,0.22269,0.20932,-0.03887,0.32164,0.15448,0.01084,0.07669,0.22396,0.21432,-0.03916,0.32169,0.15427,0.00965,0.077
818,1777898476128,Neutral,0.22287,0.20287,-0.03828,0.32227,0.15423,0.01145,0.0766,0.22363,0.21088,-0.0389,0.32186,0.15426,0.01019,0.07688
819,1777898476162,Neutral,0.22291,0.19946,-0.03797,0.32198,0.15404,0.01101,0.07636,0.22342,0.20745,-0.03862,0.3219,0.15419,0.01043,0.07672
820,1777898476195,Neutral,0.22267,0.19804,-0.0378,0.32137,0.15386,0.01116,0.07674,0.22319,0.20463,-0.03837,0.32174,0.15409,0.01065,0.07673
821,1777898476228,Neutral,0.22315,0.1989,-0.03785,0.32005,0.15367,0.0111,0.07704,0.22318,0.20291,-0.03822,0.32123,0.15397,0.01079,0.07682
