frame,timestamp,emotion,ear_avg_raw,mar_raw,smile_coeff_raw,mouth_width_raw,brow_dist_raw,mouth_asymmetry_raw,upper_lip_raise_raw,ear_avg_smooth,mar_smooth,smile_coeff_smooth,mouth_width_smooth,brow_dist_smooth,mouth_asymmetry_smooth,upper_lip_raise_smooth
1,1777810730836,Sad,0.3404,0.01567,-0.00285,0.35224,0.12416,0.00083,0.09316,0.3404,0.01567,-0.00285,0.35224,0.12416,0.00083,0.09316
2,1777810730903,Sad,0.3453,0.01163,-0.00033,0.35205,0.12122,0.00094,0.08742,0.34187,0.01446,-0.0021,0.35218,0.12328,0.00086,0.09144
3,1777810730969,Sad,0.34817,0.00723,0.0015,0.35191,0.11907,0.00106,0.0842,0.34376,0.01229,-0.00102,0.3521,0.12201,0.00092,0.08927
4,1777810731038,Sad,0.35156,0.00661,0.00203,0.35091,0.11761,0.00158,0.08412,0.3461,0.01059,-0.0001,0.35174,0.12069,0.00112,0.08772
5,1777810731103,Sad,0.35268,0.00543,0.00245,0.34967,0.11635,0.00162,0.08413,0.34807,0.00904,0.00066,0.35112,0.11939,0.00127,0.08664
6,1777810731170,Sad,0.35317,0.00409,0.00292,0.34972,0.11592,0.00158,0.08418,0.3496,0.00756,0.00134,0.3507,0.11835,0.00136,0.08591
7,1777810731236,Sad,0.35417,0.00356,0.00308,0.34947,0.1156,0.00154,0.08429,0.35097,0.00636,0.00186,0.35033,0.11752,0.00142,0.08542
8,1777810731304,Sad,0.35537,0.00296,0.00343,0.3494,0.11551,0.00154,0.08424,0.35229,0.00534,0.00233,0.35005,0.11692,0.00145,0.08507
9,1777810731371,Neutral,0.35727,0.00246,0.00365,0.3493,0.11536,0.00158,0.08426,0.35379,0.00447,0.00273,0.34983,0.11645,0.00149,0.08482
10,1777810731436,Neutral,0.35817,0.00242,0.00369,0.34925,0.11512,0.00153,0.08436,0.3551,0.00386,0.00302,0.34966,0.11605,0.0015,0.08468
11,1777810731503,Neutral,0.36078,0.00198,0.00395,0.34914,0.11491,0.00123,0.08451,0.35681,0.00329,0.0033,0.3495,0.11571,0.00142,0.08463
12,1777810731569,Neutral,0.36263,0.00228,0.00369,0.34909,0.11446,0.0016,0.08445,0.35855,0.00299,0.00341,0.34938,0.11533,0.00148,0.08458
13,1777810731636,Neutral,0.36692,0.00246,0.0034,0.34865,0.11401,0.00152,0.08494,0.36106,0.00283,0.00341,0.34916,0.11494,0.00149,0.08469
14,1777810731702,Neutral,0.36922,0.0022,0.00366,0.34838,0.11387,0.00138,0.08479,0.36351,0.00264,0.00348,0.34892,0.11462,0.00146,0.08472
15,1777810731769,Neutral,0.37072,0.00222,0.00384,0.3482,0.11364,0.00201,0.08514,0.36567,0.00252,0.00359,0.34871,0.11432,0.00162,0.08484
16,1777810731835,Neutral,0.36884,0.00182,0.00407,0.34814,0.11486,0.00205,0.08461,0.36662,0.00231,0.00374,0.34854,0.11448,0.00175,0.08477
17,1777810731902,Neutral,0.35937,0.00174,0.00389,0.34824,0.11637,0.0017,0.08404,0.36445,0.00214,0.00378,0.34845,0.11505,0.00174,0.08455
18,1777810731969,Neutral,0.35803,0.00199,0.00415,0.34832,0.11677,0.00154,0.08412,0.36252,0.0021,0.00389,0.34841,0.11556,0.00168,0.08442
19,1777810732036,Neutral,0.3543,0.0024,0.00447,0.34832,0.11744,0.00195,0.08348,0.36005,0.00219,0.00407,0.34838,0.11613,0.00176,0.08414
20,1777810732102,Neutral,0.35555,0.00237,0.00458,0.34824,0.11714,0.0029,0.08368,0.3587,0.00224,0.00422,0.34834,0.11643,0.0021,0.084
21,1777810732169,Neutral,0.35894,0.00227,0.00458,0.34847,0.11685,0.00305,0.08244,0.35877,0.00225,0.00433,0.34838,0.11656,0.00239,0.08353
22,1777810732236,Neutral,0.35914,0.00251,0.0041,0.34826,0.11723,0.00417,0.08289,0.35888,0.00233,0.00426,0.34834,0.11676,0.00292,0.08334
23,1777810732302,Neutral,0.35654,0.0026,0.0039,0.3483,0.11729,0.00502,0.08344,0.35818,0.00241,0.00415,0.34833,0.11692,0.00355,0.08337
24,1777810732369,Neutral,0.35992,0.00291,0.00403,0.34848,0.11645,0.00451,0.08418,0.3587,0.00256,0.00412,0.34837,0.11678,0.00384,0.08361
25,1777810732436,Neutral,0.36163,0.00322,0.00473,0.3476,0.11565,0.00452,0.08422,0.35958,0.00276,0.0043,0.34814,0.11644,0.00404,0.0838
26,1777810732502,Neutral,0.35751,0.00287,0.00488,0.34728,0.11629,0.00346,0.08454,0.35896,0.00279,0.00447,0.34788,0.11639,0.00387,0.08402
27,1777810732569,Neutral,0.35816,0.00273,0.00453,0.34657,0.11631,0.0032,0.08481,0.35872,0.00277,0.00449,0.34749,0.11637,0.00367,0.08425
28,1777810732635,Neutral,0.35788,0.00267,0.00447,0.34626,0.11636,0.00257,0.08477,0.35847,0.00274,0.00449,0.34712,0.11637,0.00334,0.08441
29,1777810732702,Neutral,0.35732,0.00267,0.00446,0.34643,0.11671,0.00244,0.08466,0.35812,0.00272,0.00448,0.34691,0.11647,0.00307,0.08448
30,1777810732769,Neutral,0.35779,0.00272,0.00456,0.3467,0.11681,0.00197,0.08414,0.35802,0.00272,0.0045,0.34685,0.11657,0.00274,0.08438
31,1777810732835,Neutral,0.34079,0.00307,0.00462,0.34679,0.12017,0.00145,0.08387,0.35285,0.00283,0.00454,0.34683,0.11765,0.00235,0.08423
32,1777810732903,Neutral,0.10871,0.00431,0.00502,0.34528,0.16219,0.00039,0.08468,0.27961,0.00327,0.00468,0.34636,0.13101,0.00177,0.08436
33,1777810732969,Neutral,0.1523,0.00442,0.00522,0.3455,0.15697,2e-05,0.08489,0.24142,0.00361,0.00485,0.3461,0.1388,0.00124,0.08452
34,1777810733035,Neutral,0.18213,0.00336,0.00502,0.34648,0.15316,0.00035,0.08425,0.22363,0.00354,0.0049,0.34622,0.14311,0.00098,0.08444
35,1777810733102,Neutral,0.20971,0.00314,0.00509,0.34803,0.14837,0.00037,0.08377,0.21946,0.00342,0.00495,0.34676,0.14468,0.00079,0.08424
36,1777810733168,Neutral,0.2479,0.0033,0.0055,0.34965,0.14181,0.00115,0.08358,0.22799,0.00338,0.00512,0.34763,0.14382,0.0009,0.08404
37,1777810733235,Neutral,0.29891,0.00337,0.00569,0.34997,0.13264,0.00164,0.0831,0.24927,0.00338,0.00529,0.34833,0.14047,0.00112,0.08376
38,1777810733268,Neutral,0.31002,0.00328,0.0057,0.34968,0.1307,0.00132,0.08331,0.26749,0.00335,0.00541,0.34873,0.13754,0.00118,0.08363
39,1777810733302,Neutral,0.31564,0.00319,0.00582,0.34953,0.1295,0.00118,0.08361,0.28194,0.0033,0.00554,0.34897,0.13513,0.00118,0.08362
40,1777810733335,Neutral,0.31752,0.00316,0.0057,0.34931,0.12925,0.00099,0.08357,0.29261,0.00326,0.00558,0.34907,0.13336,0.00112,0.08361
41,1777810733402,Neutral,0.3179,0.0031,0.00551,0.34921,0.12887,0.00139,0.08317,0.3002,0.00321,0.00556,0.34912,0.13202,0.0012,0.08347
42,1777810733435,Neutral,0.31905,0.00308,0.0053,0.34923,0.12835,0.00155,0.08305,0.30586,0.00317,0.00548,0.34915,0.13092,0.00131,0.08335
43,1777810733468,Neutral,0.32278,0.00309,0.00517,0.34937,0.12765,0.00151,0.0828,0.31093,0.00315,0.00539,0.34922,0.12994,0.00137,0.08318
44,1777810733502,Neutral,0.32157,0.00314,0.00515,0.34928,0.12759,0.00147,0.08325,0.31412,0.00314,0.00532,0.34924,0.12923,0.0014,0.0832
45,1777810733535,Neutral,0.31894,0.00328,0.00537,0.34922,0.12839,0.00193,0.08338,0.31557,0.00318,0.00533,0.34923,0.12898,0.00156,0.08326
46,1777810733568,Neutral,0.31799,0.00336,0.00533,0.34911,0.12869,0.00197,0.08339,0.31629,0.00324,0.00533,0.3492,0.12889,0.00168,0.0833
47,1777810733602,Neutral,0.31942,0.00335,0.00529,0.34904,0.12827,0.00183,0.0831,0.31723,0.00327,0.00532,0.34915,0.12871,0.00172,0.08324
48,1777810733635,Neutral,0.31896,0.00337,0.00524,0.34915,0.12866,0.00171,0.08295,0.31775,0.0033,0.0053,0.34915,0.12869,0.00172,0.08315
49,1777810733668,Neutral,0.3202,0.0035,0.00495,0.34908,0.12863,0.00182,0.08298,0.31848,0.00336,0.00519,0.34913,0.12867,0.00175,0.0831
50,1777810733702,Neutral,0.31935,0.00335,0.00481,0.34926,0.12876,0.00176,0.08288,0.31874,0.00336,0.00508,0.34917,0.1287,0.00175,0.08303
51,1777810733735,Neutral,0.31875,0.00327,0.00485,0.34958,0.12885,0.00179,0.08265,0.31874,0.00333,0.00501,0.34929,0.12874,0.00176,0.08292
52,1777810733768,Neutral,0.31784,0.00325,0.00481,0.34979,0.12889,0.00178,0.0825,0.31847,0.00331,0.00495,0.34944,0.12879,0.00177,0.08279
53,1777810733801,Neutral,0.3141,0.0032,0.00475,0.35022,0.12873,0.0016,0.08259,0.31716,0.00327,0.00489,0.34967,0.12877,0.00172,0.08273
54,1777810733835,Neutral,0.31416,0.003,0.00463,0.34969,0.12705,0.00148,0.08256,0.31626,0.00319,0.00481,0.34968,0.12825,0.00165,0.08268
55,1777810733868,Neutral,0.32408,0.00281,0.0046,0.3493,0.12469,0.00142,0.0825,0.31861,0.00308,0.00475,0.34956,0.12719,0.00158,0.08263
56,1777810733901,Neutral,0.33245,0.00281,0.00446,0.34915,0.12257,0.00144,0.08263,0.32276,0.003,0.00466,0.34944,0.1258,0.00154,0.08263
57,1777810733935,Neutral,0.33449,0.0029,0.0044,0.34896,0.12195,0.00155,0.08255,0.32628,0.00297,0.00458,0.3493,0.12465,0.00154,0.0826
58,1777810733968,Neutral,0.33462,0.00291,0.00418,0.34858,0.12166,0.0016,0.08239,0.32878,0.00295,0.00446,0.34908,0.12375,0.00156,0.08254
59,1777810734001,Neutral,0.33709,0.00294,0.0041,0.34845,0.12138,0.00163,0.08247,0.33128,0.00295,0.00435,0.34889,0.12304,0.00158,0.08252
60,1777810734035,Neutral,0.33843,0.00297,0.00395,0.34832,0.12101,0.00173,0.08252,0.33342,0.00295,0.00423,0.34872,0.12243,0.00162,0.08252
61,1777810734069,Neutral,0.33968,0.00295,0.00391,0.34799,0.12064,0.00177,0.0826,0.3353,0.00295,0.00414,0.3485,0.12189,0.00167,0.08254
62,1777810734101,Neutral,0.34195,0.00298,0.00391,0.34793,0.11994,0.00182,0.08258,0.33729,0.00296,0.00407,0.34833,0.12131,0.00171,0.08255
63,1777810734135,Neutral,0.34549,0.00299,0.00392,0.34771,0.11906,0.00193,0.08263,0.33975,0.00297,0.00402,0.34814,0.12063,0.00178,0.08258
64,1777810734168,Neutral,0.34736,0.00298,0.00394,0.34765,0.11865,0.00199,0.08249,0.34203,0.00297,0.004,0.348,0.12004,0.00184,0.08255
65,1777810734201,Neutral,0.34905,0.00304,0.00412,0.34741,0.11826,0.00225,0.08269,0.34414,0.00299,0.00404,0.34782,0.11951,0.00196,0.08259
66,1777810734235,Neutral,0.34875,0.00327,0.00515,0.34589,0.11814,0.00216,0.08374,0.34552,0.00308,0.00437,0.34724,0.1191,0.00202,0.08294
67,1777810734268,Neutral,0.34874,0.00343,0.00619,0.34562,0.11805,0.00187,0.08554,0.34649,0.00318,0.00492,0.34675,0.11878,0.00198,0.08372
68,1777810734302,Neutral,0.34809,0.00399,0.00947,0.35016,0.11796,0.00042,0.08514,0.34697,0.00342,0.00628,0.34778,0.11854,0.00151,0.08414
69,1777810734335,Neutral,0.34632,0.04862,0.01046,0.35861,0.11763,0.00063,0.08222,0.34677,0.01698,0.00754,0.35103,0.11827,0.00125,0.08357
70,1777810734368,Neutral,0.3454,0.09939,0.00842,0.37688,0.11747,0.00263,0.07665,0.34636,0.04171,0.0078,0.35878,0.11803,0.00166,0.08149
71,1777810734401,Neutral,0.3437,0.13255,0.00885,0.38919,0.11724,0.00303,0.07265,0.34556,0.06896,0.00812,0.36791,0.11779,0.00207,0.07884
72,1777810734435,Neutral,0.34186,0.14979,0.00911,0.4022,0.11713,0.00416,0.06856,0.34445,0.09321,0.00841,0.37819,0.11759,0.0027,0.07576
73,1777810734468,Neutral,0.33981,0.15755,0.01275,0.41643,0.11693,0.00225,0.0644,0.34306,0.11251,0.00971,0.38966,0.1174,0.00257,0.07235
74,1777810734501,Neutral,0.33563,0.16443,0.0146,0.42942,0.11676,0.00069,0.06087,0.34083,0.12809,0.01118,0.40159,0.1172,0.002,0.0689
75,1777810734535,Happy,0.33132,0.16971,0.01696,0.4413,0.11662,0.00089,0.0595,0.33798,0.14057,0.01291,0.4135,0.11703,0.00167,0.06608
76,1777810734568,Happy,0.32849,0.17548,0.01819,0.45111,0.11642,0.00174,0.05795,0.33513,0.15104,0.0145,0.42478,0.11685,0.00169,0.06364
77,1777810734602,Happy,0.32635,0.17927,0.0192,0.46187,0.11627,0.00213,0.05734,0.3325,0.15951,0.01591,0.43591,0.11667,0.00182,0.06175
78,1777810734668,Happy,0.32297,0.18474,0.01865,0.47127,0.11607,0.00098,0.05581,0.32964,0.16708,0.01673,0.44652,0.11649,0.00157,0.05997
79,1777810734734,Happy,0.32092,0.18873,0.0177,0.47507,0.1161,0.00147,0.05534,0.32702,0.17358,0.01702,0.45508,0.11637,0.00154,0.05858
80,1777810734768,Happy,0.31953,0.18983,0.01774,0.47513,0.11607,0.00154,0.05538,0.32477,0.17845,0.01724,0.4611,0.11628,0.00154,0.05762
81,1777810734835,Happy,0.31857,0.19061,0.01696,0.47506,0.11625,0.00221,0.05572,0.32291,0.1821,0.01715,0.46529,0.11627,0.00174,0.05705
82,1777810734868,Happy,0.31805,0.1896,0.0167,0.47483,0.11625,0.00267,0.05569,0.32145,0.18435,0.01702,0.46815,0.11627,0.00202,0.05664
83,1777810734901,Happy,0.31771,0.18952,0.01655,0.4748,0.11625,0.00294,0.0558,0.32033,0.1859,0.01688,0.47014,0.11626,0.00229,0.05639
84,1777810734934,Happy,0.31714,0.18908,0.01636,0.47446,0.11615,0.00313,0.05568,0.31937,0.18685,0.01672,0.47144,0.11623,0.00254,0.05618
85,1777810734968,Happy,0.31699,0.1896,0.01602,0.47462,0.11619,0.00346,0.05566,0.31866,0.18768,0.01651,0.47239,0.11622,0.00282,0.05602
86,1777810735002,Happy,0.31659,0.18934,0.01594,0.47448,0.1162,0.00351,0.05564,0.31804,0.18818,0.01634,0.47302,0.11621,0.00303,0.05591
87,1777810735034,Happy,0.31647,0.18958,0.0158,0.47433,0.11621,0.00364,0.05562,0.31757,0.1886,0.01618,0.47341,0.11621,0.00321,0.05582
88,1777810735067,Happy,0.31608,0.18955,0.01575,0.47443,0.11612,0.00381,0.05565,0.31712,0.18888,0.01605,0.47372,0.11618,0.00339,0.05577
89,1777810735101,Happy,0.31543,0.1896,0.01565,0.47458,0.11617,0.00396,0.05569,0.31662,0.1891,0.01593,0.47398,0.11618,0.00356,0.05575
90,1777810735135,Happy,0.31492,0.18942,0.01563,0.47456,0.11615,0.00393,0.05572,0.31611,0.18919,0.01584,0.47415,0.11617,0.00367,0.05574
91,1777810735167,Happy,0.31468,0.18983,0.01545,0.47455,0.11618,0.00402,0.05577,0.31568,0.18938,0.01572,0.47427,0.11617,0.00378,0.05575
92,1777810735201,Happy,0.31435,0.18984,0.01537,0.47442,0.11623,0.00403,0.05582,0.31528,0.18952,0.01562,0.47431,0.11619,0.00385,0.05577
93,1777810735235,Happy,0.31397,0.19037,0.01517,0.47398,0.11625,0.00404,0.05588,0.31489,0.18978,0.01548,0.47421,0.11621,0.00391,0.05581
94,1777810735301,Happy,0.31347,0.19045,0.0151,0.47365,0.11639,0.00415,0.05598,0.31446,0.18998,0.01537,0.47404,0.11626,0.00398,0.05586
95,1777810735334,Happy,0.31329,0.19053,0.01501,0.47348,0.11656,0.00419,0.05609,0.31411,0.19015,0.01526,0.47387,0.11635,0.00404,0.05593
96,1777810735368,Happy,0.31256,0.19011,0.01498,0.47304,0.11669,0.0042,0.05611,0.31365,0.19014,0.01518,0.47363,0.11645,0.00409,0.05598
97,1777810735402,Happy,0.31212,0.1898,0.01494,0.4726,0.11675,0.00422,0.05615,0.31319,0.19003,0.0151,0.47332,0.11654,0.00413,0.05603
98,1777810735435,Happy,0.31181,0.18943,0.01485,0.47233,0.11679,0.00423,0.05639,0.31277,0.18985,0.01503,0.47302,0.11661,0.00416,0.05614
99,1777810735469,Happy,0.3116,0.18907,0.01481,0.47212,0.11678,0.00422,0.05648,0.31242,0.18962,0.01496,0.47275,0.11666,0.00418,0.05624
100,1777810735535,Happy,0.31145,0.18989,0.0145,0.47136,0.11688,0.00429,0.05658,0.31213,0.1897,0.01483,0.47233,0.11673,0.00421,0.05634
101,1777810735568,Happy,0.31132,0.19011,0.01439,0.47067,0.1169,0.00427,0.05663,0.31189,0.18982,0.0147,0.47183,0.11678,0.00423,0.05643
102,1777810735601,Happy,0.31109,0.1904,0.01429,0.4704,0.11682,0.00419,0.05679,0.31165,0.19,0.01457,0.4714,0.11679,0.00422,0.05654
103,1777810735635,Happy,0.31102,0.18998,0.01428,0.46997,0.11684,0.0042,0.05679,0.31146,0.18999,0.01449,0.47097,0.1168,0.00421,0.05661
104,1777810735668,Happy,0.31093,0.18896,0.01432,0.46978,0.11683,0.00425,0.05679,0.3113,0.18968,0.01444,0.47061,0.11681,0.00422,0.05667
105,1777810735701,Happy,0.31091,0.18834,0.01411,0.46868,0.11683,0.00501,0.05679,0.31118,0.18928,0.01434,0.47003,0.11682,0.00446,0.0567
106,1777810735734,Happy,0.31067,0.18768,0.01394,0.46771,0.11678,0.00564,0.05672,0.31103,0.1888,0.01422,0.46934,0.11681,0.00481,0.05671
107,1777810735767,Happy,0.30945,0.18553,0.01443,0.46734,0.11668,0.00597,0.05682,0.31056,0.18782,0.01428,0.46874,0.11677,0.00516,0.05674
108,1777810735802,Happy,0.30849,0.18308,0.01476,0.46733,0.11675,0.00642,0.05675,0.30994,0.1864,0.01442,0.46831,0.11676,0.00554,0.05674
109,1777810735867,Happy,0.3082,0.17971,0.01496,0.46645,0.11666,0.00627,0.05618,0.30942,0.18439,0.01458,0.46775,0.11673,0.00576,0.05657
110,1777810735901,Happy,0.30855,0.17844,0.0149,0.46619,0.1165,0.00578,0.05621,0.30916,0.18261,0.01468,0.46729,0.11666,0.00576,0.05646
111,1777810735935,Happy,0.3095,0.17574,0.00945,0.46065,0.11637,0.00293,0.0562,0.30926,0.18055,0.01311,0.4653,0.11658,0.00491,0.05638
112,1777810735968,Neutral,0.31528,0.17828,-0.00249,0.43961,0.1162,0.01573,0.06103,0.31107,0.17987,0.00843,0.45759,0.11646,0.00816,0.05778
113,1777810736001,Neutral,0.32797,0.14727,-0.0095,0.39878,0.11576,0.01455,0.07198,0.31614,0.17009,0.00305,0.43995,0.11625,0.01008,0.06204
114,1777810736034,Neutral,0.34017,0.09148,-0.00226,0.37146,0.11597,0.00614,0.08293,0.32335,0.1465,0.00146,0.4194,0.11617,0.0089,0.06831
115,1777810736067,Neutral,0.34704,0.03611,0.00113,0.35635,0.11599,0.00015,0.08622,0.33045,0.11338,0.00136,0.40049,0.11611,0.00627,0.07368
116,1777810736101,Sad,0.3486,0.01779,0.00137,0.34863,0.11613,0.00098,0.08655,0.3359,0.08471,0.00136,0.38493,0.11612,0.00468,0.07754
117,1777810736134,Sad,0.34966,0.00857,0.00229,0.3461,0.11589,0.00168,0.08738,0.34003,0.06186,0.00164,0.37328,0.11605,0.00378,0.08049
118,1777810736168,Sad,0.34987,0.00563,0.00185,0.34491,0.11575,0.00215,0.0871,0.34298,0.04499,0.0017,0.36477,0.11596,0.00329,0.08247
119,1777810736201,Sad,0.34998,0.00254,0.00071,0.3436,0.11567,0.0035,0.08736,0.34508,0.03226,0.00141,0.35842,0.11587,0.00335,0.08394
120,1777810736234,Sad,0.34981,0.00468,8e-05,0.34297,0.11573,0.0037,0.08817,0.3465,0.02399,0.00101,0.35378,0.11583,0.00346,0.08521
121,1777810736267,Sad,0.34978,0.00747,-0.00096,0.34206,0.11572,0.00319,0.08788,0.34748,0.01903,0.00042,0.35027,0.1158,0.00338,0.08601
122,1777810736301,Sad,0.34917,0.00916,-0.00109,0.34287,0.11581,0.00345,0.08776,0.34799,0.01607,-4e-05,0.34805,0.1158,0.0034,0.08653
123,1777810736334,Sad,0.34974,0.00949,-0.00059,0.34167,0.11573,0.00324,0.08813,0.34851,0.0141,-0.0002,0.34613,0.11578,0.00335,0.08701
124,1777810736367,Sad,0.35148,0.0086,-0.00084,0.34142,0.11578,0.00338,0.08827,0.3494,0.01245,-0.00039,0.34472,0.11578,0.00336,0.08739
125,1777810736401,Sad,0.35071,0.00736,-0.00088,0.34067,0.1158,0.00362,0.08826,0.3498,0.01092,-0.00054,0.34351,0.11578,0.00344,0.08765
126,1777810736434,Sad,0.34814,0.00636,-0.00069,0.34035,0.11598,0.00375,0.08843,0.3493,0.00955,-0.00058,0.34256,0.11584,0.00353,0.08789
127,1777810736501,Sad,0.34882,0.00467,-0.00098,0.33964,0.11636,0.00433,0.08904,0.34916,0.00809,-0.0007,0.34168,0.116,0.00377,0.08823
128,1777810736567,Sad,0.34882,0.00391,-0.00187,0.33855,0.11616,0.00532,0.08847,0.34906,0.00683,-0.00105,0.34074,0.11605,0.00424,0.0883
129,1777810736634,Sad,0.34689,0.00394,-0.00127,0.33924,0.1154,0.00625,0.08806,0.34841,0.00596,-0.00112,0.34029,0.11585,0.00484,0.08823
130,1777810736700,Sad,0.3496,0.00317,-0.00094,0.33951,0.11512,0.00677,0.0873,0.34876,0.00513,-0.00106,0.34006,0.11563,0.00542,0.08795
131,1777810736734,Sad,0.34977,0.00278,-0.00069,0.3398,0.11533,0.00682,0.08716,0.34907,0.00442,-0.00095,0.33998,0.11554,0.00584,0.08771
132,1777810736767,Sad,0.35018,0.00248,-0.00052,0.33962,0.1154,0.00669,0.08732,0.3494,0.00384,-0.00082,0.33987,0.1155,0.0061,0.0876
133,1777810736800,Sad,0.34958,0.00244,-0.00053,0.33958,0.11541,0.00656,0.08729,0.34945,0.00342,-0.00073,0.33979,0.11547,0.00623,0.0875
134,1777810736834,Sad,0.34883,0.00244,-0.0006,0.33973,0.11542,0.00632,0.08725,0.34927,0.00312,-0.00069,0.33977,0.11546,0.00626,0.08743
135,1777810736867,Sad,0.348,0.00244,-0.00065,0.3399,0.11547,0.00617,0.08727,0.34889,0.00292,-0.00068,0.33981,0.11546,0.00623,0.08738
136,1777810736900,Sad,0.34783,0.00238,-0.00068,0.3399,0.11549,0.00614,0.0873,0.34857,0.00276,-0.00068,0.33984,0.11547,0.00621,0.08736
137,1777810736934,Sad,0.34874,0.00235,-0.00095,0.34,0.11536,0.00592,0.0871,0.34862,0.00264,-0.00076,0.33989,0.11544,0.00612,0.08728
138,1777810736967,Sad,0.34866,0.00236,-0.00113,0.34032,0.1153,0.00553,0.08687,0.34863,0.00255,-0.00087,0.34002,0.11539,0.00594,0.08716
139,1777810737000,Sad,0.34799,0.00239,-0.00126,0.3404,0.11531,0.0054,0.08691,0.34844,0.0025,-0.00099,0.34013,0.11537,0.00578,0.08708
140,1777810737037,Sad,0.34821,0.00254,-0.00155,0.34058,0.11548,0.00518,0.08687,0.34837,0.00252,-0.00115,0.34027,0.1154,0.0056,0.08702
141,1777810737101,Sad,0.34809,0.0025,-0.00182,0.34105,0.1154,0.00491,0.08719,0.34829,0.00251,-0.00135,0.3405,0.1154,0.00539,0.08707
142,1777810737167,Sad,0.35194,0.00239,-0.00198,0.3415,0.1156,0.00427,0.08726,0.34938,0.00248,-0.00154,0.3408,0.11546,0.00505,0.08713
143,1777810737234,Sad,0.35392,0.00235,-0.00183,0.34166,0.11527,0.00358,0.08741,0.35074,0.00244,-0.00163,0.34106,0.1154,0.00461,0.08721
144,1777810737301,Sad,0.3558,0.00245,-0.00229,0.34129,0.11503,0.00299,0.08621,0.35226,0.00244,-0.00183,0.34113,0.11529,0.00412,0.08691
145,1777810737367,Sad,0.32663,0.00256,-0.0027,0.34186,0.12148,0.00246,0.08487,0.34457,0.00247,-0.00209,0.34135,0.11715,0.00363,0.0863
146,1777810737434,Sad,0.31483,0.00259,-0.00303,0.34245,0.12378,0.00183,0.08402,0.33565,0.00251,-0.00237,0.34168,0.11914,0.00309,0.08562
147,1777810737500,Neutral,0.31526,0.00268,-0.00323,0.34142,0.12442,0.00146,0.08335,0.32953,0.00256,-0.00263,0.3416,0.12072,0.0026,0.08493
148,1777810737568,Neutral,0.31482,0.00277,-0.00384,0.34158,0.12486,0.00104,0.08331,0.32512,0.00262,-0.00299,0.3416,0.12196,0.00213,0.08445
149,1777810737634,Neutral,0.31508,0.00322,-0.00436,0.3416,0.12522,0.0007,0.08294,0.32211,0.0028,-0.0034,0.3416,0.12294,0.0017,0.084
150,1777810737700,Neutral,0.31516,0.0032,-0.00465,0.34174,0.12555,0.00048,0.08274,0.32002,0.00292,-0.00378,0.34164,0.12372,0.00134,0.08362
151,1777810737767,Neutral,0.31476,0.0031,-0.00475,0.3421,0.12564,0.00012,0.08251,0.31845,0.00298,-0.00407,0.34178,0.1243,0.00097,0.08328
152,1777810737833,Neutral,0.31512,0.00296,-0.00466,0.34293,0.12563,0.00019,0.08275,0.31745,0.00297,-0.00425,0.34212,0.1247,0.00074,0.08313
153,1777810737867,Neutral,0.31531,0.00298,-0.00472,0.34301,0.12574,0.00019,0.08288,0.3168,0.00297,-0.00439,0.34239,0.12501,0.00057,0.08305
154,1777810737900,Neutral,0.31512,0.0031,-0.00487,0.34291,0.1258,0.00014,0.08314,0.3163,0.00301,-0.00453,0.34254,0.12525,0.00044,0.08308
155,1777810737933,Neutral,0.31542,0.00309,-0.00491,0.34287,0.12585,0.00022,0.08338,0.31603,0.00303,-0.00465,0.34264,0.12543,0.00038,0.08317
156,1777810737967,Neutral,0.31618,0.00299,-0.00489,0.3429,0.12588,0.00019,0.08342,0.31608,0.00302,-0.00472,0.34272,0.12556,0.00032,0.08324
157,1777810738000,Neutral,0.31672,0.00308,-0.00482,0.34285,0.12577,0.00023,0.08368,0.31627,0.00304,-0.00475,0.34276,0.12562,0.00029,0.08337
158,1777810738034,Neutral,0.31708,0.00309,-0.00487,0.34249,0.12572,0.00017,0.08372,0.31651,0.00305,-0.00479,0.34268,0.12565,0.00026,0.08348
159,1777810738100,Neutral,0.31731,0.00308,-0.00476,0.34245,0.12594,0.00041,0.08405,0.31675,0.00306,-0.00478,0.34261,0.12574,0.0003,0.08365
160,1777810738133,Neutral,0.31829,0.00303,-0.00487,0.34248,0.12583,0.00054,0.08393,0.31721,0.00305,-0.00481,0.34257,0.12577,0.00037,0.08373
161,1777810738167,Neutral,0.31869,0.00305,-0.00491,0.34245,0.12579,0.00076,0.08426,0.31765,0.00305,-0.00484,0.34253,0.12577,0.00049,0.08389
162,1777810738200,Neutral,0.31824,0.00316,-0.00497,0.34248,0.12573,0.00095,0.08431,0.31783,0.00309,-0.00488,0.34252,0.12576,0.00063,0.08402
163,1777810738233,Neutral,0.31763,0.00323,-0.00504,0.34246,0.12577,0.00104,0.08437,0.31777,0.00313,-0.00493,0.3425,0.12576,0.00075,0.08413
164,1777810738267,Neutral,0.3177,0.00323,-0.00498,0.3422,0.12576,0.00112,0.08444,0.31775,0.00316,-0.00494,0.34241,0.12576,0.00086,0.08422
165,1777810738300,Neutral,0.31727,0.00305,-0.00499,0.34148,0.12381,0.00098,0.08463,0.31761,0.00313,-0.00496,0.34213,0.12518,0.0009,0.08434
166,1777810738334,Neutral,0.32716,0.00295,-0.00498,0.34095,0.12057,0.00093,0.08462,0.32047,0.00307,-0.00496,0.34178,0.12379,0.00091,0.08442
167,1777810738367,Neutral,0.34642,0.0029,-0.00504,0.34086,0.11697,0.00074,0.08451,0.32826,0.00302,-0.00499,0.3415,0.12175,0.00086,0.08445
168,1777810738401,Sad,0.35423,0.00292,-0.00511,0.34075,0.11544,0.0008,0.08414,0.33605,0.00299,-0.00502,0.34128,0.11985,0.00084,0.08436
169,1777810738434,Sad,0.36149,0.00304,-0.00522,0.3408,0.11437,0.00087,0.08398,0.34368,0.00301,-0.00508,0.34113,0.11821,0.00085,0.08424
170,1777810738468,Sad,0.36326,0.00331,-0.00541,0.34088,0.11409,0.00119,0.0838,0.34955,0.0031,-0.00518,0.34106,0.11697,0.00095,0.08411
171,1777810738501,Sad,0.36349,0.00343,-0.00554,0.34111,0.11407,0.00137,0.08363,0.35374,0.0032,-0.00529,0.34107,0.1161,0.00108,0.08397
172,1777810738567,Sad,0.36233,0.0034,-0.00577,0.3412,0.11463,0.00114,0.08341,0.35631,0.00326,-0.00543,0.34111,0.11566,0.0011,0.0838
173,1777810738601,Sad,0.36222,0.00323,-0.0059,0.34119,0.11466,0.00106,0.08343,0.35809,0.00325,-0.00557,0.34114,0.11536,0.00109,0.08369
174,1777810738668,Sad,0.36237,0.00327,-0.00576,0.34106,0.11476,0.00104,0.08367,0.35937,0.00325,-0.00563,0.34111,0.11518,0.00107,0.08368
175,1777810738734,Sad,0.36166,0.00328,-0.00553,0.34056,0.11465,0.00092,0.08426,0.36006,0.00326,-0.0056,0.34095,0.11502,0.00103,0.08386
176,1777810738800,Sad,0.36418,0.00292,-0.00532,0.34049,0.11396,0.0005,0.08427,0.36129,0.00316,-0.00552,0.34081,0.1147,0.00087,0.08398
177,1777810738834,Sad,0.36422,0.00293,-0.00546,0.34038,0.11389,0.00031,0.08429,0.36217,0.00309,-0.0055,0.34068,0.11446,0.0007,0.08407
178,1777810738866,Sad,0.36276,0.00301,-0.00547,0.34063,0.11402,0.00027,0.08421,0.36235,0.00307,-0.00549,0.34067,0.11433,0.00057,0.08411
179,1777810738902,Sad,0.36192,0.00304,-0.00555,0.34067,0.11401,0.00024,0.08429,0.36222,0.00306,-0.00551,0.34067,0.11423,0.00047,0.08416
180,1777810738967,Sad,0.36029,0.00315,-0.00548,0.34057,0.11419,3e-05,0.08418,0.36164,0.00308,-0.0055,0.34064,0.11422,0.00034,0.08417
181,1777810739000,Sad,0.3597,0.00329,-0.00551,0.34073,0.11419,0.0001,0.08419,0.36106,0.00315,-0.0055,0.34066,0.11421,0.00027,0.08417
182,1777810739033,Sad,0.35959,0.00336,-0.0054,0.34079,0.11417,0.00016,0.08402,0.36062,0.00321,-0.00547,0.3407,0.1142,0.00023,0.08413
183,1777810739066,Sad,0.35928,0.00347,-0.00548,0.34073,0.1142,0.00032,0.08402,0.36022,0.00329,-0.00548,0.34071,0.1142,0.00026,0.0841
184,1777810739101,Sad,0.35954,0.00343,-0.00536,0.34068,0.11411,0.00046,0.08406,0.36001,0.00333,-0.00544,0.3407,0.11417,0.00032,0.08409
185,1777810739135,Sad,0.35965,0.00332,-0.00536,0.3406,0.11405,0.00032,0.08396,0.35991,0.00333,-0.00542,0.34067,0.11413,0.00032,0.08405
186,1777810739201,Sad,0.35963,0.00332,-0.00536,0.34032,0.11422,0.00043,0.08398,0.35982,0.00333,-0.0054,0.34057,0.11416,0.00035,0.08403
187,1777810739233,Sad,0.35956,0.0033,-0.00538,0.34049,0.11428,0.00046,0.08392,0.35974,0.00332,-0.00539,0.34055,0.1142,0.00039,0.084
188,1777810739267,Sad,0.3597,0.00322,-0.00545,0.34055,0.11433,0.00034,0.08393,0.35973,0.00329,-0.00541,0.34055,0.11424,0.00037,0.08398
189,1777810739300,Sad,0.35993,0.00319,-0.0055,0.34058,0.11438,0.00041,0.08384,0.35979,0.00326,-0.00544,0.34056,0.11428,0.00038,0.08394
190,1777810739334,Sad,0.35947,0.00311,-0.00562,0.34062,0.1145,0.00054,0.08364,0.35969,0.00321,-0.00549,0.34057,0.11435,0.00043,0.08385
191,1777810739367,Sad,0.35855,0.00309,-0.00558,0.34077,0.11458,0.00058,0.08348,0.35935,0.00318,-0.00552,0.34063,0.11442,0.00048,0.08374
192,1777810739401,Sad,0.35929,0.00316,-0.00561,0.34076,0.11426,0.00076,0.08347,0.35933,0.00317,-0.00555,0.34067,0.11437,0.00056,0.08366
193,1777810739434,Sad,0.35956,0.00314,-0.00578,0.34086,0.11409,0.00086,0.08328,0.3594,0.00316,-0.00562,0.34073,0.11429,0.00065,0.08354
194,1777810739500,Sad,0.35878,0.00312,-0.00651,0.34151,0.11447,0.00193,0.08271,0.35921,0.00315,-0.00589,0.34096,0.11434,0.00104,0.0833
195,1777810739533,Sad,0.35841,0.00311,-0.00672,0.34241,0.11421,0.00176,0.08247,0.35897,0.00314,-0.00614,0.3414,0.1143,0.00125,0.08305
196,1777810739567,Sad,0.3574,0.003,-0.00696,0.34451,0.11468,0.00115,0.08217,0.3585,0.00309,-0.00638,0.34233,0.11441,0.00122,0.08279
197,1777810739601,Sad,0.35758,0.00312,-0.00741,0.34569,0.11487,0.00059,0.08184,0.35822,0.0031,-0.00669,0.34334,0.11455,0.00103,0.0825
198,1777810739667,Sad,0.35599,0.00317,-0.00824,0.3476,0.11458,5e-05,0.08168,0.35756,0.00312,-0.00716,0.34462,0.11456,0.00074,0.08226
199,1777810739699,Sad,0.35567,0.00305,-0.00824,0.34819,0.11453,0.00033,0.08157,0.35699,0.0031,-0.00748,0.34569,0.11455,0.00062,0.08205
200,1777810739733,Sad,0.35622,0.00282,-0.00815,0.34823,0.11395,0.00028,0.08155,0.35676,0.00301,-0.00768,0.34645,0.11437,0.00051,0.0819
201,1777810739800,Sad,0.35662,0.00274,-0.00806,0.34871,0.11395,4e-05,0.08219,0.35672,0.00293,-0.00779,0.34713,0.11424,0.00037,0.08199
202,1777810739834,Sad,0.35578,0.00259,-0.00796,0.34888,0.11409,0.00015,0.08249,0.35644,0.00283,-0.00784,0.34766,0.1142,0.00031,0.08214
203,1777810739900,Sad,0.35685,0.00235,-0.00779,0.34989,0.11421,4e-05,0.08262,0.35656,0.00269,-0.00783,0.34833,0.1142,0.00023,0.08228
204,1777810739933,Sad,0.35701,0.00232,-0.00776,0.34994,0.11421,0.00047,0.08274,0.3567,0.00258,-0.00781,0.34881,0.11421,0.0003,0.08242
205,1777810739966,Sad,0.35616,0.00239,-0.00795,0.35015,0.11438,0.00029,0.08248,0.35653,0.00252,-0.00785,0.34921,0.11426,0.0003,0.08244
206,1777810739999,Sad,0.35719,0.00252,-0.00793,0.35045,0.11422,0.00063,0.08271,0.35673,0.00252,-0.00788,0.34958,0.11425,0.0004,0.08252
207,1777810740033,Sad,0.35857,0.00249,-0.00773,0.35075,0.11423,0.00081,0.08258,0.35728,0.00251,-0.00783,0.34993,0.11424,0.00052,0.08254
208,1777810740067,Sad,0.35682,0.00239,-0.00759,0.35085,0.11434,0.00064,0.08244,0.35714,0.00247,-0.00776,0.35021,0.11427,0.00056,0.08251
209,1777810740134,Sad,0.36002,0.00261,-0.00702,0.34903,0.11334,0.00082,0.08311,0.35801,0.00252,-0.00754,0.34985,0.11399,0.00064,0.08269
210,1777810740200,Sad,0.31274,0.00248,-0.00693,0.34906,0.12261,0.00044,0.08355,0.34443,0.0025,-0.00736,0.34962,0.11658,0.00058,0.08295
211,1777810740233,Neutral,0.22556,0.00264,-0.00666,0.34903,0.13958,0.0013,0.084,0.30877,0.00254,-0.00715,0.34944,0.12348,0.00079,0.08326
212,1777810740266,Neutral,0.07641,0.00266,-0.00642,0.3477,0.16626,0.00198,0.08419,0.23906,0.00258,-0.00693,0.34892,0.13631,0.00115,0.08354
213,1777810740301,Neutral,0.02417,0.00332,-0.00604,0.34643,0.18083,0.00231,0.08443,0.17459,0.0028,-0.00666,0.34817,0.14967,0.0015,0.08381
214,1777810740366,Neutral,0.03344,0.0041,-0.00546,0.34505,0.18031,0.00267,0.08498,0.13225,0.00319,-0.0063,0.34724,0.15886,0.00185,0.08416
215,1777810740400,Neutral,0.06683,0.00388,-0.00497,0.34387,0.17325,0.00269,0.08529,0.11262,0.0034,-0.0059,0.34623,0.16318,0.0021,0.0845
216,1777810740433,Neutral,0.08406,0.00399,-0.00476,0.34344,0.17033,0.00244,0.08528,0.10406,0.00357,-0.00556,0.34539,0.16532,0.0022,0.08473
217,1777810740466,Neutral,0.12761,0.00386,-0.0047,0.34335,0.16153,0.00222,0.08518,0.11112,0.00366,-0.0053,0.34478,0.16419,0.00221,0.08487
218,1777810740499,Neutral,0.17681,0.0036,-0.0048,0.34322,0.15271,0.00185,0.08518,0.13083,0.00364,-0.00515,0.34431,0.16074,0.0021,0.08496
219,1777810740533,Neutral,0.22556,0.00362,-0.00472,0.34289,0.14442,0.00165,0.08509,0.15925,0.00363,-0.00502,0.34388,0.15585,0.00196,0.085
220,1777810740567,Neutral,0.25876,0.00359,-0.00461,0.34284,0.13883,0.00143,0.08518,0.1891,0.00362,-0.0049,0.34357,0.15074,0.0018,0.08505
221,1777810740601,Neutral,0.27887,0.00353,-0.00458,0.34265,0.1352,0.0014,0.085,0.21603,0.00359,-0.0048,0.34329,0.14608,0.00168,0.08504
222,1777810740665,Neutral,0.31199,0.0034,-0.00368,0.34066,0.12997,0.00115,0.08571,0.24482,0.00354,-0.00447,0.3425,0.14125,0.00152,0.08524
223,1777810740700,Neutral,0.32021,0.00329,-0.00355,0.33997,0.1291,0.00142,0.08484,0.26744,0.00346,-0.00419,0.34174,0.1376,0.00149,0.08512
224,1777810740733,Neutral,0.32772,0.00324,-0.00344,0.33836,0.12907,0.00157,0.08422,0.28552,0.00339,-0.00397,0.34073,0.13504,0.00152,0.08485
225,1777810740767,Neutral,0.33993,0.00304,-0.0035,0.33726,0.12699,0.00119,0.08382,0.30184,0.00329,-0.00383,0.33969,0.13263,0.00142,0.08454
226,1777810740799,Neutral,0.36865,0.00295,-0.00351,0.33592,0.12382,0.00109,0.08339,0.32188,0.00319,-0.00373,0.33856,0.12999,0.00132,0.08419
227,1777810740833,Sad,0.39161,0.00369,-0.00406,0.33393,0.11994,0.00042,0.08391,0.3428,0.00334,-0.00383,0.33717,0.12697,0.00105,0.08411
228,1777810740899,Sad,0.41076,0.03911,-0.00918,0.32523,0.11634,0.0023,0.08512,0.36319,0.01407,-0.00543,0.33359,0.12378,0.00143,0.08441
229,1777810740933,Sad,0.41405,0.08752,-0.01342,0.32162,0.11546,0.00289,0.08463,0.37845,0.0361,-0.00783,0.33,0.12129,0.00187,0.08448
230,1777810740966,Sad,0.41429,0.14215,-0.018,0.31868,0.11438,0.00333,0.08505,0.3892,0.06792,-0.01088,0.3266,0.11921,0.00231,0.08465
231,1777810741000,Sad,0.41359,0.1735,-0.02201,0.31706,0.11404,0.00299,0.08457,0.39652,0.09959,-0.01422,0.32374,0.11766,0.00251,0.08462
232,1777810741033,Sad,0.41193,0.21138,-0.02593,0.30888,0.11362,0.00253,0.08407,0.40114,0.13313,-0.01773,0.31928,0.11645,0.00252,0.08446
233,1777810741067,Fear,0.41237,0.22844,-0.02823,0.30803,0.11305,0.00166,0.08384,0.40451,0.16172,-0.02088,0.3159,0.11543,0.00226,0.08427
234,1777810741132,Fear,0.41585,0.24505,-0.03014,0.30753,0.11078,0.00031,0.08276,0.40791,0.18672,-0.02366,0.31339,0.11404,0.00167,0.08382
235,1777810741166,Fear,0.41464,0.25939,-0.0307,0.30736,0.11058,0.0007,0.08263,0.40993,0.20852,-0.02577,0.31158,0.113,0.00138,0.08346
236,1777810741200,Fear,0.41407,0.27156,-0.03127,0.30723,0.11061,0.00139,0.08212,0.41117,0.22743,-0.02742,0.31028,0.11228,0.00138,0.08306
237,1777810741234,Fear,0.412,0.28252,-0.03246,0.30719,0.11029,0.00277,0.08167,0.41142,0.24396,-0.02893,0.30935,0.11168,0.0018,0.08264
238,1777810741300,Fear,0.4098,0.3105,-0.03237,0.30699,0.11017,0.00288,0.07932,0.41094,0.26392,-0.02997,0.30864,0.11123,0.00212,0.08165
239,1777810741366,Fear,0.40389,0.33332,-0.03407,0.30625,0.10968,0.00504,0.07685,0.40882,0.28474,-0.0312,0.30792,0.11076,0.003,0.08021
240,1777810741398,Fear,0.40043,0.33095,-0.03444,0.30678,0.10952,0.00589,0.07611,0.40631,0.2986,-0.03217,0.30758,0.11039,0.00387,0.07898
241,1777810741432,Fear,0.39671,0.33156,-0.03463,0.30693,0.10928,0.00613,0.07578,0.40343,0.30849,-0.03291,0.30739,0.11006,0.00455,0.07802
242,1777810741467,Neutral,0.39366,0.33217,-0.0347,0.30699,0.1092,0.00603,0.07557,0.4005,0.3156,-0.03344,0.30727,0.1098,0.00499,0.07728
243,1777810741500,Neutral,0.39155,0.3339,-0.0349,0.30708,0.10932,0.006,0.07527,0.39781,0.32109,-0.03388,0.30721,0.10966,0.00529,0.07668
244,1777810741533,Neutral,0.39003,0.33736,-0.03519,0.30732,0.10958,0.00593,0.07492,0.39548,0.32597,-0.03427,0.30724,0.10963,0.00548,0.07615
245,1777810741566,Neutral,0.38889,0.33945,-0.03539,0.30718,0.10982,0.0059,0.07481,0.3935,0.33001,-0.03461,0.30722,0.10969,0.00561,0.07575
246,1777810741599,Neutral,0.3878,0.33955,-0.03572,0.30753,0.11006,0.00589,0.07463,0.39179,0.33287,-0.03494,0.30732,0.1098,0.00569,0.07541
247,1777810741633,Neutral,0.38541,0.34095,-0.0359,0.3082,0.11009,0.00593,0.0748,0.38987,0.33529,-0.03523,0.30758,0.10989,0.00576,0.07523
248,1777810741666,Neutral,0.38355,0.34257,-0.03604,0.30865,0.11009,0.0059,0.07499,0.38798,0.33748,-0.03547,0.3079,0.10995,0.00581,0.07516
249,1777810741700,Neutral,0.38176,0.34808,-0.03715,0.30877,0.11018,0.0061,0.07448,0.38611,0.34066,-0.03598,0.30816,0.11002,0.00589,0.07495
250,1777810741766,Neutral,0.37897,0.34909,-0.03714,0.30896,0.11081,0.00602,0.07442,0.38397,0.34319,-0.03633,0.3084,0.11026,0.00593,0.07479
251,1777810741832,Neutral,0.37864,0.34847,-0.03704,0.30927,0.11095,0.00619,0.07456,0.38237,0.34477,-0.03654,0.30866,0.11046,0.00601,0.07472
252,1777810741866,Neutral,0.3798,0.34914,-0.03695,0.3091,0.1107,0.00592,0.07466,0.3816,0.34608,-0.03666,0.30879,0.11053,0.00598,0.0747
253,1777810741899,Neutral,0.38187,0.3504,-0.03688,0.30891,0.1104,0.0056,0.07466,0.38168,0.34738,-0.03673,0.30883,0.11049,0.00587,0.07469
254,1777810741933,Neutral,0.38169,0.34842,-0.03659,0.30891,0.11049,0.005,0.07478,0.38168,0.34769,-0.03668,0.30885,0.11049,0.00561,0.07472
255,1777810742000,Neutral,0.38162,0.34777,-0.03613,0.30903,0.11059,0.00452,0.07526,0.38166,0.34771,-0.03652,0.30891,0.11052,0.00528,0.07488
256,1777810742032,Neutral,0.38138,0.34899,-0.03634,0.30912,0.11064,0.00474,0.07471,0.38158,0.3481,-0.03646,0.30897,0.11056,0.00512,0.07483
257,1777810742066,Neutral,0.38191,0.35106,-0.03642,0.309,0.11059,0.00495,0.07423,0.38168,0.34899,-0.03645,0.30898,0.11057,0.00507,0.07465
258,1777810742132,Neutral,0.39587,0.42326,-0.03755,0.30676,0.10831,0.00518,0.07427,0.38594,0.37127,-0.03678,0.30831,0.10989,0.0051,0.07454
259,1777810742167,Neutral,0.40059,0.45625,-0.03961,0.30514,0.10721,0.00621,0.07326,0.39033,0.39676,-0.03763,0.30736,0.10909,0.00543,0.07415
260,1777810742233,Neutral,0.40007,0.48759,-0.04291,0.30232,0.10682,0.00805,0.07255,0.39325,0.42401,-0.03921,0.30585,0.10841,0.00622,0.07367
261,1777810742299,Neutral,0.39978,0.51407,-0.04654,0.30012,0.10636,0.00826,0.07172,0.39521,0.45103,-0.04141,0.30413,0.10779,0.00683,0.07309
262,1777810742332,Neutral,0.40159,0.52762,-0.04835,0.29996,0.10585,0.0084,0.07173,0.39712,0.47401,-0.04349,0.30288,0.10721,0.0073,0.07268
263,1777810742365,Neutral,0.40445,0.53773,-0.05004,0.29973,0.10565,0.00868,0.0718,0.39932,0.49312,-0.04546,0.30193,0.10674,0.00771,0.07242
264,1777810742400,Neutral,0.40597,0.54721,-0.05124,0.29928,0.10579,0.00916,0.07192,0.40132,0.50935,-0.04719,0.30114,0.10646,0.00815,0.07227
265,1777810742466,Surprised,0.40635,0.55554,-0.05256,0.2987,0.10595,0.00845,0.07183,0.40283,0.52321,-0.0488,0.30041,0.10631,0.00824,0.07214
266,1777810742499,Surprised,0.40623,0.56104,-0.05312,0.29839,0.10593,0.00836,0.07209,0.40385,0.53456,-0.0501,0.2998,0.10619,0.00827,0.07212
267,1777810742532,Surprised,0.40588,0.56193,-0.05339,0.29838,0.10596,0.00826,0.0722,0.40446,0.54277,-0.05108,0.29938,0.10612,0.00827,0.07214
268,1777810742566,Surprised,0.4059,0.56206,-0.0536,0.29822,0.10591,0.00824,0.07226,0.40489,0.54856,-0.05184,0.29903,0.10606,0.00826,0.07218
269,1777810742599,Surprised,0.40626,0.56266,-0.05375,0.29818,0.1058,0.00806,0.07227,0.4053,0.55279,-0.05241,0.29877,0.10598,0.0082,0.0722
270,1777810742632,Surprised,0.40807,0.56344,-0.05387,0.29792,0.10555,0.00797,0.07244,0.40613,0.55598,-0.05285,0.29852,0.10585,0.00813,0.07228
271,1777810742665,Surprised,0.40869,0.55976,-0.0535,0.29795,0.10513,0.0082,0.07279,0.4069,0.55712,-0.05304,0.29835,0.10563,0.00815,0.07243
272,1777810742699,Surprised,0.40987,0.5571,-0.0532,0.29776,0.10443,0.00797,0.0728,0.40779,0.55711,-0.05309,0.29817,0.10527,0.0081,0.07254
273,1777810742765,Surprised,0.40804,0.54874,-0.05212,0.29764,0.10437,0.00852,0.07295,0.40787,0.5546,-0.0528,0.29801,0.105,0.00822,0.07266
274,1777810742798,Surprised,0.40725,0.54969,-0.05228,0.2979,0.10431,0.00866,0.07288,0.40768,0.55313,-0.05264,0.29798,0.10479,0.00835,0.07273
275,1777810742832,Surprised,0.40952,0.5494,-0.05266,0.29801,0.1041,0.00876,0.07255,0.40823,0.55201,-0.05265,0.29799,0.10459,0.00847,0.07268
276,1777810742866,Surprised,0.40939,0.5483,-0.05281,0.29818,0.10445,0.00864,0.07245,0.40858,0.5509,-0.0527,0.29805,0.10454,0.00852,0.07261
277,1777810742933,Surprised,0.40665,0.54662,-0.05269,0.2995,0.10505,0.00847,0.07287,0.408,0.54961,-0.0527,0.29848,0.1047,0.00851,0.07269
278,1777810742965,Surprised,0.40572,0.54418,-0.05206,0.29948,0.10533,0.00837,0.07369,0.40732,0.54798,-0.05251,0.29878,0.10489,0.00846,0.07299
279,1777810742999,Surprised,0.40435,0.5448,-0.05223,0.2995,0.10562,0.00837,0.07361,0.40643,0.54703,-0.05242,0.299,0.10511,0.00844,0.07317
280,1777810743032,Surprised,0.40448,0.54363,-0.05148,0.29958,0.10562,0.00855,0.07382,0.40584,0.54601,-0.05214,0.29917,0.10526,0.00847,0.07337
281,1777810743065,Surprised,0.4047,0.54501,-0.05164,0.30014,0.10528,0.00823,0.07365,0.4055,0.54571,-0.05199,0.29946,0.10527,0.0084,0.07345
282,1777810743100,Surprised,0.40481,0.54638,-0.05217,0.30007,0.10547,0.00807,0.07367,0.40529,0.54591,-0.05204,0.29964,0.10533,0.0083,0.07352
283,1777810743166,Surprised,0.40164,0.53967,-0.05145,0.29941,0.10581,0.00717,0.07323,0.40419,0.54404,-0.05186,0.29957,0.10547,0.00796,0.07343
284,1777810743231,Neutral,0.39733,0.53435,-0.05135,0.29888,0.10645,0.00865,0.07321,0.40214,0.54113,-0.05171,0.29936,0.10576,0.00817,0.07336
285,1777810743264,Neutral,0.39729,0.53075,-0.05108,0.29866,0.10644,0.00867,0.07311,0.40068,0.53802,-0.05152,0.29915,0.10597,0.00832,0.07329
286,1777810743298,Neutral,0.39753,0.52865,-0.0506,0.29873,0.10645,0.00821,0.07384,0.39974,0.53521,-0.05124,0.29903,0.10611,0.00829,0.07345
287,1777810743333,Neutral,0.40012,0.52471,-0.05017,0.29911,0.10647,0.0084,0.07476,0.39985,0.53206,-0.05092,0.29905,0.10622,0.00832,0.07385
288,1777810743399,Neutral,0.40115,0.52653,-0.04992,0.29962,0.10672,0.00903,0.0755,0.40024,0.5304,-0.05062,0.29922,0.10637,0.00853,0.07434
289,1777810743432,Neutral,0.40159,0.52557,-0.04986,0.30033,0.10691,0.00898,0.07578,0.40064,0.52895,-0.05039,0.29956,0.10653,0.00867,0.07477
290,1777810743464,Neutral,0.40198,0.52548,-0.0499,0.30094,0.10672,0.00895,0.07559,0.40104,0.52791,-0.05025,0.29997,0.10659,0.00875,0.07502
291,1777810743497,Neutral,0.40273,0.52496,-0.04998,0.30101,0.10658,0.00897,0.0756,0.40155,0.52702,-0.05017,0.30028,0.10659,0.00882,0.07519
292,1777810743531,Neutral,0.40262,0.52456,-0.04996,0.30107,0.10649,0.00886,0.07547,0.40187,0.52628,-0.0501,0.30052,0.10656,0.00883,0.07528
293,1777810743565,Neutral,0.40281,0.52331,-0.04989,0.30125,0.10646,0.00858,0.07543,0.40215,0.52539,-0.05004,0.30074,0.10653,0.00876,0.07532
294,1777810743598,Surprised,0.40444,0.51845,-0.04989,0.30129,0.10615,0.00889,0.07496,0.40284,0.52331,-0.05,0.3009,0.10641,0.0088,0.07521
295,1777810743666,Surprised,0.40538,0.51864,-0.0499,0.30149,0.10577,0.00911,0.07481,0.4036,0.52191,-0.04997,0.30108,0.10622,0.00889,0.07509
296,1777810743732,Surprised,0.40325,0.52097,-0.05061,0.30146,0.10594,0.00898,0.07452,0.4035,0.52163,-0.05016,0.30119,0.10614,0.00892,0.07492
297,1777810743799,Surprised,0.40661,0.52218,-0.05065,0.30195,0.10566,0.00917,0.07466,0.40443,0.52179,-0.05031,0.30142,0.106,0.00899,0.07484
298,1777810743866,Surprised,0.41312,0.52149,-0.05069,0.30218,0.10474,0.00953,0.07458,0.40704,0.5217,-0.05042,0.30165,0.10562,0.00916,0.07476
299,1777810743932,Surprised,0.4112,0.52734,-0.05128,0.30195,0.1045,0.01011,0.07468,0.40829,0.52339,-0.05068,0.30174,0.10528,0.00944,0.07474
300,1777810743998,Surprised,0.40873,0.5273,-0.05132,0.30268,0.10495,0.00983,0.07502,0.40842,0.52456,-0.05087,0.30202,0.10518,0.00956,0.07482
301,1777810744032,Surprised,0.40817,0.52783,-0.05113,0.30275,0.10497,0.00974,0.07511,0.40834,0.52554,-0.05095,0.30224,0.10512,0.00961,0.07491
302,1777810744099,Surprised,0.40807,0.52675,-0.05045,0.30271,0.1052,0.00956,0.07473,0.40826,0.5259,-0.0508,0.30238,0.10514,0.0096,0.07485
303,1777810744131,Surprised,0.40889,0.52535,-0.05023,0.30256,0.10527,0.00946,0.07465,0.40845,0.52574,-0.05063,0.30243,0.10518,0.00956,0.07479
304,1777810744165,Surprised,0.40777,0.52379,-0.05011,0.30261,0.10557,0.00914,0.07489,0.40824,0.52515,-0.05047,0.30249,0.1053,0.00943,0.07482
305,1777810744197,Surprised,0.40742,0.5235,-0.05029,0.30265,0.10582,0.00878,0.07478,0.408,0.52466,-0.05042,0.30254,0.10545,0.00924,0.07481
306,1777810744230,Surprised,0.40667,0.52313,-0.05052,0.30278,0.10614,0.0088,0.07487,0.4076,0.5242,-0.05045,0.30261,0.10566,0.00911,0.07483
307,1777810744298,Surprised,0.40182,0.52356,-0.05065,0.30325,0.10625,0.00897,0.07525,0.40586,0.52401,-0.05051,0.3028,0.10583,0.00907,0.07495
308,1777810744332,Surprised,0.40118,0.52443,-0.05065,0.30331,0.10638,0.00903,0.07518,0.40446,0.52413,-0.05055,0.30296,0.106,0.00906,0.07502
309,1777810744398,Surprised,0.40083,0.52824,-0.05094,0.3032,0.10642,0.0087,0.07469,0.40337,0.52536,-0.05067,0.30303,0.10613,0.00895,0.07492
310,1777810744432,Surprised,0.40157,0.52657,-0.05122,0.30298,0.1061,0.00882,0.07405,0.40283,0.52572,-0.05083,0.30302,0.10612,0.00891,0.07466
311,1777810744465,Neutral,0.4003,0.52904,-0.05159,0.30285,0.1062,0.00879,0.07355,0.40207,0.52672,-0.05106,0.30296,0.10614,0.00887,0.07433
312,1777810744499,Neutral,0.39845,0.52888,-0.05144,0.30272,0.10652,0.00838,0.07372,0.40098,0.52737,-0.05118,0.30289,0.10626,0.00872,0.07414
313,1777810744565,Neutral,0.3985,0.52881,-0.05156,0.30249,0.10661,0.00834,0.0738,0.40024,0.5278,-0.05129,0.30277,0.10636,0.00861,0.07404
314,1777810744631,Neutral,0.39878,0.53036,-0.05155,0.30281,0.10665,0.0088,0.074,0.3998,0.52857,-0.05137,0.30278,0.10645,0.00867,0.07403
315,1777810744664,Neutral,0.39928,0.52989,-0.05152,0.30278,0.10674,0.00893,0.07413,0.39964,0.52896,-0.05141,0.30278,0.10654,0.00875,0.07406
316,1777810744698,Neutral,0.39846,0.52779,-0.05133,0.30272,0.10684,0.00912,0.07438,0.39929,0.52861,-0.05139,0.30276,0.10663,0.00886,0.07416
317,1777810744733,Neutral,0.39733,0.52716,-0.05135,0.30296,0.10693,0.00952,0.07461,0.3987,0.52818,-0.05138,0.30282,0.10672,0.00906,0.07429
318,1777810744798,Neutral,0.39725,0.52355,-0.05154,0.30319,0.10699,0.00976,0.07408,0.39827,0.52679,-0.05143,0.30293,0.1068,0.00927,0.07423
319,1777810744831,Neutral,0.39721,0.52187,-0.0515,0.30306,0.10695,0.00981,0.07415,0.39795,0.52531,-0.05145,0.30297,0.10684,0.00943,0.07421
320,1777810744865,Neutral,0.39719,0.52186,-0.05146,0.30312,0.10696,0.00976,0.07428,0.39772,0.52428,-0.05145,0.30302,0.10688,0.00953,0.07423
321,1777810744898,Neutral,0.39716,0.52229,-0.05148,0.30308,0.10705,0.00975,0.07428,0.39755,0.52368,-0.05146,0.30303,0.10693,0.0096,0.07424
322,1777810744931,Neutral,0.39739,0.52283,-0.05163,0.30307,0.10708,0.00984,0.07402,0.3975,0.52343,-0.05151,0.30305,0.10698,0.00967,0.07418
323,1777810744965,Neutral,0.39738,0.5217,-0.05159,0.30322,0.10719,0.00991,0.074,0.39747,0.52291,-0.05153,0.3031,0.10704,0.00974,0.07412
324,1777810745032,Neutral,0.37692,0.51326,-0.05154,0.30437,0.11213,0.00971,0.07393,0.3913,0.52001,-0.05153,0.30348,0.10857,0.00973,0.07406
325,1777810745064,Neutral,0.37275,0.5101,-0.05158,0.30462,0.11329,0.00965,0.07371,0.38574,0.51704,-0.05155,0.30382,0.10998,0.00971,0.07396
326,1777810745098,Neutral,0.37013,0.50849,-0.05147,0.30484,0.11412,0.00979,0.07356,0.38106,0.51448,-0.05153,0.30413,0.11123,0.00973,0.07384
327,1777810745130,Neutral,0.36932,0.50458,-0.05151,0.30503,0.11465,0.00984,0.07343,0.37754,0.51151,-0.05152,0.3044,0.11225,0.00977,0.07372
328,1777810745164,Neutral,0.37036,0.49956,-0.05138,0.30512,0.11472,0.00988,0.07348,0.37538,0.50792,-0.05148,0.30461,0.11299,0.0098,0.07365
329,1777810745199,Neutral,0.37126,0.49879,-0.051,0.30505,0.11477,0.0096,0.07353,0.37414,0.50518,-0.05134,0.30474,0.11352,0.00974,0.07361
330,1777810745265,Neutral,0.37375,0.49766,-0.05095,0.30488,0.11457,0.00985,0.07341,0.37403,0.50293,-0.05122,0.30478,0.11384,0.00977,0.07355
331,1777810745331,Neutral,0.38141,0.49685,-0.05055,0.30425,0.11377,0.01033,0.07381,0.37624,0.5011,-0.05102,0.30462,0.11382,0.00994,0.07363
332,1777810745364,Neutral,0.38432,0.49689,-0.05038,0.30398,0.11378,0.01037,0.07378,0.37866,0.49984,-0.05083,0.30443,0.11381,0.01007,0.07367
333,1777810745432,Neutral,0.39107,0.49867,-0.05058,0.30377,0.1132,0.01039,0.07349,0.38239,0.49949,-0.05075,0.30423,0.11362,0.01016,0.07362
334,1777810745497,Neutral,0.40122,0.49947,-0.05031,0.30301,0.1122,0.01004,0.07409,0.38804,0.49948,-0.05062,0.30387,0.1132,0.01013,0.07376
335,1777810745565,Neutral,0.40452,0.49675,-0.04979,0.30284,0.11177,0.01059,0.07403,0.39298,0.49866,-0.05037,0.30356,0.11277,0.01027,0.07384
336,1777810745631,Neutral,0.40382,0.4949,-0.0489,0.30251,0.11194,0.00987,0.07396,0.39623,0.49753,-0.04993,0.30324,0.11252,0.01015,0.07388
337,1777810745665,Neutral,0.40378,0.49448,-0.04877,0.3024,0.1119,0.00992,0.07395,0.3985,0.49662,-0.04958,0.30299,0.11234,0.01008,0.0739
338,1777810745698,Neutral,0.40382,0.49412,-0.04861,0.30258,0.11188,0.01,0.0742,0.4001,0.49587,-0.04929,0.30287,0.1122,0.01005,0.07399
339,1777810745732,Neutral,0.40334,0.49532,-0.04863,0.30257,0.11199,0.01013,0.07422,0.40107,0.4957,-0.04909,0.30278,0.11214,0.01008,0.07406
340,1777810745764,Neutral,0.4029,0.49603,-0.04864,0.30255,0.11202,0.01014,0.07421,0.40162,0.4958,-0.04896,0.30271,0.1121,0.0101,0.0741
341,1777810745797,Neutral,0.40343,0.49569,-0.04875,0.30266,0.11209,0.01032,0.07426,0.40216,0.49577,-0.04889,0.3027,0.1121,0.01016,0.07415
342,1777810745831,Surprised,0.4033,0.49448,-0.04864,0.30239,0.11213,0.01067,0.07434,0.4025,0.49538,-0.04882,0.3026,0.11211,0.01032,0.07421
343,1777810745864,Surprised,0.40201,0.49353,-0.0486,0.30221,0.11214,0.01076,0.07439,0.40235,0.49483,-0.04875,0.30249,0.11212,0.01045,0.07426
344,1777810745899,Neutral,0.40152,0.49083,-0.04825,0.30177,0.11218,0.01106,0.07426,0.4021,0.49363,-0.0486,0.30227,0.11213,0.01063,0.07426
345,1777810745965,Neutral,0.40124,0.48617,-0.04721,0.30177,0.11154,0.01129,0.07468,0.40184,0.49139,-0.04819,0.30212,0.11196,0.01083,0.07439
346,1777810745997,Neutral,0.40124,0.49125,-0.04729,0.30185,0.11133,0.01136,0.07485,0.40166,0.49135,-0.04792,0.30204,0.11177,0.01099,0.07453
347,1777810746031,Neutral,0.40054,0.49643,-0.04785,0.3021,0.11147,0.01157,0.07452,0.40133,0.49287,-0.0479,0.30206,0.11168,0.01116,0.07452
348,1777810746064,Neutral,0.4027,0.49757,-0.04832,0.30212,0.11127,0.01183,0.07367,0.40174,0.49428,-0.04802,0.30208,0.11156,0.01136,0.07427
349,1777810746098,Neutral,0.4015,0.49927,-0.04854,0.30211,0.11148,0.01201,0.07294,0.40167,0.49578,-0.04818,0.30209,0.11153,0.01156,0.07387
350,1777810746131,Neutral,0.40119,0.50461,-0.04943,0.30217,0.11194,0.01143,0.07263,0.40152,0.49843,-0.04856,0.30211,0.11166,0.01152,0.0735
351,1777810746164,Neutral,0.40066,0.50621,-0.05016,0.30223,0.11201,0.01137,0.07237,0.40127,0.50076,-0.04904,0.30215,0.11176,0.01148,0.07316
352,1777810746198,Neutral,0.40093,0.50571,-0.05048,0.30204,0.11203,0.01124,0.07227,0.40116,0.50225,-0.04947,0.30212,0.11184,0.0114,0.07289
353,1777810746231,Neutral,0.40061,0.49987,-0.0499,0.30203,0.11173,0.01109,0.07296,0.401,0.50154,-0.0496,0.30209,0.11181,0.01131,0.07291
354,1777810746297,Neutral,0.39674,0.49991,-0.05008,0.30149,0.11207,0.01161,0.07273,0.39972,0.50105,-0.04975,0.30191,0.11189,0.0114,0.07286
355,1777810746331,Neutral,0.39701,0.49816,-0.04991,0.30147,0.11211,0.01165,0.07306,0.39891,0.50018,-0.04979,0.30178,0.11195,0.01148,0.07292
356,1777810746364,Neutral,0.3971,0.49936,-0.05013,0.30098,0.1116,0.01123,0.07297,0.39837,0.49993,-0.0499,0.30154,0.11185,0.0114,0.07293
357,1777810746431,Neutral,0.39491,0.49379,-0.04976,0.30015,0.11081,0.00966,0.07364,0.39733,0.49809,-0.04985,0.30112,0.11154,0.01088,0.07314
358,1777810746497,Neutral,0.39377,0.49528,-0.04847,0.29932,0.10975,0.00934,0.07364,0.39626,0.49725,-0.04944,0.30058,0.111,0.01042,0.07329
359,1777810746530,Neutral,0.39378,0.49811,-0.04844,0.29927,0.1093,0.00887,0.07408,0.39552,0.49751,-0.04914,0.30019,0.11049,0.00995,0.07353
360,1777810746564,Neutral,0.39478,0.49461,-0.04833,0.29967,0.1089,0.00888,0.07476,0.3953,0.49664,-0.0489,0.30003,0.11001,0.00963,0.0739
361,1777810746598,Neutral,0.39603,0.49525,-0.04875,0.29995,0.10847,0.009,0.07565,0.39552,0.49622,-0.04885,0.30001,0.10955,0.00944,0.07442
362,1777810746665,Neutral,0.39702,0.49569,-0.04914,0.29966,0.10781,0.00894,0.07595,0.39597,0.49606,-0.04894,0.2999,0.10903,0.00929,0.07488
363,1777810746731,Neutral,0.39669,0.49379,-0.04926,0.29966,0.10751,0.00933,0.07583,0.39618,0.49538,-0.04904,0.29983,0.10857,0.0093,0.07517
364,1777810746764,Neutral,0.39602,0.49465,-0.04965,0.29999,0.10754,0.00958,0.07562,0.39613,0.49516,-0.04922,0.29988,0.10826,0.00939,0.0753
365,1777810746797,Neutral,0.39575,0.49407,-0.04965,0.3002,0.10756,0.00958,0.07555,0.39602,0.49484,-0.04935,0.29997,0.10805,0.00944,0.07538
366,1777810746832,Neutral,0.39601,0.49486,-0.0498,0.30014,0.10753,0.00956,0.0755,0.39602,0.49484,-0.04948,0.30003,0.10789,0.00948,0.07541
367,1777810746897,Neutral,0.3944,0.49517,-0.04981,0.30084,0.1074,0.00982,0.07566,0.39553,0.49494,-0.04958,0.30027,0.10775,0.00958,0.07549
368,1777810746964,Neutral,0.39388,0.49534,-0.05004,0.3009,0.10754,0.0099,0.07569,0.39504,0.49506,-0.04972,0.30046,0.10769,0.00968,0.07555
369,1777810746997,Neutral,0.39339,0.49442,-0.05028,0.30104,0.10734,0.01012,0.07553,0.39454,0.49487,-0.04989,0.30063,0.10758,0.00981,0.07554
370,1777810747030,Neutral,0.39402,0.49356,-0.05057,0.30099,0.10687,0.01032,0.07527,0.39439,0.49448,-0.05009,0.30074,0.10737,0.00996,0.07546
371,1777810747064,Neutral,0.39436,0.49416,-0.05063,0.30098,0.10677,0.01043,0.07519,0.39438,0.49438,-0.05025,0.30081,0.10719,0.0101,0.07538
372,1777810747132,Neutral,0.39633,0.4984,-0.0509,0.30063,0.10646,0.01127,0.07525,0.39496,0.49559,-0.05045,0.30076,0.10697,0.01045,0.07534
373,1777810747196,Neutral,0.39473,0.493,-0.04981,0.30052,0.10633,0.01038,0.07483,0.39489,0.49481,-0.05026,0.30068,0.10678,0.01043,0.07519
374,1777810747229,Neutral,0.39367,0.49237,-0.04977,0.30047,0.10652,0.01038,0.07481,0.39453,0.49408,-0.05011,0.30062,0.1067,0.01042,0.07507
375,1777810747298,Neutral,0.38848,0.48086,-0.0504,0.3003,0.10716,0.01056,0.074,0.39271,0.49011,-0.0502,0.30052,0.10684,0.01046,0.07475
376,1777810747363,Neutral,0.28692,0.29433,-0.03797,0.30416,0.1308,0.00561,0.08275,0.36098,0.43138,-0.04653,0.30162,0.11403,0.00901,0.07715
377,1777810747432,Neutral,0.12023,0.03831,-0.01126,0.30726,0.16172,0.00558,0.084,0.28875,0.31346,-0.03595,0.30331,0.12833,0.00798,0.07921
378,1777810747464,Neutral,0.16589,0.01636,-0.00268,0.31655,0.15364,0.00339,0.0857,0.25189,0.22433,-0.02597,0.30728,0.13593,0.0066,0.08116
379,1777810747498,Neutral,0.16974,0.00271,0.0004,0.32602,0.15304,0.00404,0.08623,0.22725,0.15784,-0.01806,0.3129,0.14106,0.00583,0.08268
380,1777810747533,Neutral,0.17531,0.00517,0.00112,0.33219,0.15119,0.00384,0.0869,0.21166,0.11204,-0.0123,0.31869,0.1441,0.00523,0.08395
381,1777810747599,Neutral,0.05297,0.00316,-8e-05,0.33634,0.17261,0.00428,0.08769,0.16406,0.07938,-0.00864,0.32399,0.15265,0.00495,0.08507
382,1777810747663,Neutral,0.0258,0.00283,-0.00037,0.33618,0.1818,0.00483,0.0878,0.12258,0.05641,-0.00616,0.32764,0.1614,0.00491,0.08589
383,1777810747697,Neutral,0.02349,0.00262,-0.00093,0.33696,0.18282,0.00503,0.08751,0.09285,0.04028,-0.00459,0.33044,0.16782,0.00495,0.08638
384,1777810747732,Neutral,0.04909,0.00432,-0.00098,0.33919,0.17573,0.00473,0.08773,0.07972,0.02949,-0.00351,0.33307,0.1702,0.00488,0.08678
385,1777810747766,Neutral,0.08742,0.00435,-0.00075,0.34136,0.16915,0.00418,0.08739,0.08203,0.02195,-0.00268,0.33555,0.16988,0.00467,0.08696
386,1777810747799,Neutral,0.16618,0.00268,-0.00041,0.34167,0.15649,0.00409,0.08711,0.10728,0.01617,-0.002,0.33739,0.16587,0.0045,0.08701
387,1777810747831,Neutral,0.21111,0.00265,-0.00029,0.34132,0.15033,0.00392,0.08669,0.13843,0.01211,-0.00148,0.33857,0.1612,0.00432,0.08691
388,1777810747864,Neutral,0.23519,0.00242,-0.00037,0.34131,0.14832,0.00376,0.08654,0.16745,0.00921,-0.00115,0.33939,0.15734,0.00415,0.0868
389,1777810747898,Neutral,0.25318,0.00269,-6e-05,0.34144,0.14768,0.00166,0.08576,0.19317,0.00725,-0.00082,0.34,0.15444,0.00341,0.08649
390,1777810747932,Neutral,0.26171,0.00363,0.00023,0.34271,0.14734,0.00137,0.08535,0.21373,0.00616,-0.00051,0.34081,0.15231,0.00279,0.08615
391,1777810747999,Neutral,0.27683,0.00383,9e-05,0.34405,0.14766,0.00137,0.08445,0.23266,0.00546,-0.00033,0.34178,0.15092,0.00237,0.08564
392,1777810748032,Neutral,0.28361,0.00403,-0.00034,0.34593,0.14782,0.00087,0.08365,0.24795,0.00504,-0.00033,0.34303,0.14999,0.00192,0.08504
393,1777810748065,Neutral,0.30502,0.00466,-0.00237,0.35113,0.14549,0.00229,0.08154,0.26507,0.00492,-0.00094,0.34546,0.14864,0.00203,0.08399
394,1777810748098,Neutral,0.31155,0.00338,-0.00505,0.3545,0.14383,0.00018,0.07763,0.27902,0.00446,-0.00217,0.34817,0.1472,0.00147,0.08208
395,1777810748132,Neutral,0.30738,0.00298,-0.00454,0.3486,0.14468,0.00052,0.08071,0.28752,0.00401,-0.00288,0.3483,0.14644,0.00119,0.08167
396,1777810748197,Neutral,0.29518,0.00335,-0.00352,0.34687,0.145,0.00154,0.08118,0.28982,0.00382,-0.00308,0.34787,0.14601,0.00129,0.08152
397,1777810748230,Neutral,0.29735,0.00223,-0.00441,0.35297,0.1441,0.00243,0.08022,0.29208,0.00334,-0.00348,0.3494,0.14544,0.00163,0.08113
398,1777810748263,Neutral,0.3019,0.0017,-0.0056,0.35525,0.14301,0.00445,0.08006,0.29503,0.00285,-0.00411,0.35116,0.14471,0.00248,0.08081
399,1777810748298,Neutral,0.2986,0.00305,-0.00489,0.35379,0.14403,0.00619,0.08062,0.2961,0.00291,-0.00435,0.35195,0.1445,0.00359,0.08075
400,1777810748332,Neutral,0.29855,0.00351,-0.00415,0.35204,0.14307,0.0064,0.08013,0.29683,0.00309,-0.00429,0.35198,0.14408,0.00443,0.08057
401,1777810748398,Neutral,0.28683,0.00455,-0.00358,0.35032,0.1457,0.00558,0.07935,0.29383,0.00353,-0.00408,0.35148,0.14456,0.00478,0.0802
402,1777810748432,Neutral,0.20281,0.00439,-0.00391,0.34643,0.16182,0.00536,0.0797,0.26653,0.00379,-0.00403,0.34997,0.14974,0.00495,0.08005
403,1777810748465,Neutral,0.07033,0.00324,-0.00486,0.34172,0.18482,0.00754,0.07973,0.20767,0.00362,-0.00428,0.34749,0.16026,0.00573,0.07995
404,1777810748499,Neutral,0.07165,0.00228,-0.00521,0.33955,0.18325,0.00748,0.07996,0.16686,0.00322,-0.00456,0.34511,0.16716,0.00625,0.07996
405,1777810748532,Neutral,0.06683,0.00211,-0.0051,0.3381,0.18036,0.00739,0.08039,0.13685,0.00289,-0.00472,0.34301,0.17112,0.00659,0.08009
406,1777810748595,Neutral,0.22326,0.00358,-0.00389,0.32996,0.14791,0.01106,0.08309,0.16278,0.0031,-0.00447,0.33909,0.16416,0.00793,0.08099
407,1777810748631,Neutral,0.26551,0.00554,-0.0025,0.32614,0.14065,0.00853,0.08538,0.1936,0.00383,-0.00388,0.33521,0.1571,0.00811,0.08231
408,1777810748664,Neutral,0.2848,0.0049,0.00093,0.32605,0.13761,0.00526,0.08597,0.22096,0.00415,-0.00244,0.33246,0.15126,0.00726,0.0834
409,1777810748699,Neutral,0.29535,0.00335,0.00061,0.32573,0.13415,0.00494,0.08603,0.24328,0.00391,-0.00152,0.33044,0.14612,0.00656,0.08419
410,1777810748765,Neutral,0.31313,0.0092,-0.00479,0.32865,0.13376,0.00055,0.08343,0.26423,0.0055,-0.0025,0.3299,0.14241,0.00476,0.08396
411,1777810748798,Neutral,0.3077,0.01725,-0.00634,0.32978,0.13614,0.00093,0.08363,0.27727,0.00902,-0.00365,0.32986,0.14053,0.00361,0.08387
412,1777810748831,Neutral,0.31996,0.01081,-0.0064,0.32433,0.13218,0.00085,0.08418,0.29008,0.00956,-0.00448,0.32821,0.13803,0.00278,0.08396
413,1777810748898,Neutral,0.32252,0.04735,-0.00935,0.32683,0.1318,0.0007,0.08338,0.29981,0.0209,-0.00594,0.32779,0.13616,0.00216,0.08379
414,1777810748933,Neutral,0.3149,0.08178,-0.01385,0.32444,0.13313,0.00161,0.08453,0.30434,0.03916,-0.00831,0.32679,0.13525,0.00199,0.08401
415,1777810748999,Neutral,0.34504,0.1079,-0.01798,0.3106,0.13512,0.00371,0.08768,0.31655,0.05979,-0.01121,0.32193,0.13521,0.00251,0.08511
416,1777810749030,Neutral,0.33121,0.14585,-0.02394,0.30143,0.13445,0.00634,0.08656,0.32095,0.08561,-0.01503,0.31578,0.13498,0.00366,0.08555
417,1777810749063,Neutral,0.33748,0.15576,-0.0245,0.30896,0.13175,0.00684,0.08455,0.32591,0.10665,-0.01787,0.31374,0.13401,0.00461,0.08525
418,1777810749097,Neutral,0.32533,0.17185,-0.02727,0.31441,0.13495,0.00626,0.08209,0.32573,0.12621,-0.02069,0.31394,0.13429,0.00511,0.0843
419,1777810749131,Neutral,0.32188,0.16334,-0.02587,0.31466,0.13601,0.00624,0.0815,0.32458,0.13735,-0.02224,0.31416,0.13481,0.00545,0.08346
420,1777810749166,Neutral,0.31382,0.1546,-0.02514,0.31945,0.13466,0.00237,0.082,0.32135,0.14252,-0.02311,0.31574,0.13477,0.00453,0.08302
421,1777810749231,Neutral,0.32079,0.13087,-0.02051,0.31417,0.13331,0.00495,0.08073,0.32118,0.13903,-0.02233,0.31527,0.13433,0.00465,0.08233
422,1777810749262,Neutral,0.31385,0.12581,-0.01999,0.32085,0.13363,0.00442,0.08228,0.31898,0.13506,-0.02163,0.31694,0.13412,0.00458,0.08232
423,1777810749297,Neutral,0.31888,0.12707,-0.0205,0.32287,0.13304,0.00448,0.08202,0.31895,0.13266,-0.02129,0.31872,0.13379,0.00455,0.08223
424,1777810749331,Neutral,0.32191,0.12666,-0.01998,0.31955,0.13171,0.0043,0.08172,0.31984,0.13086,-0.0209,0.31897,0.13317,0.00447,0.08208
425,1777810749398,Neutral,0.32566,0.15836,-0.0247,0.31481,0.1311,0.00521,0.07944,0.32159,0.13911,-0.02204,0.31772,0.13255,0.0047,0.08129
426,1777810749464,Sad,0.41144,0.24761,-0.02955,0.3071,0.11141,0.00462,0.07882,0.34854,0.17166,-0.02429,0.31454,0.12621,0.00467,0.08055
427,1777810749498,Sad,0.42941,0.33021,-0.03594,0.30775,0.10476,0.00282,0.07691,0.3728,0.21923,-0.02779,0.3125,0.11977,0.00412,0.07946
428,1777810749564,Sad,0.44683,0.46892,-0.0451,0.31166,0.10168,0.00292,0.07693,0.39501,0.29413,-0.03298,0.31225,0.11435,0.00376,0.0787
429,1777810749598,Surprised,0.44886,0.50347,-0.04766,0.31031,0.09969,0.00455,0.07595,0.41116,0.35693,-0.03738,0.31167,0.10995,0.004,0.07787
430,1777810749633,Surprised,0.45024,0.52924,-0.05001,0.30861,0.09869,0.00515,0.07647,0.42289,0.40862,-0.04117,0.31075,0.10657,0.00434,0.07745
431,1777810749698,Surprised,0.45445,0.53902,-0.05125,0.30607,0.09762,0.00715,0.07792,0.43235,0.44774,-0.0442,0.30935,0.10389,0.00519,0.07759
432,1777810749731,Surprised,0.44906,0.54601,-0.05174,0.30549,0.09795,0.00566,0.07855,0.43736,0.47722,-0.04646,0.30819,0.1021,0.00533,0.07788
433,1777810749764,Surprised,0.44652,0.54695,-0.05274,0.30497,0.09818,0.00524,0.07897,0.44011,0.49814,-0.04834,0.30723,0.10093,0.0053,0.07821
434,1777810749797,Surprised,0.44244,0.54536,-0.05355,0.30483,0.09897,0.00516,0.07846,0.44081,0.5123,-0.0499,0.30651,0.10034,0.00526,0.07828
435,1777810749831,Surprised,0.43239,0.54469,-0.05368,0.30561,0.10006,0.00572,0.07745,0.43829,0.52202,-0.05104,0.30624,0.10026,0.0054,0.07803
436,1777810749865,Surprised,0.43402,0.54361,-0.05418,0.30475,0.10009,0.00651,0.07659,0.43701,0.5285,-0.05198,0.30579,0.10021,0.00573,0.0776
437,1777810749932,Surprised,0.43155,0.53764,-0.05272,0.30585,0.10081,0.00646,0.07741,0.43537,0.53124,-0.0522,0.30581,0.10039,0.00595,0.07754
438,1777810749998,Surprised,0.42307,0.53406,-0.05318,0.30477,0.10177,0.00789,0.07599,0.43168,0.53209,-0.0525,0.3055,0.1008,0.00653,0.07708
439,1777810750063,Surprised,0.42213,0.52772,-0.05247,0.30389,0.10183,0.0083,0.07561,0.42881,0.53078,-0.05249,0.30501,0.10111,0.00706,0.07664
440,1777810750130,Surprised,0.42224,0.52633,-0.05239,0.30445,0.10197,0.00821,0.07591,0.42684,0.52944,-0.05246,0.30485,0.10137,0.00741,0.07642
441,1777810750164,Surprised,0.42236,0.52506,-0.05237,0.30506,0.102,0.00815,0.07597,0.4255,0.52813,-0.05243,0.30491,0.10156,0.00763,0.07628
442,1777810750197,Surprised,0.42234,0.52457,-0.05243,0.30555,0.10208,0.00811,0.07589,0.42455,0.52706,-0.05243,0.3051,0.10171,0.00777,0.07616
443,1777810750231,Surprised,0.42219,0.5237,-0.05246,0.30588,0.10212,0.00808,0.07584,0.42384,0.52605,-0.05244,0.30533,0.10184,0.00787,0.07607
444,1777810750297,Surprised,0.42076,0.52048,-0.05243,0.30653,0.10221,0.00825,0.07566,0.42292,0.52438,-0.05244,0.30569,0.10195,0.00798,0.07595
445,1777810750332,Surprised,0.41815,0.51984,-0.0525,0.30701,0.10245,0.00825,0.07479,0.42149,0.52302,-0.05246,0.30609,0.1021,0.00806,0.0756
446,1777810750398,Surprised,0.41648,0.5199,-0.05269,0.30734,0.10289,0.00818,0.07446,0.41999,0.52208,-0.05253,0.30646,0.10234,0.0081,0.07526
447,1777810750463,Surprised,0.41378,0.35468,-0.04036,0.31437,0.10517,0.00351,0.07816,0.41812,0.47186,-0.04888,0.30883,0.10319,0.00672,0.07613
448,1777810750498,Surprised,0.40859,0.23845,-0.03114,0.31997,0.1075,0.00221,0.07989,0.41526,0.40184,-0.04356,0.31217,0.10448,0.00537,0.07726
449,1777810750564,Fear,0.39086,0.10607,-0.02218,0.33299,0.11232,0.00189,0.083,0.40794,0.31311,-0.03714,0.31842,0.10683,0.00433,0.07898
450,1777810750631,Neutral,0.38556,0.06412,-0.01692,0.33677,0.11211,0.00377,0.08245,0.40123,0.23841,-0.03108,0.32392,0.10841,0.00416,0.08002
451,1777810750697,Neutral,0.38834,0.03432,-0.01363,0.3375,0.11341,0.00629,0.08367,0.39736,0.17718,-0.02584,0.328,0.10991,0.0048,0.08112
452,1777810750731,Neutral,0.39027,0.02581,-0.01202,0.33843,0.11329,0.00579,0.08304,0.39523,0.13177,-0.0217,0.33113,0.11093,0.0051,0.08169
453,1777810750764,Neutral,0.39201,0.016,-0.01112,0.33939,0.1132,0.00594,0.0829,0.39427,0.09704,-0.01852,0.33361,0.11161,0.00535,0.08206
454,1777810750797,Sad,0.39168,0.01138,-0.01063,0.34214,0.11355,0.00591,0.08258,0.39349,0.07134,-0.01616,0.33616,0.11219,0.00552,0.08221
455,1777810750831,Sad,0.39185,0.00482,-0.00994,0.34298,0.11359,0.00561,0.08197,0.393,0.05138,-0.01429,0.33821,0.11261,0.00555,0.08214
456,1777810750864,Sad,0.3915,0.00346,-0.00975,0.34353,0.11378,0.00558,0.08158,0.39255,0.03701,-0.01293,0.33981,0.11296,0.00556,0.08197
457,1777810750929,Sad,0.39089,0.00441,-0.01028,0.34365,0.11401,0.00562,0.0813,0.39205,0.02723,-0.01213,0.34096,0.11328,0.00558,0.08177
458,1777810750964,Sad,0.39132,0.00639,-0.00989,0.34404,0.11392,0.0056,0.08105,0.39183,0.02098,-0.01146,0.34188,0.11347,0.00558,0.08156
459,1777810750997,Sad,0.39375,0.00502,-0.00973,0.34171,0.11347,0.00558,0.08046,0.39241,0.01619,-0.01094,0.34183,0.11347,0.00558,0.08123
460,1777810751031,Sad,0.39371,0.01018,-0.01021,0.34048,0.11325,0.00466,0.08028,0.3928,0.01439,-0.01072,0.34143,0.11341,0.0053,0.08094
461,1777810751097,Sad,0.39349,0.03226,-0.01268,0.33403,0.11285,0.00472,0.07969,0.39301,0.01975,-0.01131,0.33921,0.11324,0.00513,0.08057
462,1777810751131,Sad,0.39399,0.04322,-0.01352,0.33286,0.11266,0.00529,0.07959,0.3933,0.02679,-0.01197,0.3373,0.11307,0.00518,0.08027
463,1777810751164,Sad,0.39497,0.05203,-0.01437,0.33217,0.11251,0.00567,0.07936,0.3938,0.03436,-0.01269,0.33576,0.1129,0.00532,0.08
464,1777810751197,Sad,0.39485,0.05522,-0.01468,0.33142,0.11233,0.00568,0.07924,0.39412,0.04062,-0.01329,0.33446,0.11273,0.00543,0.07977
465,1777810751231,Sad,0.39488,0.06387,-0.01541,0.32982,0.11224,0.0058,0.079,0.39435,0.04759,-0.01393,0.33307,0.11258,0.00554,0.07954
466,1777810751263,Sad,0.39501,0.06871,-0.01585,0.32907,0.11213,0.00591,0.07893,0.39455,0.05393,-0.0145,0.33187,0.11244,0.00565,0.07936
467,1777810751297,Sad,0.39578,0.07568,-0.01659,0.32909,0.11194,0.00579,0.07886,0.39492,0.06045,-0.01513,0.33103,0.11229,0.00569,0.07921
468,1777810751331,Sad,0.39558,0.09877,-0.01937,0.32917,0.11168,0.00625,0.0789,0.39512,0.07195,-0.0164,0.33047,0.11211,0.00586,0.07911
469,1777810751397,Sad,0.37551,0.17582,-0.02675,0.31909,0.11698,0.00734,0.07978,0.38923,0.10311,-0.01951,0.32706,0.11357,0.00631,0.07931
470,1777810751430,Sad,0.35422,0.20768,-0.02901,0.31485,0.12192,0.00717,0.08121,0.37873,0.13448,-0.02236,0.3234,0.11608,0.00656,0.07988
471,1777810751499,Sad,0.34969,0.22052,-0.03141,0.3128,0.12242,0.00666,0.08261,0.37002,0.16029,-0.02507,0.32022,0.11798,0.00659,0.0807
472,1777810751564,Sad,0.35546,0.21647,-0.03186,0.31332,0.12237,0.00548,0.0828,0.36565,0.17715,-0.02711,0.31815,0.1193,0.00626,0.08133
473,1777810751629,Sad,0.35813,0.21248,-0.03205,0.31234,0.12181,0.00524,0.08277,0.3634,0.18775,-0.02859,0.31641,0.12005,0.00595,0.08176
474,1777810751663,Sad,0.35874,0.21286,-0.03218,0.31244,0.12153,0.00531,0.08265,0.362,0.19528,-0.02967,0.31522,0.12049,0.00576,0.08203
475,1777810751697,Sad,0.3598,0.2135,-0.0323,0.31306,0.1213,0.00524,0.08254,0.36134,0.20075,-0.03046,0.31457,0.12074,0.0056,0.08218
476,1777810751732,Sad,0.36064,0.2136,-0.03226,0.31341,0.12109,0.00524,0.08248,0.36113,0.2046,-0.031,0.31422,0.12084,0.00549,0.08227
477,1777810751796,Sad,0.36132,0.21219,-0.03223,0.31498,0.12088,0.00509,0.08249,0.36119,0.20688,-0.03137,0.31445,0.12085,0.00537,0.08234
478,1777810751830,Sad,0.36195,0.21236,-0.03227,0.31525,0.12072,0.00528,0.0824,0.36142,0.20852,-0.03164,0.31469,0.12081,0.00535,0.08235
479,1777810751863,Sad,0.36205,0.21207,-0.03221,0.31546,0.12064,0.00527,0.0824,0.36161,0.20959,-0.03181,0.31492,0.12076,0.00532,0.08237
480,1777810751895,Sad,0.362,0.21107,-0.03216,0.31609,0.12063,0.00527,0.08234,0.36173,0.21003,-0.03192,0.31527,0.12072,0.00531,0.08236
481,1777810751928,Sad,0.36179,0.21093,-0.03216,0.31635,0.12051,0.00534,0.0823,0.36175,0.2103,-0.03199,0.3156,0.12066,0.00532,0.08234
482,1777810751963,Sad,0.36227,0.21064,-0.03202,0.31664,0.12039,0.00535,0.08227,0.3619,0.2104,-0.032,0.31591,0.12058,0.00533,0.08232
483,1777810752029,Sad,0.3585,0.20998,-0.03183,0.316,0.11916,0.00526,0.08214,0.36088,0.21028,-0.03195,0.31594,0.12015,0.00531,0.08227
484,1777810752061,Sad,0.36948,0.20975,-0.03156,0.31553,0.1167,0.00518,0.08226,0.36346,0.21012,-0.03183,0.31582,0.11912,0.00527,0.08226
485,1777810752097,Sad,0.37915,0.20916,-0.03146,0.31589,0.11457,0.00474,0.08214,0.36817,0.20983,-0.03172,0.31584,0.11775,0.00511,0.08223
486,1777810752130,Sad,0.38338,0.20934,-0.03148,0.31605,0.1137,0.00429,0.08204,0.37273,0.20968,-0.03165,0.3159,0.11654,0.00486,0.08217
487,1777810752197,Sad,0.38635,0.2092,-0.0315,0.31575,0.11304,0.0036,0.08224,0.37681,0.20954,-0.0316,0.31586,0.11549,0.00448,0.08219
488,1777810752229,Sad,0.38693,0.20976,-0.03163,0.31526,0.11271,0.00351,0.08198,0.37985,0.2096,-0.03161,0.31568,0.11465,0.00419,0.08213
489,1777810752264,Sad,0.38677,0.20952,-0.03172,0.31532,0.11256,0.00334,0.08176,0.38193,0.20958,-0.03164,0.31557,0.11402,0.00393,0.08202
490,1777810752297,Sad,0.38708,0.21049,-0.03191,0.31564,0.11234,0.00343,0.08155,0.38347,0.20985,-0.03172,0.31559,0.11352,0.00378,0.08188
491,1777810752361,Sad,0.38733,0.21106,-0.03214,0.31471,0.11193,0.00376,0.08098,0.38463,0.21022,-0.03185,0.31533,0.11304,0.00378,0.08161
492,1777810752394,Sad,0.38822,0.21128,-0.03219,0.3147,0.11169,0.00378,0.08068,0.3857,0.21053,-0.03195,0.31514,0.11264,0.00378,0.08133
493,1777810752430,Sad,0.38872,0.21192,-0.0323,0.3151,0.11145,0.00373,0.08067,0.38661,0.21095,-0.03206,0.31513,0.11228,0.00376,0.08113
494,1777810752463,Neutral,0.38879,0.21262,-0.03255,0.3155,0.11132,0.00353,0.08047,0.38726,0.21145,-0.0322,0.31524,0.11199,0.00369,0.08093
495,1777810752497,Neutral,0.38906,0.21311,-0.0328,0.31532,0.11123,0.00345,0.0806,0.3878,0.21195,-0.03238,0.31526,0.11176,0.00362,0.08083
496,1777810752530,Neutral,0.3893,0.21354,-0.03292,0.3152,0.11111,0.00364,0.08055,0.38825,0.21243,-0.03254,0.31525,0.11157,0.00363,0.08075
497,1777810752563,Neutral,0.39002,0.21315,-0.03288,0.31514,0.11097,0.00351,0.08056,0.38878,0.21264,-0.03265,0.31521,0.11139,0.00359,0.08069
498,1777810752597,Neutral,0.39016,0.21305,-0.033,0.31549,0.11088,0.00338,0.08039,0.38919,0.21276,-0.03275,0.3153,0.11124,0.00353,0.0806
499,1777810752630,Neutral,0.38904,0.21175,-0.03308,0.31672,0.11086,0.003,0.07981,0.38915,0.21246,-0.03285,0.31573,0.11112,0.00337,0.08037
500,1777810752664,Sad,0.3583,0.20193,-0.03267,0.31923,0.11581,0.00287,0.08062,0.37989,0.2093,-0.0328,0.31678,0.11253,0.00322,0.08044
501,1777810752697,Sad,0.30627,0.17973,-0.03172,0.31983,0.12484,0.00274,0.08202,0.35781,0.20043,-0.03247,0.31769,0.11622,0.00308,0.08091
502,1777810752731,Neutral,0.23694,0.1332,-0.02643,0.32194,0.13759,0.00298,0.08369,0.32155,0.18026,-0.03066,0.31897,0.12263,0.00305,0.08175
503,1777810752796,Neutral,0.17117,0.0891,-0.02062,0.32699,0.14436,0.00253,0.08428,0.27643,0.15291,-0.02765,0.32137,0.12915,0.00289,0.08251
504,1777810752829,Neutral,0.2105,0.07234,-0.0172,0.32739,0.13577,0.0013,0.08458,0.25665,0.12874,-0.02451,0.32318,0.13114,0.00241,0.08313
505,1777810752863,Neutral,0.22902,0.06552,-0.01509,0.32839,0.13143,0.00082,0.08475,0.24836,0.10977,-0.02169,0.32474,0.13123,0.00194,0.08361
506,1777810752897,Neutral,0.15518,0.07049,-0.01441,0.32865,0.14133,0.00128,0.08556,0.22041,0.09799,-0.0195,0.32591,0.13426,0.00174,0.0842
507,1777810752963,Neutral,0.024,0.08204,-0.013,0.3286,0.16389,0.00165,0.08564,0.16149,0.09321,-0.01755,0.32672,0.14315,0.00171,0.08463
508,1777810752997,Neutral,0.02075,0.11084,-0.01098,0.32789,0.15909,0.00174,0.08725,0.11927,0.0985,-0.01558,0.32707,0.14793,0.00172,0.08542
509,1777810753030,Neutral,0.03161,0.1309,-0.00896,0.32854,0.14863,0.00179,0.08895,0.09297,0.10822,-0.01359,0.32751,0.14814,0.00174,0.08648
510,1777810753063,Neutral,0.06401,0.15396,-0.00804,0.33155,0.13708,0.00198,0.08866,0.08428,0.12194,-0.01193,0.32873,0.14482,0.00181,0.08713
511,1777810753097,Neutral,0.08876,0.15818,-0.00477,0.33677,0.12812,0.00283,0.08788,0.08562,0.13281,-0.00978,0.33114,0.13981,0.00212,0.08735
512,1777810753131,Neutral,0.13643,0.14847,-0.00136,0.34343,0.11485,0.00339,0.08369,0.10087,0.13751,-0.00725,0.33483,0.13232,0.0025,0.08626
513,1777810753196,Neutral,0.2144,0.13604,-0.00304,0.34916,0.0992,0.00423,0.08015,0.13493,0.13707,-0.00599,0.33913,0.12239,0.00302,0.08442
514,1777810753261,Neutral,0.05173,0.11241,-0.00062,0.34628,0.13084,0.00512,0.0801,0.10997,0.12967,-0.00438,0.34127,0.12492,0.00365,0.08313
515,1777810753295,Neutral,0.04225,0.06309,0.00505,0.34883,0.14304,0.00551,0.08035,0.08965,0.1097,-0.00155,0.34354,0.13036,0.00421,0.08229
516,1777810753328,Neutral,0.0465,0.0327,0.0075,0.35159,0.14545,0.00572,0.08122,0.07671,0.0866,0.00116,0.34595,0.13489,0.00466,0.08197
517,1777810753363,Neutral,0.03937,0.01551,0.00777,0.35194,0.14233,0.00575,0.08256,0.06551,0.06527,0.00314,0.34775,0.13712,0.00499,0.08215
518,1777810753397,Neutral,0.03048,0.00467,0.00884,0.3545,0.1354,0.00613,0.08242,0.055,0.04709,0.00485,0.34978,0.1366,0.00533,0.08223
519,1777810753430,Neutral,0.0579,0.00521,0.00956,0.35709,0.12457,0.00526,0.0826,0.05587,0.03453,0.00626,0.35197,0.13299,0.00531,0.08234
520,1777810753496,Neutral,0.21791,0.01247,0.01047,0.35804,0.09506,0.00552,0.07744,0.10448,0.02791,0.00753,0.35379,0.12161,0.00537,0.08087
521,1777810753529,Neutral,0.25962,0.01251,0.00849,0.35554,0.0878,0.00702,0.07709,0.15102,0.02329,0.00782,0.35432,0.11147,0.00587,0.07974
522,1777810753563,Neutral,0.28038,0.00698,0.00662,0.35653,0.08479,0.00827,0.07568,0.18983,0.0184,0.00746,0.35498,0.10347,0.00659,0.07852
523,1777810753596,Neutral,0.29034,0.01156,0.00298,0.34945,0.08278,0.01052,0.07749,0.21998,0.01634,0.00611,0.35332,0.09726,0.00777,0.07821
524,1777810753662,Neutral,0.09609,0.09726,-0.00811,0.32523,0.11269,0.01066,0.07744,0.18282,0.04062,0.00185,0.34489,0.10189,0.00863,0.07798
525,1777810753729,Neutral,0.02158,0.1066,-0.01111,0.33902,0.13039,0.01049,0.08084,0.13444,0.06041,-0.00204,0.34313,0.11044,0.00919,0.07884
526,1777810753762,Neutral,0.02617,0.12126,-0.01652,0.3436,0.12624,0.00909,0.07937,0.10196,0.07867,-0.00638,0.34327,0.11518,0.00916,0.079
527,1777810753796,Neutral,0.17029,0.12962,-0.01834,0.34239,0.1001,0.00517,0.07896,0.12246,0.09395,-0.00997,0.34301,0.11065,0.00797,0.07899
528,1777810753830,Neutral,0.23366,0.1107,-0.01572,0.34219,0.09062,0.00379,0.07764,0.15582,0.09898,-0.01169,0.34276,0.10465,0.00671,0.07858
529,1777810753896,Disgusted,0.276,0.06439,-0.01008,0.33295,0.08414,0.00237,0.08076,0.19187,0.0886,-0.01121,0.33982,0.09849,0.00541,0.07924
530,1777810753929,Neutral,0.28546,0.05949,-0.00729,0.3216,0.08312,0.0036,0.07979,0.21995,0.07987,-0.01004,0.33435,0.09388,0.00487,0.0794
531,1777810753962,Neutral,0.27089,0.04066,-0.00434,0.31095,0.08511,0.00225,0.09091,0.23523,0.0681,-0.00833,0.32733,0.09125,0.00408,0.08285
532,1777810753996,Neutral,0.31815,0.04506,-0.003,0.31055,0.07873,0.0029,0.0953,0.26011,0.06119,-0.00673,0.3223,0.0875,0.00373,0.08659
533,1777810754030,Neutral,0.35633,0.1151,-0.01101,0.31302,0.07059,0.00837,0.09172,0.28898,0.07736,-0.00801,0.31951,0.08242,0.00512,0.08813
534,1777810754064,Disgusted,0.35577,0.16683,-0.01579,0.32109,0.07059,0.00992,0.0866,0.30901,0.1042,-0.01035,0.31999,0.07887,0.00656,0.08767
535,1777810754130,Disgusted,0.3531,0.16866,-0.01361,0.32814,0.07105,0.01165,0.08158,0.32224,0.12354,-0.01132,0.32243,0.07653,0.00809,0.08584
536,1777810754196,Disgusted,0.35095,0.13552,-0.00568,0.33489,0.07042,0.00966,0.08037,0.33085,0.12713,-0.00963,0.32617,0.0747,0.00856,0.0842
537,1777810754229,Neutral,0.35395,0.12274,-0.0019,0.33708,0.06987,0.00793,0.08166,0.33778,0.12581,-0.00731,0.32944,0.07325,0.00837,0.08344
538,1777810754262,Neutral,0.35795,0.06064,0.00936,0.33866,0.06993,0.0034,0.08563,0.34383,0.10626,-0.00231,0.33221,0.07225,0.00688,0.0841
539,1777810754297,Neutral,0.35624,0.02447,0.01398,0.33573,0.06988,0.00181,0.08896,0.34756,0.08173,0.00258,0.33326,0.07154,0.00536,0.08556
540,1777810754361,Neutral,0.35747,0.00958,0.01569,0.33446,0.06961,0.0022,0.0897,0.35053,0.06008,0.00651,0.33362,0.07096,0.00441,0.0868
541,1777810754395,Neutral,0.3582,0.00948,0.01551,0.33068,0.06973,0.00228,0.09237,0.35283,0.0449,0.00921,0.33274,0.07059,0.00377,0.08847
542,1777810754428,Neutral,0.35271,0.01919,0.01421,0.32486,0.07026,0.00269,0.09221,0.3528,0.03719,0.01071,0.33038,0.07049,0.00345,0.08959
543,1777810754461,Neutral,0.34982,0.03401,0.01217,0.32136,0.07035,0.00321,0.09094,0.3519,0.03624,0.01115,0.32767,0.07045,0.00338,0.09
544,1777810754496,Neutral,0.35104,0.03671,0.0118,0.31963,0.06997,0.00411,0.09449,0.35164,0.03638,0.01134,0.32526,0.07031,0.0036,0.09135
545,1777810754529,Neutral,0.352,0.03353,0.01205,0.32064,0.07,0.00413,0.0951,0.35175,0.03552,0.01156,0.32387,0.07021,0.00376,0.09247
546,1777810754563,Neutral,0.35454,0.02308,0.00996,0.32162,0.07016,0.0045,0.0933,0.35259,0.03179,0.01108,0.3232,0.0702,0.00398,0.09272
547,1777810754595,Neutral,0.35859,0.01158,0.00741,0.32471,0.07019,0.00512,0.09057,0.35439,0.02573,0.00998,0.32365,0.0702,0.00432,0.09207
548,1777810754660,Neutral,0.36656,0.00386,0.00716,0.32813,0.07017,0.00395,0.089,0.35804,0.01917,0.00913,0.32499,0.07019,0.00421,0.09115
549,1777810754696,Neutral,0.36865,0.00463,0.00563,0.32916,0.07061,0.00306,0.08823,0.36122,0.01481,0.00808,0.32624,0.07031,0.00386,0.09028
550,1777810754729,Neutral,0.36821,0.00306,0.0046,0.33146,0.07132,0.00196,0.08801,0.36332,0.01128,0.00704,0.32781,0.07062,0.00329,0.08959
551,1777810754763,Neutral,0.36824,0.00272,0.00382,0.3329,0.07147,0.00138,0.08775,0.36479,0.00872,0.00607,0.32934,0.07087,0.00272,0.08904
552,1777810754829,Neutral,0.36936,0.00396,0.00309,0.33129,0.07164,0.00086,0.0877,0.36616,0.00729,0.00518,0.32992,0.0711,0.00216,0.08864
553,1777810754862,Neutral,0.37072,0.00477,0.00202,0.33107,0.07172,0.00082,0.08754,0.36753,0.00653,0.00423,0.33027,0.07129,0.00176,0.08831
554,1777810754896,Angry,0.37365,0.00498,0.00094,0.33127,0.07191,0.00134,0.08747,0.36937,0.00607,0.00324,0.33057,0.07148,0.00163,0.08806
555,1777810754929,Angry,0.37408,0.00604,-0.00054,0.32953,0.07215,0.00082,0.08745,0.37078,0.00606,0.00211,0.33026,0.07168,0.00139,0.08788
556,1777810754962,Angry,0.37411,0.00519,-0.00178,0.32788,0.07238,0.00076,0.08767,0.37178,0.0058,0.00094,0.32954,0.07189,0.0012,0.08781
557,1777810754996,Angry,0.37242,0.0051,-0.00302,0.32938,0.07286,0.00027,0.08785,0.37197,0.00559,-0.00025,0.32949,0.07218,0.00092,0.08782
558,1777810755029,Angry,0.37185,0.00455,-0.00313,0.32909,0.07309,0.00016,0.08784,0.37193,0.00528,-0.00111,0.32937,0.07245,0.00069,0.08783
559,1777810755063,Angry,0.35283,0.00482,-0.0031,0.32957,0.07651,0.00062,0.08774,0.3662,0.00514,-0.00171,0.32943,0.07367,0.00067,0.0878
560,1777810755096,Neutral,0.1781,0.00651,-0.00367,0.3302,0.10777,0.00129,0.08862,0.30977,0.00555,-0.0023,0.32966,0.0839,0.00086,0.08805
561,1777810755128,Neutral,0.06811,0.00639,-0.00349,0.32995,0.12795,0.00155,0.09005,0.23727,0.0058,-0.00265,0.32975,0.09711,0.00106,0.08865
562,1777810755161,Neutral,0.10658,0.00721,-0.0036,0.32954,0.11876,0.00215,0.09083,0.19807,0.00623,-0.00294,0.32969,0.10361,0.00139,0.0893
563,1777810755196,Neutral,0.14818,0.01181,-0.00386,0.32905,0.11149,0.00233,0.09135,0.1831,0.0079,-0.00321,0.3295,0.10597,0.00167,0.08992
564,1777810755230,Neutral,0.16977,0.01548,-0.00375,0.32804,0.10686,0.00239,0.09148,0.1791,0.01018,-0.00337,0.32906,0.10624,0.00189,0.09039
565,1777810755296,Neutral,0.25044,0.02428,-0.00458,0.32711,0.09358,0.00252,0.09196,0.2005,0.01441,-0.00374,0.32847,0.10244,0.00208,0.09086
566,1777810755362,Neutral,0.29052,0.03637,-0.00627,0.32599,0.08782,0.00253,0.09096,0.22751,0.021,-0.0045,0.32773,0.09806,0.00221,0.09089
567,1777810755395,Neutral,0.30112,0.04052,-0.00705,0.32579,0.08614,0.00228,0.09015,0.24959,0.02685,-0.00526,0.32714,0.09448,0.00223,0.09067
568,1777810755429,Neutral,0.30643,0.04431,-0.00781,0.32578,0.0854,0.00205,0.0897,0.26664,0.03209,-0.00603,0.32674,0.09176,0.00218,0.09038
569,1777810755463,Neutral,0.3153,0.0478,-0.00848,0.32592,0.08425,0.00186,0.0886,0.28124,0.03681,-0.00676,0.32649,0.08951,0.00208,0.08984
570,1777810755496,Neutral,0.32205,0.04787,-0.00858,0.32776,0.08339,0.00139,0.08711,0.29348,0.04012,-0.00731,0.32687,0.08767,0.00188,0.08902
571,1777810755529,Neutral,0.32945,0.0482,-0.00904,0.32955,0.08291,0.00096,0.08623,0.30427,0.04255,-0.00783,0.32768,0.08624,0.0016,0.08818
572,1777810755596,Neutral,0.33861,0.0394,-0.00819,0.33184,0.08138,0.00122,0.08568,0.31457,0.0416,-0.00794,0.32893,0.08478,0.00149,0.08743
573,1777810755661,Neutral,0.33515,0.01749,-0.00337,0.34189,0.08232,0.00631,0.08551,0.32075,0.03437,-0.00657,0.33282,0.08404,0.00293,0.08686
574,1777810755695,Neutral,0.33657,0.00929,0.00092,0.34682,0.08258,0.01291,0.08578,0.3255,0.02685,-0.00432,0.33702,0.0836,0.00593,0.08653
575,1777810755761,Neutral,0.33328,0.0045,0.00982,0.35805,0.08332,0.03046,0.08565,0.32783,0.02014,-8e-05,0.34333,0.08352,0.01329,0.08627
576,1777810755828,Contempt,0.33687,0.00331,0.0102,0.35944,0.08333,0.03461,0.08463,0.33054,0.01509,0.00301,0.34816,0.08346,0.01968,0.08578
577,1777810755862,Contempt,0.33669,0.00344,0.00917,0.36257,0.08356,0.03457,0.08386,0.33239,0.0116,0.00485,0.35248,0.08349,0.02415,0.0852
578,1777810755896,Contempt,0.33656,0.003,0.00819,0.36419,0.08392,0.03322,0.08362,0.33364,0.00902,0.00585,0.35599,0.08362,0.02687,0.08473
579,1777810755930,Contempt,0.33616,0.00281,0.00779,0.36399,0.08435,0.03288,0.08326,0.33439,0.00716,0.00643,0.35839,0.08384,0.02867,0.08429
580,1777810755996,Contempt,0.33726,0.0031,0.00723,0.36521,0.08439,0.03178,0.08182,0.33526,0.00594,0.00667,0.36044,0.084,0.02961,0.08355
581,1777810756060,Contempt,0.33873,0.00349,0.00656,0.3645,0.08438,0.03148,0.08136,0.3363,0.00521,0.00664,0.36166,0.08411,0.03017,0.08289
582,1777810756093,Contempt,0.33967,0.00331,0.00645,0.36474,0.08441,0.03141,0.08111,0.33731,0.00464,0.00658,0.36258,0.0842,0.03054,0.08236
583,1777810756128,Contempt,0.34001,0.00339,0.00635,0.36473,0.08446,0.03134,0.08091,0.33812,0.00426,0.00651,0.36323,0.08428,0.03078,0.08192
584,1777810756163,Contempt,0.34056,0.00347,0.00619,0.36403,0.08447,0.03146,0.08052,0.33885,0.00403,0.00641,0.36347,0.08434,0.03098,0.0815
585,1777810756229,Contempt,0.34303,0.00301,0.00577,0.3637,0.08449,0.03077,0.08046,0.3401,0.00372,0.00622,0.36354,0.08438,0.03092,0.08119
586,1777810756262,Contempt,0.34374,0.00279,0.0058,0.36343,0.08449,0.03067,0.0803,0.3412,0.00344,0.0061,0.3635,0.08442,0.03084,0.08092
587,1777810756296,Contempt,0.34424,0.00263,0.00599,0.36312,0.08446,0.03068,0.08022,0.34211,0.0032,0.00607,0.36339,0.08443,0.03079,0.08071
588,1777810756362,Contempt,0.34461,0.00247,0.00574,0.36201,0.08454,0.03005,0.07997,0.34286,0.00298,0.00597,0.36298,0.08446,0.03057,0.08049
589,1777810756426,Contempt,0.34502,0.00237,0.00539,0.3612,0.08463,0.02906,0.08014,0.34351,0.00279,0.00579,0.36244,0.08451,0.03012,0.08039
590,1777810756459,Contempt,0.34497,0.00242,0.00508,0.35967,0.08465,0.02823,0.0802,0.34395,0.00268,0.00558,0.36161,0.08455,0.02955,0.08033
591,1777810756493,Contempt,0.34468,0.00255,0.00498,0.35904,0.08477,0.02755,0.08029,0.34417,0.00264,0.0054,0.36084,0.08462,0.02895,0.08032
592,1777810756527,Contempt,0.34456,0.00253,0.00484,0.35847,0.08483,0.02702,0.08032,0.34429,0.00261,0.00523,0.36013,0.08468,0.02837,0.08032
593,1777810756561,Contempt,0.34442,0.00251,0.00472,0.35837,0.0849,0.0268,0.08027,0.34433,0.00258,0.00508,0.3596,0.08475,0.0279,0.0803
594,1777810756595,Contempt,0.34449,0.0025,0.00464,0.35825,0.08491,0.02664,0.0803,0.34437,0.00256,0.00495,0.3592,0.0848,0.02752,0.0803
595,1777810756628,Contempt,0.34461,0.00253,0.0046,0.35811,0.08497,0.02667,0.08032,0.34445,0.00255,0.00484,0.35887,0.08485,0.02727,0.08031
596,1777810756661,Contempt,0.34478,0.00259,0.0047,0.35835,0.08505,0.02667,0.08031,0.34455,0.00256,0.0048,0.35872,0.08491,0.02709,0.08031
597,1777810756696,Contempt,0.34462,0.00261,0.0048,0.35841,0.08512,0.02667,0.08044,0.34457,0.00258,0.0048,0.35862,0.08497,0.02696,0.08035
598,1777810756762,Contempt,0.34518,0.0026,0.00499,0.35852,0.08516,0.02662,0.08034,0.34475,0.00258,0.00486,0.35859,0.08503,0.02686,0.08035
599,1777810756795,Contempt,0.34555,0.00261,0.00518,0.35865,0.08515,0.02661,0.08015,0.34499,0.00259,0.00496,0.35861,0.08507,0.02679,0.08029
600,1777810756828,Contempt,0.3459,0.00262,0.00525,0.35871,0.08518,0.02657,0.08008,0.34526,0.0026,0.00504,0.35864,0.0851,0.02672,0.08022
601,1777810756863,Contempt,0.34614,0.0026,0.00535,0.35844,0.08524,0.02649,0.08007,0.34553,0.0026,0.00514,0.35858,0.08514,0.02665,0.08018
602,1777810756927,Contempt,0.34659,0.00284,0.0053,0.3581,0.08518,0.02608,0.08038,0.34585,0.00267,0.00518,0.35844,0.08515,0.02648,0.08024
603,1777810756962,Contempt,0.34648,0.00286,0.00527,0.35848,0.08513,0.02581,0.08048,0.34604,0.00273,0.00521,0.35845,0.08515,0.02628,0.08031
604,1777810757028,Contempt,0.34652,0.00298,0.00503,0.35899,0.0851,0.0247,0.08048,0.34618,0.0028,0.00515,0.35861,0.08513,0.02581,0.08036
605,1777810757061,Contempt,0.34646,0.00298,0.00493,0.35874,0.08508,0.0243,0.08052,0.34627,0.00285,0.00509,0.35865,0.08512,0.02536,0.08041
606,1777810757094,Contempt,0.34656,0.003,0.00489,0.35839,0.08513,0.02417,0.08041,0.34636,0.0029,0.00503,0.35857,0.08512,0.025,0.08041
607,1777810757162,Contempt,0.34661,0.00293,0.00492,0.35858,0.08519,0.02419,0.08042,0.34643,0.00291,0.005,0.35857,0.08514,0.02476,0.08041
608,1777810757195,Contempt,0.34675,0.00291,0.0048,0.35853,0.08518,0.02414,0.08047,0.34653,0.00291,0.00494,0.35856,0.08515,0.02457,0.08043
609,1777810757261,Contempt,0.3471,0.00288,0.00434,0.35716,0.08528,0.0235,0.08063,0.3467,0.0029,0.00476,0.35814,0.08519,0.02425,0.08049
610,1777810757295,Contempt,0.347,0.003,0.00404,0.3566,0.08541,0.02303,0.08068,0.34679,0.00293,0.00454,0.35768,0.08526,0.02388,0.08055
611,1777810757329,Contempt,0.34698,0.00314,0.00363,0.35652,0.08572,0.02194,0.08069,0.34685,0.00299,0.00427,0.35733,0.0854,0.0233,0.08059
612,1777810757362,Contempt,0.33569,0.00303,0.00269,0.35502,0.08798,0.01987,0.08074,0.3435,0.003,0.0038,0.35664,0.08617,0.02227,0.08063
613,1777810757395,Contempt,0.27559,0.00317,0.00197,0.35461,0.10086,0.0179,0.08136,0.32313,0.00305,0.00325,0.35603,0.09058,0.02096,0.08085
614,1777810757460,Contempt,0.09695,0.00389,0.00155,0.34911,0.13286,0.01409,0.08415,0.25527,0.0033,0.00274,0.35395,0.10326,0.0189,0.08184
615,1777810757494,Neutral,0.11714,0.00371,0.00112,0.34846,0.12862,0.01113,0.08513,0.21383,0.00343,0.00225,0.3523,0.11087,0.01657,0.08283
616,1777810757528,Neutral,0.14938,0.00324,0.00138,0.34896,0.12354,0.01003,0.08543,0.1945,0.00337,0.00199,0.3513,0.11467,0.01461,0.08361
617,1777810757563,Neutral,0.18766,0.00292,0.00136,0.34872,0.11574,0.00869,0.08563,0.19244,0.00323,0.0018,0.35053,0.11499,0.01283,0.08421
618,1777810757628,Neutral,0.27171,0.00281,0.00234,0.34846,0.10275,0.00842,0.08441,0.21622,0.00311,0.00196,0.34991,0.11132,0.01151,0.08427
619,1777810757662,Neutral,0.30077,0.00273,0.00322,0.34893,0.09749,0.00663,0.08427,0.24159,0.00299,0.00234,0.34961,0.10717,0.01004,0.08427
620,1777810757695,Contempt,0.31473,0.00274,0.00507,0.34815,0.09546,0.00343,0.08424,0.26353,0.00292,0.00316,0.34917,0.10366,0.00806,0.08426
621,1777810757760,Neutral,0.33312,0.00297,0.00792,0.34885,0.09567,0.0021,0.08377,0.28441,0.00293,0.00459,0.34908,0.10126,0.00627,0.08411
622,1777810757796,Neutral,0.34358,0.00329,0.00826,0.34844,0.09534,0.00346,0.08366,0.30216,0.00304,0.00569,0.34889,0.09949,0.00543,0.08398
623,1777810757862,Neutral,0.35096,0.00314,0.00706,0.3484,0.09491,0.00282,0.08319,0.3168,0.00307,0.0061,0.34874,0.09811,0.00465,0.08374
624,1777810757927,Neutral,0.35163,0.00265,0.00581,0.34814,0.09507,0.00248,0.08285,0.32725,0.00294,0.00601,0.34856,0.0972,0.004,0.08347
625,1777810757961,Neutral,0.35275,0.00233,0.00521,0.34822,0.09506,0.00235,0.08275,0.3349,0.00276,0.00577,0.34846,0.09656,0.0035,0.08326
626,1777810757995,Neutral,0.35292,0.00227,0.00465,0.34844,0.09548,0.00226,0.08263,0.34031,0.00261,0.00543,0.34845,0.09623,0.00313,0.08307
627,1777810758028,Neutral,0.35326,0.0021,0.00428,0.34831,0.0957,0.00214,0.08233,0.34419,0.00246,0.00509,0.34841,0.09607,0.00283,0.08285
628,1777810758093,Neutral,0.35391,0.00204,0.00385,0.34838,0.09705,0.00201,0.08207,0.34711,0.00233,0.00472,0.3484,0.09637,0.00259,0.08262
629,1777810758126,Neutral,0.3554,0.00197,0.00341,0.34813,0.09764,0.00192,0.08195,0.34959,0.00222,0.00432,0.34832,0.09675,0.00239,0.08242
630,1777810758160,Neutral,0.35657,0.00199,0.00315,0.348,0.09845,0.0019,0.08185,0.35169,0.00215,0.00397,0.34822,0.09726,0.00224,0.08225
631,1777810758193,Angry,0.35771,0.0019,0.00273,0.34806,0.09919,0.00196,0.08162,0.35349,0.00208,0.0036,0.34817,0.09784,0.00215,0.08206
632,1777810758225,Angry,0.35817,0.00207,0.00223,0.34786,0.09993,0.00198,0.08146,0.3549,0.00208,0.00319,0.34808,0.09847,0.0021,0.08188
633,1777810758261,Angry,0.35823,0.0021,0.00182,0.34787,0.10099,0.00201,0.08109,0.3559,0.00208,0.00278,0.34802,0.09922,0.00207,0.08164
634,1777810758294,Angry,0.35289,0.00196,0.00163,0.34816,0.10309,0.00195,0.0811,0.35499,0.00205,0.00243,0.34806,0.10038,0.00204,0.08148
635,1777810758361,Angry,0.33573,0.00196,0.00122,0.34774,0.10821,0.00207,0.08151,0.34921,0.00202,0.00207,0.34797,0.10273,0.00205,0.08149
636,1777810758426,Neutral,0.32741,0.00206,0.00126,0.34774,0.11311,0.00206,0.08169,0.34267,0.00203,0.00183,0.3479,0.10584,0.00205,0.08155
637,1777810758459,Neutral,0.3273,0.0022,0.00088,0.34778,0.11458,0.00216,0.0815,0.33806,0.00208,0.00154,0.34786,0.10847,0.00208,0.08153
638,1777810758496,Neutral,0.32693,0.00245,0.00086,0.34782,0.11596,0.00253,0.08141,0.33472,0.00219,0.00134,0.34785,0.11071,0.00222,0.0815
639,1777810758562,Sad,0.32687,0.00244,0.00108,0.34778,0.11678,0.00289,0.08108,0.33237,0.00227,0.00126,0.34783,0.11253,0.00242,0.08137
640,1777810758626,Neutral,0.32498,0.00274,0.00261,0.34817,0.11722,0.00049,0.08107,0.33015,0.00241,0.00167,0.34793,0.11394,0.00184,0.08128
641,1777810758661,Neutral,0.32439,0.00269,0.00304,0.34867,0.11658,0.00036,0.08113,0.32842,0.00249,0.00208,0.34815,0.11473,0.0014,0.08124
642,1777810758694,Neutral,0.32358,0.00272,0.00323,0.34909,0.11436,0.00073,0.08146,0.32697,0.00256,0.00242,0.34843,0.11462,0.0012,0.0813
643,1777810758728,Neutral,0.32279,0.00276,0.00334,0.34943,0.11053,0.00093,0.08185,0.32572,0.00262,0.0027,0.34873,0.11339,0.00112,0.08147
644,1777810758795,Neutral,0.31936,0.00274,0.00365,0.3509,0.10204,0.00118,0.08302,0.32381,0.00266,0.00298,0.34938,0.10999,0.00113,0.08193
645,1777810758859,Neutral,0.31729,0.00199,0.00428,0.35045,0.09086,0.0029,0.08386,0.32185,0.00246,0.00337,0.3497,0.10425,0.00166,0.08251
646,1777810758926,Neutral,0.32339,0.00183,0.0038,0.35013,0.08383,0.00303,0.08402,0.32231,0.00227,0.0035,0.34983,0.09812,0.00208,0.08297
647,1777810758962,Neutral,0.32739,0.00204,0.00382,0.34989,0.0815,0.00329,0.08385,0.32384,0.0022,0.00359,0.34985,0.09314,0.00244,0.08323
648,1777810759027,Neutral,0.33117,0.00197,0.00344,0.34943,0.07833,0.00316,0.08357,0.32604,0.00213,0.00355,0.34972,0.08869,0.00266,0.08333
649,1777810759060,Neutral,0.33191,0.00201,0.00323,0.34909,0.07755,0.00321,0.08333,0.3278,0.00209,0.00345,0.34953,0.08535,0.00282,0.08333
650,1777810759093,Neutral,0.33197,0.00214,0.00312,0.34922,0.07697,0.00325,0.0832,0.32905,0.00211,0.00335,0.34944,0.08284,0.00295,0.08329
651,1777810759126,Neutral,0.33299,0.0022,0.00309,0.34917,0.0761,0.00327,0.08346,0.33023,0.00213,0.00327,0.34936,0.08082,0.00305,0.08334
652,1777810759160,Neutral,0.3338,0.00236,0.00311,0.34886,0.07529,0.00314,0.08395,0.3313,0.0022,0.00322,0.34921,0.07916,0.00308,0.08353
653,1777810759195,Neutral,0.33397,0.00238,0.00314,0.34825,0.07478,0.00304,0.08429,0.3321,0.00226,0.0032,0.34892,0.07784,0.00306,0.08375
654,1777810759261,Angry,0.33669,0.00206,0.00266,0.34863,0.07449,0.00277,0.08442,0.33348,0.0022,0.00304,0.34883,0.07684,0.00297,0.08395
655,1777810759325,Angry,0.33964,0.00196,0.00235,0.34761,0.07349,0.0024,0.08409,0.33533,0.00213,0.00283,0.34846,0.07583,0.0028,0.084
656,1777810759359,Angry,0.34112,0.002,0.0024,0.34741,0.07305,0.00192,0.08381,0.33706,0.00209,0.0027,0.34815,0.075,0.00254,0.08394
657,1777810759392,Angry,0.34258,0.00204,0.00279,0.34686,0.07283,0.00191,0.08383,0.33872,0.00207,0.00273,0.34776,0.07435,0.00235,0.08391
658,1777810759426,Angry,0.3436,0.00209,0.00274,0.34751,0.07258,0.00191,0.08329,0.34018,0.00208,0.00273,0.34768,0.07382,0.00222,0.08372
659,1777810759492,Angry,0.34369,0.00209,0.00247,0.34672,0.07193,0.00141,0.08324,0.34123,0.00208,0.00265,0.3474,0.07325,0.00198,0.08358
660,1777810759524,Angry,0.34407,0.00215,0.00294,0.34675,0.07196,0.00142,0.08358,0.34209,0.0021,0.00274,0.3472,0.07286,0.00181,0.08358
661,1777810759557,Angry,0.34522,0.00215,0.00318,0.34666,0.07191,0.00137,0.08374,0.34303,0.00211,0.00287,0.34704,0.07258,0.00168,0.08363
662,1777810759592,Angry,0.34656,0.00204,0.00321,0.34646,0.07189,0.0015,0.08335,0.34409,0.00209,0.00297,0.34687,0.07237,0.00162,0.08354
663,1777810759625,Angry,0.34696,0.002,0.0034,0.34653,0.07188,0.00157,0.08344,0.34495,0.00207,0.0031,0.34676,0.07222,0.00161,0.08351
664,1777810759660,Angry,0.34723,0.00193,0.00347,0.34655,0.07196,0.00151,0.08353,0.34563,0.00203,0.00321,0.3467,0.07214,0.00158,0.08352
665,1777810759692,Angry,0.34844,0.00195,0.00337,0.34621,0.07181,0.00148,0.08315,0.34647,0.002,0.00326,0.34655,0.07204,0.00155,0.08341
666,1777810759726,Angry,0.34861,0.002,0.00332,0.34577,0.07164,0.00152,0.08301,0.34711,0.002,0.00328,0.34632,0.07192,0.00154,0.08329
667,1777810759791,Angry,0.34933,0.00198,0.00332,0.34526,0.0716,0.00142,0.08311,0.34778,0.002,0.00329,0.346,0.07182,0.0015,0.08323
668,1777810759826,Angry,0.34933,0.00199,0.00336,0.34515,0.0716,0.00146,0.08314,0.34824,0.002,0.00331,0.34575,0.07176,0.00149,0.08321
669,1777810759860,Angry,0.34927,0.00199,0.00338,0.3452,0.07142,0.00146,0.08314,0.34855,0.002,0.00333,0.34558,0.07166,0.00148,0.08319
670,1777810759894,Angry,0.34958,0.00202,0.00342,0.34527,0.07142,0.00147,0.08319,0.34886,0.002,0.00336,0.34549,0.07158,0.00148,0.08319
671,1777810759961,Angry,0.35041,0.00207,0.00337,0.3454,0.07154,0.00123,0.08316,0.34932,0.00202,0.00336,0.34546,0.07157,0.0014,0.08318
672,1777810760026,Angry,0.34839,0.00205,0.0033,0.34556,0.07213,0.00102,0.08316,0.34904,0.00203,0.00334,0.34549,0.07174,0.00129,0.08317
673,1777810760094,Angry,0.34616,0.002,0.0034,0.34582,0.07276,0.00096,0.08287,0.34818,0.00202,0.00336,0.34559,0.07204,0.00119,0.08308
674,1777810760128,Angry,0.32331,0.00194,0.0031,0.34626,0.0765,0.00095,0.08324,0.34072,0.002,0.00328,0.34579,0.07338,0.00112,0.08313
675,1777810760194,Neutral,0.08447,0.0018,0.00324,0.34642,0.12176,0.00046,0.08563,0.26384,0.00194,0.00327,0.34598,0.08789,0.00092,0.08388
676,1777810760260,Neutral,0.04358,0.00141,0.00379,0.34554,0.13878,0.00032,0.0872,0.19776,0.00178,0.00342,0.34585,0.10316,0.00074,0.08488
677,1777810760294,Neutral,0.04826,0.00206,0.00394,0.34516,0.13853,6e-05,0.08821,0.15291,0.00186,0.00358,0.34564,0.11377,0.00054,0.08588
678,1777810760327,Neutral,0.06893,0.00211,0.00361,0.34441,0.13623,0.00044,0.08859,0.12772,0.00193,0.00359,0.34527,0.12051,0.00051,0.08669
679,1777810760360,Neutral,0.10838,0.00246,0.00386,0.34422,0.13372,0.00066,0.08874,0.12192,0.00209,0.00367,0.34496,0.12447,0.00055,0.08731
680,1777810760394,Neutral,0.14072,0.00284,0.00382,0.34566,0.13331,0.00137,0.08853,0.12756,0.00232,0.00371,0.34517,0.12712,0.0008,0.08767
681,1777810760460,Neutral,0.17394,0.00326,0.00436,0.34502,0.13353,0.0021,0.08827,0.14147,0.0026,0.00391,0.34512,0.12904,0.00119,0.08785
682,1777810760494,Neutral,0.1834,0.00373,0.00444,0.34373,0.13331,0.00237,0.08765,0.15405,0.00294,0.00407,0.3447,0.13032,0.00154,0.08779
683,1777810760559,Neutral,0.25403,0.00355,0.00566,0.34494,0.1238,0.00285,0.08628,0.18405,0.00312,0.00455,0.34477,0.12837,0.00193,0.08734
684,1777810760595,Neutral,0.27849,0.0034,0.00555,0.34746,0.12131,0.00309,0.08624,0.21238,0.00321,0.00485,0.34558,0.12625,0.00228,0.08701
685,1777810760659,Neutral,0.28339,0.00312,0.00503,0.34781,0.12284,0.00266,0.08562,0.23368,0.00318,0.0049,0.34625,0.12523,0.00239,0.08659
686,1777810760692,Neutral,0.28114,0.00305,0.00475,0.34769,0.12353,0.00263,0.0844,0.24792,0.00314,0.00486,0.34668,0.12472,0.00246,0.08593
687,1777810760725,Neutral,0.28738,0.00315,0.00398,0.34616,0.12335,0.00313,0.08272,0.25976,0.00314,0.00459,0.34653,0.12431,0.00266,0.08497
688,1777810760758,Neutral,0.28058,0.00227,0.00559,0.34213,0.12855,0.0037,0.08246,0.266,0.00288,0.00489,0.34521,0.12558,0.00297,0.08422
689,1777810760791,Neutral,0.266,0.00224,0.00894,0.341,0.13262,0.00344,0.08321,0.266,0.00269,0.00611,0.34394,0.12769,0.00312,0.08392
690,1777810760826,Neutral,0.25966,0.00199,0.01309,0.34154,0.1324,0.00254,0.08326,0.2641,0.00248,0.0082,0.34322,0.12911,0.00294,0.08372
691,1777810760859,Neutral,0.25822,0.00199,0.01414,0.33576,0.13148,0.00121,0.08372,0.26234,0.00233,0.00998,0.34098,0.12982,0.00242,0.08372
692,1777810760892,Neutral,0.26119,0.0018,0.01461,0.3358,0.13144,0.00015,0.08439,0.26199,0.00217,0.01137,0.33943,0.13031,0.00174,0.08392
693,1777810760959,Happy,0.26367,0.00175,0.0132,0.33186,0.12787,0.00057,0.08716,0.2625,0.00205,0.01192,0.33716,0.12957,0.00139,0.08489
694,1777810760993,Happy,0.29221,0.0063,0.01391,0.33367,0.12565,0.00408,0.08725,0.27141,0.00332,0.01252,0.33611,0.1284,0.0022,0.0856
695,1777810761059,Neutral,0.29414,0.00373,0.00864,0.33456,0.12634,0.00367,0.08747,0.27823,0.00344,0.01135,0.33565,0.12778,0.00264,0.08616
696,1777810761092,Neutral,0.28265,0.00307,0.00576,0.33728,0.12587,0.00354,0.08745,0.27955,0.00333,0.00968,0.33614,0.12721,0.00291,0.08655
697,1777810761126,Neutral,0.28284,0.00226,-0.00115,0.3261,0.12567,0.00268,0.08914,0.28054,0.00301,0.00643,0.33313,0.12675,0.00284,0.08732
698,1777810761160,Neutral,0.2327,0.00136,-0.00179,0.3222,0.13788,0.00402,0.08372,0.26619,0.00252,0.00396,0.32985,0.13009,0.00319,0.08624
699,1777810761194,Neutral,0.22574,0.00293,-0.00011,0.32452,0.13774,0.00126,0.0858,0.25405,0.00264,0.00274,0.32825,0.13238,0.00261,0.08611
700,1777810761260,Neutral,0.23585,0.004,-0.00071,0.32347,0.13615,0.00167,0.08739,0.24859,0.00305,0.00171,0.32682,0.13351,0.00233,0.08649
701,1777810761293,Neutral,0.24262,0.00493,-0.00014,0.32512,0.13574,0.00147,0.08892,0.2468,0.00361,0.00115,0.32631,0.13418,0.00207,0.08722
702,1777810761358,Neutral,0.24741,0.00381,0.00062,0.32507,0.13229,0.00016,0.08737,0.24698,0.00367,0.00099,0.32594,0.13361,0.0015,0.08727
703,1777810761393,Neutral,0.24582,0.00412,0.00192,0.32621,0.1361,0.00044,0.0898,0.24664,0.00381,0.00127,0.32602,0.13436,0.00118,0.08802
704,1777810761426,Neutral,0.25178,0.00417,0.00143,0.32569,0.13657,0.00105,0.0904,0.24818,0.00392,0.00132,0.32592,0.13502,0.00114,0.08874
705,1777810761460,Neutral,0.25214,0.00581,0.00157,0.32596,0.13468,0.00211,0.09126,0.24937,0.00448,0.00139,0.32593,0.13492,0.00143,0.08949
706,1777810761493,Neutral,0.26967,0.00698,0.00161,0.32546,0.12822,0.00338,0.0925,0.25546,0.00523,0.00146,0.32579,0.13291,0.00202,0.09039
707,1777810761527,Neutral,0.29291,0.00614,0.00196,0.32595,0.12179,0.00395,0.09229,0.26669,0.0055,0.00161,0.32584,0.12957,0.0026,0.09096
708,1777810761560,Neutral,0.3023,0.00324,0.00311,0.32592,0.11951,0.0033,0.09231,0.27737,0.00482,0.00206,0.32586,0.12656,0.00281,0.09137
709,1777810761593,Neutral,0.29648,0.00299,0.00306,0.32844,0.12174,0.00589,0.09198,0.28311,0.00427,0.00236,0.32663,0.12511,0.00373,0.09155
710,1777810761626,Neutral,0.29451,0.00404,0.0033,0.32598,0.12151,0.00863,0.09182,0.28653,0.0042,0.00264,0.32644,0.12403,0.0052,0.09163
711,1777810761660,Neutral,0.29229,0.00435,0.00265,0.32414,0.12203,0.01022,0.0928,0.28826,0.00425,0.00264,0.32575,0.12343,0.00671,0.09198
712,1777810761693,Neutral,0.29971,0.00491,0.00137,0.32433,0.12016,0.01232,0.09318,0.29169,0.00445,0.00226,0.32532,0.12245,0.00839,0.09234
713,1777810761760,Neutral,0.31531,0.00589,6e-05,0.31785,0.11737,0.01419,0.0919,0.29878,0.00488,0.0016,0.32308,0.12092,0.01013,0.09221
714,1777810761793,Neutral,0.31789,0.00815,-0.00182,0.3189,0.11664,0.01467,0.09266,0.30451,0.00586,0.00058,0.32183,0.11964,0.01149,0.09234
715,1777810761826,Neutral,0.32073,0.01683,-0.00365,0.31769,0.11594,0.01526,0.09249,0.30938,0.00915,-0.00069,0.32059,0.11853,0.01263,0.09239
716,1777810761860,Neutral,0.32077,0.02484,-0.00559,0.3197,0.11581,0.01394,0.09138,0.3128,0.01386,-0.00216,0.32032,0.11771,0.01302,0.09208
717,1777810761892,Neutral,0.31466,0.02422,-0.00538,0.32209,0.11665,0.01213,0.09051,0.31336,0.01697,-0.00313,0.32085,0.11739,0.01275,0.09161
718,1777810761926,Neutral,0.30111,0.02376,-0.00475,0.324,0.12141,0.0102,0.08871,0.30968,0.01901,-0.00361,0.32179,0.1186,0.01198,0.09074
719,1777810761960,Neutral,0.27347,0.02216,-0.00335,0.32404,0.12901,0.00953,0.08934,0.29882,0.01995,-0.00353,0.32247,0.12172,0.01125,0.09032
720,1777810761993,Neutral,0.22406,0.02069,-0.00297,0.32364,0.13743,0.00937,0.08959,0.27639,0.02017,-0.00337,0.32282,0.12644,0.01068,0.0901
721,1777810762060,Neutral,0.19904,0.02504,-0.00542,0.32261,0.14402,0.00777,0.0884,0.25319,0.02163,-0.00398,0.32276,0.13171,0.00981,0.08959
722,1777810762125,Neutral,0.19662,0.02555,-0.00558,0.3226,0.14602,0.0063,0.08825,0.23622,0.02281,-0.00446,0.32271,0.136,0.00876,0.08919
723,1777810762159,Neutral,0.20086,0.03375,-0.00583,0.31928,0.14599,0.00617,0.08874,0.22561,0.02609,-0.00487,0.32168,0.139,0.00798,0.08905
724,1777810762225,Neutral,0.2076,0.04818,-0.00877,0.32018,0.14471,0.00376,0.08751,0.22021,0.03272,-0.00604,0.32123,0.14071,0.00671,0.08859
725,1777810762259,Neutral,0.21032,0.04827,-0.00852,0.32065,0.14398,0.0028,0.08764,0.21724,0.03738,-0.00678,0.32106,0.14169,0.00554,0.08831
726,1777810762293,Neutral,0.21175,0.04836,-0.00811,0.32009,0.14345,0.00274,0.08797,0.21559,0.04068,-0.00718,0.32077,0.14222,0.0047,0.08821
